value,canonical_type,confidence,types_found,count_per_type,entities_to_reclassify,edges_affected
Deep Orient,LOCATION,moderate,LOCATION; ORGANIZATION,LOCATION=259; ORGANIZATION=67,1,67
HPU,ORGANIZATION,ambiguous,BODY_PART; EQUIPMENT; LOCATION; ORGANIZATION,ORGANIZATION=54; EQUIPMENT=41; LOCATION=14; BODY_PART=1,3,56
Deep Energy,LOCATION,moderate,LOCATION; ORGANIZATION,LOCATION=217; ORGANIZATION=55,1,55
Skandi Africa,LOCATION,moderate,LOCATION; ORGANIZATION,LOCATION=169; ORGANIZATION=54,1,54
Deep Blue,LOCATION,high,LOCATION; ORGANIZATION,LOCATION=344; ORGANIZATION=45,1,45
clinic,ORGANIZATION,moderate,LOCATION; ORGANIZATION,ORGANIZATION=55; LOCATION=34,1,34
3rd level clinic,LOCATION,moderate,EQUIPMENT; LOCATION; ORGANIZATION,LOCATION=79; ORGANIZATION=29; EQUIPMENT=1,2,30
TMS,LOCATION,moderate,EQUIPMENT; LOCATION; ORGANIZATION,LOCATION=36; ORGANIZATION=14; EQUIPMENT=11,2,25
FLT,ORGANIZATION,moderate,EQUIPMENT; LOCATION; ORGANIZATION,ORGANIZATION=26; EQUIPMENT=24; LOCATION=1,2,25
Deep Explorer,LOCATION,high,EQUIPMENT; LOCATION; ORGANIZATION,LOCATION=210; ORGANIZATION=17; EQUIPMENT=8,2,25
table,LOCATION,moderate,BODY_PART; EQUIPMENT; LOCATION,LOCATION=31; EQUIPMENT=22; BODY_PART=2,2,24
door,LOCATION,moderate,BODY_PART; EQUIPMENT; LOCATION,LOCATION=25; BODY_PART=13; EQUIPMENT=9,2,22
vessel,LOCATION,moderate,BODY_PART; LOCATION; ORGANIZATION,LOCATION=35; ORGANIZATION=18; BODY_PART=2,2,20
umbilical,EQUIPMENT,moderate,BODY_PART; EQUIPMENT,EQUIPMENT=40; BODY_PART=19,1,19
North Sea Atlantic,LOCATION,high,EQUIPMENT; LOCATION; ORGANIZATION,LOCATION=203; ORGANIZATION=17; EQUIPMENT=2,2,19
pipe,EQUIPMENT,moderate,BODY_PART; EQUIPMENT; LOCATION,EQUIPMENT=32; BODY_PART=11; LOCATION=7,2,18
STBD,ORGANIZATION,moderate,LOCATION; ORGANIZATION,ORGANIZATION=20; LOCATION=17,1,17
forks,EQUIPMENT,high,BODY_PART; EQUIPMENT,EQUIPMENT=84; BODY_PART=16,1,16
floor,LOCATION,high,BODY_PART; LOCATION,LOCATION=263; BODY_PART=16,1,16
STU,ORGANIZATION,moderate,LOCATION; ORGANIZATION,ORGANIZATION=18; LOCATION=16,1,16
platform,LOCATION,moderate,EQUIPMENT; LOCATION; ORGANIZATION,LOCATION=35; EQUIPMENT=12; ORGANIZATION=3,2,15
DP,LOCATION,moderate,LOCATION; ORGANIZATION,LOCATION=30; ORGANIZATION=14,1,14
gate,LOCATION,moderate,EQUIPMENT; LOCATION,LOCATION=19; EQUIPMENT=14,1,14
Train 1,EQUIPMENT,moderate,EQUIPMENT; LOCATION,EQUIPMENT=17; LOCATION=14,1,14
XT,EQUIPMENT,high,EQUIPMENT; LOCATION; ORGANIZATION,EQUIPMENT=68; LOCATION=10; ORGANIZATION=4,2,14
TBT,ORGANIZATION,moderate,EQUIPMENT; INJURY_TYPE; LOCATION; ORGANIZATION,ORGANIZATION=40; LOCATION=7; EQUIPMENT=4; INJURY_TYPE=2,3,13
IP,ORGANIZATION,high,BODY_PART; EQUIPMENT; LOCATION; ORGANIZATION,ORGANIZATION=862; EQUIPMENT=7; BODY_PART=4; LOCATION=2,3,13
Kaombo Project,LOCATION,moderate,LOCATION; ORGANIZATION,LOCATION=14; ORGANIZATION=13,1,13
OHC,ORGANIZATION,moderate,EQUIPMENT; LOCATION; ORGANIZATION,ORGANIZATION=17; LOCATION=11; EQUIPMENT=2,2,13
local hospital,ORGANIZATION,moderate,LOCATION; ORGANIZATION,ORGANIZATION=25; LOCATION=12,1,12
Deep Discoverer,LOCATION,high,EQUIPMENT; LOCATION; ORGANIZATION,LOCATION=149; ORGANIZATION=8; EQUIPMENT=4,2,12
factory,LOCATION,moderate,LOCATION; ORGANIZATION,LOCATION=17; ORGANIZATION=12,1,12
ambulance,EQUIPMENT,moderate,EQUIPMENT; ORGANIZATION,EQUIPMENT=42; ORGANIZATION=12,1,12
VHAM,ORGANIZATION,moderate,EQUIPMENT; LOCATION; ORGANIZATION,ORGANIZATION=19; EQUIPMENT=8; LOCATION=3,2,11
SST,ORGANIZATION,moderate,EQUIPMENT; ORGANIZATION,ORGANIZATION=25; EQUIPMENT=11,1,11
MEWP,EQUIPMENT,moderate,EQUIPMENT; ORGANIZATION,EQUIPMENT=21; ORGANIZATION=11,1,11
Deep Arctic,LOCATION,high,LOCATION; ORGANIZATION,LOCATION=216; ORGANIZATION=10,1,10
yard,LOCATION,high,LOCATION; ORGANIZATION,LOCATION=101; ORGANIZATION=10,1,10
site clinic,ORGANIZATION,moderate,LOCATION; ORGANIZATION,ORGANIZATION=17; LOCATION=10,1,10
A&R,EQUIPMENT,ambiguous,EQUIPMENT; LOCATION; ORGANIZATION,EQUIPMENT=10; ORGANIZATION=8; LOCATION=2,2,10
VLS,ORGANIZATION,high,EQUIPMENT; LOCATION; ORGANIZATION,ORGANIZATION=42; LOCATION=8; EQUIPMENT=2,2,10
SCM,ORGANIZATION,moderate,EQUIPMENT; ORGANIZATION,ORGANIZATION=21; EQUIPMENT=10,1,10
FAS,LOCATION,moderate,LOCATION; ORGANIZATION,LOCATION=13; ORGANIZATION=10,1,10
Deep Star,ORGANIZATION,moderate,EQUIPMENT; LOCATION; ORGANIZATION,ORGANIZATION=23; LOCATION=8; EQUIPMENT=2,2,10
level 3 clinic,ORGANIZATION,moderate,LOCATION; ORGANIZATION,ORGANIZATION=13; LOCATION=10,1,10
TPU,ORGANIZATION,moderate,LOCATION; ORGANIZATION,ORGANIZATION=18; LOCATION=9,1,9
shop,LOCATION,high,LOCATION; ORGANIZATION,LOCATION=54; ORGANIZATION=9,1,9
scaffolding platform,EQUIPMENT,moderate,EQUIPMENT; LOCATION,EQUIPMENT=12; LOCATION=9,1,9
Compressor B,EQUIPMENT,moderate,EQUIPMENT; LOCATION,EQUIPMENT=21; LOCATION=9,1,9
PTW,ORGANIZATION,moderate,EQUIPMENT; ORGANIZATION,ORGANIZATION=32; EQUIPMENT=9,1,9
container,EQUIPMENT,moderate,EQUIPMENT; LOCATION,EQUIPMENT=17; LOCATION=8,1,8
wound,INJURY_TYPE,moderate,BODY_PART; INJURY_TYPE,INJURY_TYPE=23; BODY_PART=8,1,8
PTJ FAS,ORGANIZATION,moderate,LOCATION; ORGANIZATION,ORGANIZATION=29; LOCATION=8,1,8
Wellservicer,LOCATION,high,LOCATION; ORGANIZATION,LOCATION=46; ORGANIZATION=8,1,8
Spoolbase,LOCATION,ambiguous,LOCATION; ORGANIZATION,LOCATION=8; ORGANIZATION=8,1,8
BOG Compressor,ORGANIZATION,moderate,EQUIPMENT; LOCATION; ORGANIZATION,ORGANIZATION=12; LOCATION=6; EQUIPMENT=2,2,8
TH,EQUIPMENT,ambiguous,BODY_PART; EQUIPMENT; LOCATION; ORGANIZATION,EQUIPMENT=6; LOCATION=4; ORGANIZATION=3; BODY_PART=1,3,8
North Sea Giant,LOCATION,high,LOCATION; ORGANIZATION,LOCATION=78; ORGANIZATION=7,1,7
fork,EQUIPMENT,moderate,BODY_PART; EQUIPMENT,EQUIPMENT=12; BODY_PART=7,1,7
Spitzer,ORGANIZATION,moderate,LOCATION; ORGANIZATION,ORGANIZATION=11; LOCATION=7,1,7
THRT,EQUIPMENT,moderate,EQUIPMENT; LOCATION; ORGANIZATION,EQUIPMENT=11; ORGANIZATION=5; LOCATION=2,2,7
OHPL,EQUIPMENT,ambiguous,EQUIPMENT; LOCATION; ORGANIZATION,EQUIPMENT=4; ORGANIZATION=4; LOCATION=3,2,7
LNG Plant,LOCATION,moderate,LOCATION; ORGANIZATION,LOCATION=27; ORGANIZATION=7,1,7
CVB,EQUIPMENT,moderate,BODY_PART; EQUIPMENT; LOCATION; ORGANIZATION,EQUIPMENT=8; ORGANIZATION=4; LOCATION=2; BODY_PART=1,3,7
Wellhead,LOCATION,moderate,EQUIPMENT; LOCATION; ORGANIZATION,LOCATION=14; EQUIPMENT=5; ORGANIZATION=2,2,7
OVLS,ORGANIZATION,moderate,EQUIPMENT; LOCATION; ORGANIZATION,ORGANIZATION=15; EQUIPMENT=6; LOCATION=1,2,7
nursery,LOCATION,high,LOCATION; ORGANIZATION,LOCATION=49; ORGANIZATION=7,1,7
Olympic Triton,LOCATION,moderate,LOCATION; ORGANIZATION,LOCATION=13; ORGANIZATION=7,1,7
working platform,EQUIPMENT,ambiguous,EQUIPMENT; LOCATION,EQUIPMENT=7; LOCATION=7,1,7
ECR,ORGANIZATION,moderate,LOCATION; ORGANIZATION,ORGANIZATION=24; LOCATION=7,1,7
Sabetta,LOCATION,high,LOCATION; ORGANIZATION,LOCATION=1061; ORGANIZATION=6,1,6
BOP,EQUIPMENT,moderate,EQUIPMENT; LOCATION; ORGANIZATION,EQUIPMENT=10; LOCATION=3; ORGANIZATION=3,2,6
TCF,LOCATION,ambiguous,LOCATION; ORGANIZATION,LOCATION=6; ORGANIZATION=6,1,6
MQC,EQUIPMENT,ambiguous,EQUIPMENT; LOCATION; ORGANIZATION,EQUIPMENT=6; ORGANIZATION=5; LOCATION=1,2,6
UTA,ORGANIZATION,moderate,EQUIPMENT; ORGANIZATION,ORGANIZATION=14; EQUIPMENT=6,1,6
deck,LOCATION,high,BODY_PART; LOCATION,LOCATION=333; BODY_PART=6,1,6
work table,LOCATION,moderate,EQUIPMENT; LOCATION,LOCATION=17; EQUIPMENT=6,1,6
test stand,EQUIPMENT,ambiguous,EQUIPMENT; LOCATION,EQUIPMENT=6; LOCATION=6,1,6
flange,EQUIPMENT,moderate,BODY_PART; EQUIPMENT,EQUIPMENT=16; BODY_PART=6,1,6
SOPEP,EQUIPMENT,moderate,EQUIPMENT; ORGANIZATION,EQUIPMENT=9; ORGANIZATION=6,1,6
VLS table,EQUIPMENT,moderate,EQUIPMENT; LOCATION,EQUIPMENT=7; LOCATION=6,1,6
helmet,EQUIPMENT,high,BODY_PART; EQUIPMENT,EQUIPMENT=47; BODY_PART=6,1,6
Kongsberg,LOCATION,high,LOCATION; ORGANIZATION,LOCATION=276; ORGANIZATION=6,1,6
ceiling,LOCATION,moderate,BODY_PART; LOCATION,LOCATION=8; BODY_PART=6,1,6
hub,LOCATION,moderate,EQUIPMENT; LOCATION,LOCATION=7; EQUIPMENT=6,1,6
PSV,ORGANIZATION,moderate,EQUIPMENT; ORGANIZATION,ORGANIZATION=12; EQUIPMENT=6,1,6
bucket,EQUIPMENT,high,BODY_PART; EQUIPMENT,EQUIPMENT=26; BODY_PART=6,1,6
PLET,EQUIPMENT,ambiguous,EQUIPMENT; LOCATION; ORGANIZATION,EQUIPMENT=6; LOCATION=4; ORGANIZATION=2,2,6
Bridge,ORGANIZATION,high,EQUIPMENT; ORGANIZATION,ORGANIZATION=72; EQUIPMENT=6,1,6
pallet,EQUIPMENT,high,EQUIPMENT; LOCATION,EQUIPMENT=170; LOCATION=6,1,6
SPMT,ORGANIZATION,moderate,EQUIPMENT; LOCATION; ORGANIZATION,ORGANIZATION=7; EQUIPMENT=3; LOCATION=3,2,6
Deep Pioneer,LOCATION,high,EQUIPMENT; LOCATION; ORGANIZATION,LOCATION=24; ORGANIZATION=4; EQUIPMENT=1,2,5
shelf,LOCATION,moderate,EQUIPMENT; LOCATION,LOCATION=8; EQUIPMENT=5,1,5
Global 1201,LOCATION,high,EQUIPMENT; LOCATION; ORGANIZATION,LOCATION=95; EQUIPMENT=4; ORGANIZATION=1,2,5
stairs,LOCATION,high,BODY_PART; LOCATION,LOCATION=26; BODY_PART=5,1,5
MCV,ORGANIZATION,moderate,EQUIPMENT; ORGANIZATION,ORGANIZATION=6; EQUIPMENT=5,1,5
EPI,EQUIPMENT,moderate,EQUIPMENT; ORGANIZATION,EQUIPMENT=8; ORGANIZATION=5,1,5
Topside,ORGANIZATION,moderate,BODY_PART; LOCATION; ORGANIZATION,ORGANIZATION=18; LOCATION=4; BODY_PART=1,2,5
ILT,EQUIPMENT,moderate,EQUIPMENT; LOCATION,EQUIPMENT=9; LOCATION=5,1,5
WROV,EQUIPMENT,moderate,EQUIPMENT; ORGANIZATION,EQUIPMENT=6; ORGANIZATION=5,1,5
FPSO,EQUIPMENT,ambiguous,EQUIPMENT; LOCATION; ORGANIZATION,EQUIPMENT=3; ORGANIZATION=3; LOCATION=2,2,5
Train 3,LOCATION,high,EQUIPMENT; LOCATION; ORGANIZATION,LOCATION=40; EQUIPMENT=4; ORGANIZATION=1,2,5
HFL,EQUIPMENT,ambiguous,EQUIPMENT; LOCATION; ORGANIZATION,EQUIPMENT=4; ORGANIZATION=3; LOCATION=2,2,5
A&E,LOCATION,moderate,LOCATION; ORGANIZATION,LOCATION=13; ORGANIZATION=5,1,5
SFL,ORGANIZATION,moderate,EQUIPMENT; ORGANIZATION,ORGANIZATION=8; EQUIPMENT=5,1,5
Sabratha platform,LOCATION,ambiguous,EQUIPMENT; LOCATION; ORGANIZATION,LOCATION=5; ORGANIZATION=4; EQUIPMENT=1,2,5
SONILS,ORGANIZATION,moderate,LOCATION; ORGANIZATION,ORGANIZATION=8; LOCATION=5,1,5
Shawcor,ORGANIZATION,high,LOCATION; ORGANIZATION,ORGANIZATION=48; LOCATION=5,1,5
canteen,LOCATION,moderate,EQUIPMENT; LOCATION; ORGANIZATION,LOCATION=17; ORGANIZATION=3; EQUIPMENT=2,2,5
mast,BODY_PART,ambiguous,BODY_PART; EQUIPMENT; LOCATION,BODY_PART=5; EQUIPMENT=4; LOCATION=1,2,5
medical centre,ORGANIZATION,moderate,LOCATION; ORGANIZATION,ORGANIZATION=6; LOCATION=5,1,5
CCB,ORGANIZATION,moderate,LOCATION; ORGANIZATION,ORGANIZATION=18; LOCATION=5,1,5
box,EQUIPMENT,moderate,EQUIPMENT; LOCATION,EQUIPMENT=15; LOCATION=5,1,5
Olympic Challenger,LOCATION,high,EQUIPMENT; LOCATION; ORGANIZATION,LOCATION=45; ORGANIZATION=3; EQUIPMENT=2,2,5
SSIV,EQUIPMENT,ambiguous,EQUIPMENT; LOCATION; ORGANIZATION,EQUIPMENT=5; LOCATION=3; ORGANIZATION=2,2,5
glove,EQUIPMENT,moderate,BODY_PART; EQUIPMENT,EQUIPMENT=9; BODY_PART=4,1,4
lifting eye,EQUIPMENT,moderate,BODY_PART; EQUIPMENT,EQUIPMENT=10; BODY_PART=4,1,4
HLV,ORGANIZATION,moderate,LOCATION; ORGANIZATION,ORGANIZATION=9; LOCATION=4,1,4
rig,EQUIPMENT,moderate,EQUIPMENT; LOCATION; ORGANIZATION,EQUIPMENT=12; LOCATION=2; ORGANIZATION=2,2,4
gangway,LOCATION,moderate,BODY_PART; EQUIPMENT; LOCATION,LOCATION=10; EQUIPMENT=3; BODY_PART=1,2,4
light plant,LOCATION,ambiguous,EQUIPMENT; LOCATION; ORGANIZATION,LOCATION=3; EQUIPMENT=2; ORGANIZATION=2,2,4
Gibdock,ORGANIZATION,moderate,LOCATION; ORGANIZATION,ORGANIZATION=5; LOCATION=4,1,4
HP Flare,ORGANIZATION,moderate,LOCATION; ORGANIZATION,ORGANIZATION=7; LOCATION=4,1,4
Romashka,LOCATION,moderate,LOCATION; ORGANIZATION,LOCATION=8; ORGANIZATION=4,1,4
bell,LOCATION,high,BODY_PART; LOCATION,LOCATION=17; BODY_PART=4,1,4
nursing,ORGANIZATION,moderate,LOCATION; ORGANIZATION,ORGANIZATION=13; LOCATION=4,1,4
bonnet,EQUIPMENT,moderate,BODY_PART; EQUIPMENT,EQUIPMENT=6; BODY_PART=4,1,4
G202,LOCATION,moderate,EQUIPMENT; LOCATION,LOCATION=5; EQUIPMENT=4,1,4
wall,LOCATION,high,BODY_PART; LOCATION,LOCATION=23; BODY_PART=4,1,4
grating,EQUIPMENT,moderate,EQUIPMENT; LOCATION,EQUIPMENT=6; LOCATION=4,1,4
IVMS,ORGANIZATION,moderate,EQUIPMENT; ORGANIZATION,ORGANIZATION=7; EQUIPMENT=4,1,4
PHD,EQUIPMENT,ambiguous,EQUIPMENT; LOCATION; ORGANIZATION,EQUIPMENT=3; LOCATION=3; ORGANIZATION=1,2,4
PLR,EQUIPMENT,moderate,EQUIPMENT; LOCATION; ORGANIZATION,EQUIPMENT=6; LOCATION=3; ORGANIZATION=1,2,4
bed,BODY_PART,moderate,BODY_PART; LOCATION,BODY_PART=6; LOCATION=4,1,4
Evanton Spoolbase,LOCATION,high,EQUIPMENT; LOCATION; ORGANIZATION,LOCATION=149; ORGANIZATION=3; EQUIPMENT=1,2,4
LRP,EQUIPMENT,moderate,EQUIPMENT; LOCATION; ORGANIZATION,EQUIPMENT=9; ORGANIZATION=3; LOCATION=1,2,4
VDR,ORGANIZATION,moderate,EQUIPMENT; ORGANIZATION,ORGANIZATION=7; EQUIPMENT=4,1,4
worktable,EQUIPMENT,moderate,EQUIPMENT; LOCATION,EQUIPMENT=5; LOCATION=4,1,4
scaffold platform,LOCATION,moderate,EQUIPMENT; LOCATION,LOCATION=16; EQUIPMENT=4,1,4
fender,BODY_PART,moderate,BODY_PART; EQUIPMENT,BODY_PART=10; EQUIPMENT=4,1,4
module,EQUIPMENT,moderate,EQUIPMENT; LOCATION,EQUIPMENT=6; LOCATION=4,1,4
test stump,BODY_PART,ambiguous,BODY_PART; EQUIPMENT,BODY_PART=4; EQUIPMENT=4,1,4
Engine Control Room,LOCATION,moderate,LOCATION; ORGANIZATION,LOCATION=7; ORGANIZATION=4,1,4
s. Sabetta,LOCATION,moderate,LOCATION; ORGANIZATION,LOCATION=12; ORGANIZATION=4,1,4
Sabetta clinic,ORGANIZATION,moderate,LOCATION; ORGANIZATION,ORGANIZATION=9; LOCATION=4,1,4
CCR,LOCATION,ambiguous,LOCATION; ORGANIZATION,LOCATION=4; ORGANIZATION=4,1,4
ground,LOCATION,high,BODY_PART; LOCATION,LOCATION=265; BODY_PART=4,1,4
work platform,EQUIPMENT,moderate,EQUIPMENT; LOCATION,EQUIPMENT=5; LOCATION=4,1,4
UPS,ORGANIZATION,moderate,EQUIPMENT; ORGANIZATION,ORGANIZATION=8; EQUIPMENT=4,1,4
Bahr Essalam Project,LOCATION,ambiguous,LOCATION; ORGANIZATION,LOCATION=4; ORGANIZATION=4,1,4
restaurant,LOCATION,moderate,LOCATION; ORGANIZATION,LOCATION=6; ORGANIZATION=3,1,3
ROV team,ORGANIZATION,high,EQUIPMENT; ORGANIZATION,ORGANIZATION=14; EQUIPMENT=3,1,3
G1200,EQUIPMENT,moderate,EQUIPMENT; ORGANIZATION,EQUIPMENT=5; ORGANIZATION=3,1,3
G1201,EQUIPMENT,moderate,EQUIPMENT; ORGANIZATION,EQUIPMENT=6; ORGANIZATION=3,1,3
UEH,EQUIPMENT,moderate,EQUIPMENT; LOCATION; ORGANIZATION,EQUIPMENT=5; LOCATION=2; ORGANIZATION=1,2,3
refinery,LOCATION,moderate,LOCATION; ORGANIZATION,LOCATION=10; ORGANIZATION=3,1,3
ROU12,EQUIPMENT,ambiguous,EQUIPMENT; LOCATION; ORGANIZATION,EQUIPMENT=2; LOCATION=2; ORGANIZATION=1,2,3
Rosebank,LOCATION,ambiguous,LOCATION; ORGANIZATION,LOCATION=3; ORGANIZATION=3,1,3
hanger,EQUIPMENT,moderate,EQUIPMENT; LOCATION,EQUIPMENT=5; LOCATION=3,1,3
Fier Hospital,LOCATION,ambiguous,LOCATION; ORGANIZATION,LOCATION=3; ORGANIZATION=3,1,3
guindaste,EQUIPMENT,high,BODY_PART; EQUIPMENT; ORGANIZATION,EQUIPMENT=13; ORGANIZATION=2; BODY_PART=1,2,3
UTH,EQUIPMENT,ambiguous,EQUIPMENT; LOCATION; ORGANIZATION,EQUIPMENT=3; LOCATION=2; ORGANIZATION=1,2,3
SDU,EQUIPMENT,ambiguous,EQUIPMENT; LOCATION; ORGANIZATION,EQUIPMENT=3; LOCATION=2; ORGANIZATION=1,2,3
hardhat,BODY_PART,ambiguous,BODY_PART; EQUIPMENT,BODY_PART=3; EQUIPMENT=3,1,3
guard,BODY_PART,ambiguous,BODY_PART; EQUIPMENT; ORGANIZATION,BODY_PART=2; EQUIPMENT=2; ORGANIZATION=1,2,3
office building,LOCATION,moderate,LOCATION; ORGANIZATION,LOCATION=9; ORGANIZATION=3,1,3
ramp,LOCATION,moderate,EQUIPMENT; LOCATION,LOCATION=11; EQUIPMENT=3,1,3
grill,BODY_PART,moderate,BODY_PART; EQUIPMENT,BODY_PART=7; EQUIPMENT=3,1,3
Manitou,ORGANIZATION,moderate,EQUIPMENT; LOCATION; ORGANIZATION,ORGANIZATION=4; EQUIPMENT=2; LOCATION=1,2,3
offsite medical,LOCATION,moderate,LOCATION; ORGANIZATION,LOCATION=8; ORGANIZATION=3,1,3
TFMC,ORGANIZATION,high,LOCATION; ORGANIZATION,ORGANIZATION=336; LOCATION=3,1,3
bobin,EQUIPMENT,high,BODY_PART; EQUIPMENT; ORGANIZATION,EQUIPMENT=13; BODY_PART=2; ORGANIZATION=1,2,3
Skandi Vitoria,LOCATION,high,LOCATION; ORGANIZATION,LOCATION=107; ORGANIZATION=3,1,3
THD,EQUIPMENT,ambiguous,EQUIPMENT; LOCATION; ORGANIZATION,EQUIPMENT=3; ORGANIZATION=2; LOCATION=1,2,3
THMRT,EQUIPMENT,ambiguous,EQUIPMENT; ORGANIZATION,EQUIPMENT=3; ORGANIZATION=3,1,3
LOTO,ORGANIZATION,moderate,LOCATION; ORGANIZATION,ORGANIZATION=5; LOCATION=3,1,3
medical facility,LOCATION,ambiguous,LOCATION; ORGANIZATION,LOCATION=3; ORGANIZATION=3,1,3
external hospital,ORGANIZATION,moderate,LOCATION; ORGANIZATION,ORGANIZATION=5; LOCATION=3,1,3
Normand Progress,LOCATION,moderate,LOCATION; ORGANIZATION,LOCATION=6; ORGANIZATION=3,1,3
TMP module,LOCATION,ambiguous,EQUIPMENT; LOCATION; ORGANIZATION,LOCATION=3; ORGANIZATION=2; EQUIPMENT=1,2,3
paint shop,ORGANIZATION,moderate,LOCATION; ORGANIZATION,ORGANIZATION=4; LOCATION=3,1,3
JCB,EQUIPMENT,moderate,EQUIPMENT; ORGANIZATION,EQUIPMENT=4; ORGANIZATION=3,1,3
OSB,LOCATION,ambiguous,LOCATION; ORGANIZATION,LOCATION=3; ORGANIZATION=3,1,3
Island Constructor,LOCATION,moderate,LOCATION; ORGANIZATION,LOCATION=11; ORGANIZATION=3,1,3
TPH,ORGANIZATION,moderate,LOCATION; ORGANIZATION,ORGANIZATION=6; LOCATION=3,1,3
Olympic Delta,LOCATION,high,LOCATION; ORGANIZATION,LOCATION=15; ORGANIZATION=3,1,3
TRA,ORGANIZATION,moderate,EQUIPMENT; ORGANIZATION,ORGANIZATION=8; EQUIPMENT=3,1,3
PAD,LOCATION,ambiguous,BODY_PART; LOCATION; ORGANIZATION,LOCATION=3; BODY_PART=2; ORGANIZATION=1,2,3
pinch point,LOCATION,moderate,BODY_PART; INJURY_TYPE; LOCATION,LOCATION=4; BODY_PART=2; INJURY_TYPE=1,2,3
IBC,EQUIPMENT,moderate,EQUIPMENT; LOCATION; ORGANIZATION,EQUIPMENT=11; LOCATION=2; ORGANIZATION=1,2,3
TRT,EQUIPMENT,moderate,EQUIPMENT; ORGANIZATION,EQUIPMENT=6; ORGANIZATION=3,1,3
TSF,LOCATION,high,LOCATION; ORGANIZATION,LOCATION=16; ORGANIZATION=3,1,3
TSM,EQUIPMENT,ambiguous,EQUIPMENT; ORGANIZATION,EQUIPMENT=3; ORGANIZATION=3,1,3
PTA,ORGANIZATION,moderate,EQUIPMENT; LOCATION; ORGANIZATION,ORGANIZATION=7; EQUIPMENT=2; LOCATION=1,2,3
Posh Skua,LOCATION,ambiguous,EQUIPMENT; LOCATION; ORGANIZATION,LOCATION=2; ORGANIZATION=2; EQUIPMENT=1,2,3
SRP module,LOCATION,ambiguous,EQUIPMENT; LOCATION; ORGANIZATION,LOCATION=3; EQUIPMENT=2; ORGANIZATION=1,2,3
rack,EQUIPMENT,high,EQUIPMENT; LOCATION,EQUIPMENT=29; LOCATION=3,1,3
PMA,LOCATION,ambiguous,EQUIPMENT; LOCATION; ORGANIZATION,LOCATION=3; ORGANIZATION=2; EQUIPMENT=1,2,3
bobine,EQUIPMENT,moderate,BODY_PART; EQUIPMENT,EQUIPMENT=5; BODY_PART=3,1,3
hand wheel,BODY_PART,ambiguous,BODY_PART; EQUIPMENT,BODY_PART=3; EQUIPMENT=3,1,3
Bourbon Emerald,LOCATION,ambiguous,EQUIPMENT; LOCATION; ORGANIZATION,LOCATION=2; ORGANIZATION=2; EQUIPMENT=1,2,3
shoe,BODY_PART,ambiguous,BODY_PART; EQUIPMENT,BODY_PART=3; EQUIPMENT=3,1,3
EHXT,ORGANIZATION,moderate,EQUIPMENT; ORGANIZATION,ORGANIZATION=5; EQUIPMENT=3,1,3
EDP,EQUIPMENT,moderate,EQUIPMENT; LOCATION; ORGANIZATION,EQUIPMENT=4; ORGANIZATION=2; LOCATION=1,2,3
Connex,EQUIPMENT,moderate,EQUIPMENT; ORGANIZATION,EQUIPMENT=4; ORGANIZATION=3,1,3
bank,ORGANIZATION,moderate,LOCATION; ORGANIZATION,ORGANIZATION=5; LOCATION=3,1,3
carrier,EQUIPMENT,ambiguous,EQUIPMENT; ORGANIZATION,EQUIPMENT=3; ORGANIZATION=3,1,3
car,EQUIPMENT,ambiguous,BODY_PART; EQUIPMENT; LOCATION,EQUIPMENT=2; LOCATION=2; BODY_PART=1,2,3
DJ,ORGANIZATION,moderate,LOCATION; ORGANIZATION,ORGANIZATION=5; LOCATION=3,1,3
vehicle,EQUIPMENT,moderate,EQUIPMENT; LOCATION; ORGANIZATION,EQUIPMENT=11; LOCATION=2; ORGANIZATION=1,2,3
wheel,BODY_PART,moderate,BODY_PART; EQUIPMENT,BODY_PART=6; EQUIPMENT=3,1,3
column,BODY_PART,ambiguous,BODY_PART; EQUIPMENT; LOCATION,BODY_PART=2; EQUIPMENT=2; LOCATION=1,2,3
stinger,EQUIPMENT,moderate,BODY_PART; EQUIPMENT; LOCATION,EQUIPMENT=6; BODY_PART=2; LOCATION=1,2,3
cage,EQUIPMENT,moderate,EQUIPMENT; LOCATION,EQUIPMENT=9; LOCATION=3,1,3
unihead,ORGANIZATION,moderate,BODY_PART; ORGANIZATION,ORGANIZATION=7; BODY_PART=3,1,3
B9,ORGANIZATION,moderate,LOCATION; ORGANIZATION,ORGANIZATION=9; LOCATION=3,1,3
Bell,ORGANIZATION,moderate,EQUIPMENT; ORGANIZATION,ORGANIZATION=7; EQUIPMENT=3,1,3
BE,LOCATION,ambiguous,LOCATION; ORGANIZATION,LOCATION=3; ORGANIZATION=3,1,3
Bay 5,LOCATION,moderate,LOCATION; ORGANIZATION,LOCATION=11; ORGANIZATION=3,1,3
basket,EQUIPMENT,high,BODY_PART; EQUIPMENT; LOCATION,EQUIPMENT=37; LOCATION=2; BODY_PART=1,2,3
trailer bed,LOCATION,moderate,EQUIPMENT; LOCATION,LOCATION=6; EQUIPMENT=3,1,3
EVDT,ORGANIZATION,moderate,EQUIPMENT; LOCATION; ORGANIZATION,ORGANIZATION=6; EQUIPMENT=2; LOCATION=1,2,3
window,BODY_PART,moderate,BODY_PART; EQUIPMENT; LOCATION,BODY_PART=12; EQUIPMENT=2; LOCATION=1,2,3
CMF,ORGANIZATION,high,LOCATION; ORGANIZATION,ORGANIZATION=34; LOCATION=3,1,3
work bench,EQUIPMENT,moderate,EQUIPMENT; LOCATION,EQUIPMENT=5; LOCATION=3,1,3
seat,BODY_PART,moderate,BODY_PART; EQUIPMENT,BODY_PART=4; EQUIPMENT=3,1,3
tank,EQUIPMENT,ambiguous,EQUIPMENT; LOCATION,EQUIPMENT=3; LOCATION=3,1,3
Utility,ORGANIZATION,moderate,LOCATION; ORGANIZATION,ORGANIZATION=5; LOCATION=3,1,3
3-rd level clinic,LOCATION,ambiguous,LOCATION; ORGANIZATION,LOCATION=3; ORGANIZATION=3,1,3
2nd level clinic,LOCATION,moderate,LOCATION; ORGANIZATION,LOCATION=9; ORGANIZATION=3,1,3
main gate,LOCATION,high,EQUIPMENT; LOCATION,LOCATION=11; EQUIPMENT=2,1,2
XLX94,EQUIPMENT,moderate,EQUIPMENT; ORGANIZATION,EQUIPMENT=6; ORGANIZATION=2,1,2
Normand Drott,LOCATION,high,LOCATION; ORGANIZATION,LOCATION=10; ORGANIZATION=2,1,2
Normand Installer,ORGANIZATION,moderate,EQUIPMENT; ORGANIZATION,ORGANIZATION=8; EQUIPMENT=2,1,2
Normand Pioneer,LOCATION,high,EQUIPMENT; LOCATION; ORGANIZATION,LOCATION=15; EQUIPMENT=1; ORGANIZATION=1,2,2
CNOOC Zhanjiang,LOCATION,ambiguous,LOCATION; ORGANIZATION,LOCATION=2; ORGANIZATION=2,1,2
Bahr Essalam,LOCATION,ambiguous,LOCATION; ORGANIZATION,LOCATION=2; ORGANIZATION=2,1,2
CODESA,LOCATION,ambiguous,LOCATION; ORGANIZATION,LOCATION=2; ORGANIZATION=2,1,2
MMH,LOCATION,ambiguous,LOCATION; ORGANIZATION,LOCATION=2; ORGANIZATION=2,1,2
canopy,EQUIPMENT,moderate,EQUIPMENT; LOCATION,EQUIPMENT=3; LOCATION=2,1,2
office,LOCATION,high,LOCATION; ORGANIZATION,LOCATION=69; ORGANIZATION=2,1,2
truck,EQUIPMENT,high,EQUIPMENT; LOCATION; ORGANIZATION,EQUIPMENT=77; LOCATION=1; ORGANIZATION=1,2,2
occupational clinic,ORGANIZATION,moderate,LOCATION; ORGANIZATION,ORGANIZATION=6; LOCATION=2,1,2
flowline,EQUIPMENT,moderate,EQUIPMENT; LOCATION,EQUIPMENT=4; LOCATION=2,1,2
OOO VelesstroyMontazh,ORGANIZATION,high,LOCATION; ORGANIZATION,ORGANIZATION=28; LOCATION=2,1,2
OOO Velesstroy medical ward,LOCATION,ambiguous,LOCATION; ORGANIZATION,LOCATION=2; ORGANIZATION=2,1,2
OCM,ORGANIZATION,high,EQUIPMENT; LOCATION; ORGANIZATION,ORGANIZATION=330; EQUIPMENT=1; LOCATION=1,2,2
Billy Pugh,ORGANIZATION,ambiguous,EQUIPMENT; LOCATION; ORGANIZATION,ORGANIZATION=2; EQUIPMENT=1; LOCATION=1,2,2
ML,LOCATION,moderate,LOCATION; ORGANIZATION,LOCATION=4; ORGANIZATION=2,1,2
café,ORGANIZATION,moderate,LOCATION; ORGANIZATION,ORGANIZATION=3; LOCATION=2,1,2
Site ambulance,EQUIPMENT,ambiguous,EQUIPMENT; ORGANIZATION,EQUIPMENT=2; ORGANIZATION=2,1,2
Neste,ORGANIZATION,moderate,LOCATION; ORGANIZATION,ORGANIZATION=6; LOCATION=2,1,2
MMY,LOCATION,moderate,LOCATION; ORGANIZATION,LOCATION=3; ORGANIZATION=2,1,2
CDHIQ,EQUIPMENT,ambiguous,EQUIPMENT; LOCATION; ORGANIZATION,EQUIPMENT=1; LOCATION=1; ORGANIZATION=1,2,2
CLAD 19,EQUIPMENT,ambiguous,EQUIPMENT; LOCATION; ORGANIZATION,EQUIPMENT=1; LOCATION=1; ORGANIZATION=1,2,2
CHU,ORGANIZATION,moderate,LOCATION; ORGANIZATION,ORGANIZATION=7; LOCATION=2,1,2
first aid station,LOCATION,moderate,EQUIPMENT; LOCATION,LOCATION=8; EQUIPMENT=2,1,2
CH,ORGANIZATION,moderate,EQUIPMENT; LOCATION; ORGANIZATION,ORGANIZATION=4; EQUIPMENT=1; LOCATION=1,2,2
mirror,EQUIPMENT,moderate,BODY_PART; EQUIPMENT,EQUIPMENT=5; BODY_PART=2,1,2
Meltec,ORGANIZATION,moderate,EQUIPMENT; ORGANIZATION,ORGANIZATION=3; EQUIPMENT=2,1,2
_x000D_,ORGANIZATION,moderate,LOCATION; ORGANIZATION,ORGANIZATION=8; LOCATION=2,1,2
finger,BODY_PART,high,BODY_PART; INJURY_TYPE,BODY_PART=224; INJURY_TYPE=2,1,2
trail,LOCATION,moderate,EQUIPMENT; LOCATION,LOCATION=8; EQUIPMENT=2,1,2
MSLS,EQUIPMENT,ambiguous,EQUIPMENT; LOCATION; ORGANIZATION,EQUIPMENT=1; LOCATION=1; ORGANIZATION=1,2,2
trailer,EQUIPMENT,high,EQUIPMENT; LOCATION,EQUIPMENT=74; LOCATION=2,1,2
FA,ORGANIZATION,moderate,INJURY_TYPE; ORGANIZATION,ORGANIZATION=7; INJURY_TYPE=2,1,2
mesa de trabalho,LOCATION,high,EQUIPMENT; LOCATION,LOCATION=10; EQUIPMENT=2,1,2
Sabetta’s third level clinic,LOCATION,ambiguous,LOCATION; ORGANIZATION,LOCATION=2; ORGANIZATION=2,1,2
medical clinic,ORGANIZATION,moderate,LOCATION; ORGANIZATION,ORGANIZATION=5; LOCATION=2,1,2
NDT,EQUIPMENT,ambiguous,EQUIPMENT; ORGANIZATION,EQUIPMENT=2; ORGANIZATION=2,1,2
NHT CCR,LOCATION,ambiguous,LOCATION; ORGANIZATION,LOCATION=2; ORGANIZATION=2,1,2
casing head,EQUIPMENT,moderate,BODY_PART; EQUIPMENT,EQUIPMENT=4; BODY_PART=2,1,2
carter,EQUIPMENT,moderate,BODY_PART; EQUIPMENT,EQUIPMENT=4; BODY_PART=2,1,2
NM,LOCATION,moderate,LOCATION; ORGANIZATION,LOCATION=3; ORGANIZATION=2,1,2
Skandi Vinland,LOCATION,ambiguous,LOCATION; ORGANIZATION,LOCATION=2; ORGANIZATION=2,1,2
Yokohama,ORGANIZATION,moderate,LOCATION; ORGANIZATION,ORGANIZATION=3; LOCATION=2,1,2
truck bed,LOCATION,moderate,BODY_PART; EQUIPMENT; LOCATION,LOCATION=4; BODY_PART=1; EQUIPMENT=1,2,2
PC37,EQUIPMENT,ambiguous,EQUIPMENT; ORGANIZATION,EQUIPMENT=2; ORGANIZATION=2,1,2
tubing head,EQUIPMENT,high,BODY_PART; EQUIPMENT,EQUIPMENT=22; BODY_PART=2,1,2
hood,BODY_PART,moderate,BODY_PART; EQUIPMENT,BODY_PART=6; EQUIPMENT=2,1,2
SPHL,LOCATION,moderate,LOCATION; ORGANIZATION,LOCATION=3; ORGANIZATION=2,1,2
weld shop,LOCATION,moderate,LOCATION; ORGANIZATION,LOCATION=5; ORGANIZATION=2,1,2
RLST,EQUIPMENT,ambiguous,EQUIPMENT; ORGANIZATION,EQUIPMENT=2; ORGANIZATION=2,1,2
guard rail,BODY_PART,moderate,BODY_PART; EQUIPMENT,BODY_PART=4; EQUIPMENT=2,1,2
ROV,EQUIPMENT,high,EQUIPMENT; ORGANIZATION,EQUIPMENT=279; ORGANIZATION=2,1,2
ROVCON,EQUIPMENT,ambiguous,EQUIPMENT; ORGANIZATION,EQUIPMENT=2; ORGANIZATION=2,1,2
SP8,EQUIPMENT,ambiguous,EQUIPMENT; LOCATION,EQUIPMENT=2; LOCATION=2,1,2
RWC,ORGANIZATION,ambiguous,INJURY_TYPE; LOCATION; ORGANIZATION,ORGANIZATION=2; INJURY_TYPE=1; LOCATION=1,2,2
A9,LOCATION,moderate,EQUIPMENT; LOCATION; ORGANIZATION,LOCATION=7; EQUIPMENT=1; ORGANIZATION=1,2,2
hotel,LOCATION,high,LOCATION; ORGANIZATION,LOCATION=17; ORGANIZATION=2,1,2
SP24,EQUIPMENT,moderate,EQUIPMENT; LOCATION; ORGANIZATION,EQUIPMENT=5; LOCATION=1; ORGANIZATION=1,2,2
bay door,LOCATION,moderate,EQUIPMENT; LOCATION,LOCATION=6; EQUIPMENT=2,1,2
Rigger,EQUIPMENT,ambiguous,BODY_PART; EQUIPMENT; ORGANIZATION,EQUIPMENT=2; BODY_PART=1; ORGANIZATION=1,2,2
RDT,EQUIPMENT,ambiguous,EQUIPMENT; LOCATION,EQUIPMENT=2; LOCATION=2,1,2
RoW,LOCATION,high,LOCATION; ORGANIZATION,LOCATION=30; ORGANIZATION=2,1,2
bench,LOCATION,moderate,EQUIPMENT; LOCATION,LOCATION=3; EQUIPMENT=2,1,2
SP10,EQUIPMENT,moderate,EQUIPMENT; LOCATION,EQUIPMENT=5; LOCATION=2,1,2
head area,BODY_PART,ambiguous,BODY_PART; LOCATION,BODY_PART=2; LOCATION=2,1,2
hatch,BODY_PART,ambiguous,BODY_PART; EQUIPMENT,BODY_PART=2; EQUIPMENT=2,1,2
S07,LOCATION,high,LOCATION; ORGANIZATION,LOCATION=20; ORGANIZATION=2,1,2
work,LOCATION,high,LOCATION; ORGANIZATION,LOCATION=27; ORGANIZATION=2,1,2
SA,LOCATION,moderate,LOCATION; ORGANIZATION,LOCATION=3; ORGANIZATION=2,1,2
SDC,ORGANIZATION,moderate,EQUIPMENT; LOCATION; ORGANIZATION,ORGANIZATION=4; EQUIPMENT=1; LOCATION=1,2,2
hard hat,EQUIPMENT,high,BODY_PART; EQUIPMENT,EQUIPMENT=35; BODY_PART=2,1,2
handle,EQUIPMENT,high,BODY_PART; EQUIPMENT,EQUIPMENT=9; BODY_PART=2,1,2
SJA,ORGANIZATION,moderate,EQUIPMENT; INJURY_TYPE; ORGANIZATION,ORGANIZATION=4; EQUIPMENT=1; INJURY_TYPE=1,2,2
ANM,ORGANIZATION,moderate,EQUIPMENT; LOCATION; ORGANIZATION,ORGANIZATION=6; EQUIPMENT=1; LOCATION=1,2,2
infirmary,LOCATION,high,LOCATION; ORGANIZATION,LOCATION=39; ORGANIZATION=2,1,2
cab,BODY_PART,ambiguous,BODY_PART; EQUIPMENT; LOCATION,BODY_PART=2; EQUIPMENT=1; LOCATION=1,2,2
PLS,ORGANIZATION,high,EQUIPMENT; LOCATION; ORGANIZATION,ORGANIZATION=23; EQUIPMENT=1; LOCATION=1,2,2
gaine,BODY_PART,moderate,BODY_PART; EQUIPMENT,BODY_PART=4; EQUIPMENT=2,1,2
BAVIT,ORGANIZATION,moderate,LOCATION; ORGANIZATION,ORGANIZATION=5; LOCATION=2,1,2
PAU 003,ORGANIZATION,moderate,LOCATION; ORGANIZATION,ORGANIZATION=3; LOCATION=2,1,2
local A&E,LOCATION,ambiguous,LOCATION; ORGANIZATION,LOCATION=2; ORGANIZATION=2,1,2
garf,BODY_PART,ambiguous,BODY_PART; EQUIPMENT; LOCATION,BODY_PART=2; EQUIPMENT=1; LOCATION=1,2,2
MCR,ORGANIZATION,high,LOCATION; ORGANIZATION,ORGANIZATION=14; LOCATION=2,1,2
line,EQUIPMENT,high,BODY_PART; EQUIPMENT; LOCATION,EQUIPMENT=9; BODY_PART=1; LOCATION=1,2,2
B7,ORGANIZATION,moderate,LOCATION; ORGANIZATION,ORGANIZATION=3; LOCATION=2,1,2
PFM,EQUIPMENT,moderate,EQUIPMENT; ORGANIZATION,EQUIPMENT=5; ORGANIZATION=2,1,2
unit,LOCATION,ambiguous,LOCATION; ORGANIZATION,LOCATION=2; ORGANIZATION=2,1,2
PLEM,ORGANIZATION,moderate,EQUIPMENT; LOCATION; ORGANIZATION,ORGANIZATION=3; EQUIPMENT=1; LOCATION=1,2,2
back,BODY_PART,high,BODY_PART; INJURY_TYPE; LOCATION,BODY_PART=199; INJURY_TYPE=1; LOCATION=1,2,2
POLE,EQUIPMENT,moderate,EQUIPMENT; LOCATION,EQUIPMENT=3; LOCATION=2,1,2
base,LOCATION,high,BODY_PART; LOCATION,LOCATION=43; BODY_PART=2,1,2
STR 160,EQUIPMENT,ambiguous,EQUIPMENT; LOCATION,EQUIPMENT=2; LOCATION=2,1,2
PPS,ORGANIZATION,high,LOCATION; ORGANIZATION,ORGANIZATION=9; LOCATION=2,1,2
STL,ORGANIZATION,high,LOCATION; ORGANIZATION,ORGANIZATION=32; LOCATION=2,1,2
All Stop,ORGANIZATION,ambiguous,EQUIPMENT; LOCATION; ORGANIZATION,ORGANIZATION=2; EQUIPMENT=1; LOCATION=1,2,2
vice,EQUIPMENT,high,EQUIPMENT; LOCATION,EQUIPMENT=10; LOCATION=2,1,2
Adria,LOCATION,moderate,LOCATION; ORGANIZATION,LOCATION=4; ORGANIZATION=2,1,2
Ace Winches,EQUIPMENT,ambiguous,EQUIPMENT; ORGANIZATION,EQUIPMENT=2; ORGANIZATION=2,1,2
PY 7 site clinic,ORGANIZATION,moderate,LOCATION; ORGANIZATION,ORGANIZATION=4; LOCATION=2,1,2
Packing,EQUIPMENT,ambiguous,EQUIPMENT; LOCATION; ORGANIZATION,EQUIPMENT=1; LOCATION=1; ORGANIZATION=1,2,2
AUT,ORGANIZATION,moderate,EQUIPMENT; LOCATION; ORGANIZATION,ORGANIZATION=6; EQUIPMENT=1; LOCATION=1,2,2
ASV,LOCATION,ambiguous,LOCATION; ORGANIZATION,LOCATION=2; ORGANIZATION=2,1,2
banksman,ORGANIZATION,moderate,EQUIPMENT; ORGANIZATION,ORGANIZATION=5; EQUIPMENT=2,1,2
offices,LOCATION,high,LOCATION; ORGANIZATION,LOCATION=9; ORGANIZATION=2,1,2
FAC,ORGANIZATION,moderate,INJURY_TYPE; ORGANIZATION,ORGANIZATION=5; INJURY_TYPE=2,1,2
WS,ORGANIZATION,moderate,LOCATION; ORGANIZATION,ORGANIZATION=7; LOCATION=2,1,2
stbd bell,LOCATION,moderate,EQUIPMENT; LOCATION,LOCATION=3; EQUIPMENT=2,1,2
desktop,EQUIPMENT,ambiguous,EQUIPMENT; LOCATION,EQUIPMENT=2; LOCATION=2,1,2
EDT Hercules,LOCATION,high,LOCATION; ORGANIZATION,LOCATION=18; ORGANIZATION=2,1,2
Helia,EQUIPMENT,ambiguous,EQUIPMENT; ORGANIZATION,EQUIPMENT=2; ORGANIZATION=2,1,2
Dande Spoolbase,LOCATION,moderate,EQUIPMENT; LOCATION; ORGANIZATION,LOCATION=3; EQUIPMENT=1; ORGANIZATION=1,2,2
embound,EQUIPMENT,moderate,BODY_PART; EQUIPMENT; ORGANIZATION,EQUIPMENT=3; BODY_PART=1; ORGANIZATION=1,2,2
WCP,LOCATION,ambiguous,EQUIPMENT; LOCATION; ORGANIZATION,LOCATION=2; EQUIPMENT=1; ORGANIZATION=1,2,2
Damen Verolm Rotterdam,ORGANIZATION,moderate,LOCATION; ORGANIZATION,ORGANIZATION=3; LOCATION=2,1,2
I-beam,EQUIPMENT,moderate,EQUIPMENT; LOCATION,EQUIPMENT=8; LOCATION=2,1,2
shell,EQUIPMENT,moderate,BODY_PART; EQUIPMENT; LOCATION,EQUIPMENT=5; BODY_PART=1; LOCATION=1,2,2
UCON,EQUIPMENT,moderate,EQUIPMENT; ORGANIZATION,EQUIPMENT=3; ORGANIZATION=2,1,2
IWOCS,ORGANIZATION,moderate,EQUIPMENT; ORGANIZATION,ORGANIZATION=6; EQUIPMENT=2,1,2
WHRT,EQUIPMENT,ambiguous,EQUIPMENT; LOCATION; ORGANIZATION,EQUIPMENT=1; LOCATION=1; ORGANIZATION=1,2,2
step,BODY_PART,ambiguous,BODY_PART; EQUIPMENT; LOCATION,BODY_PART=2; EQUIPMENT=1; LOCATION=1,2,2
ESD,EQUIPMENT,moderate,EQUIPMENT; ORGANIZATION,EQUIPMENT=5; ORGANIZATION=2,1,2
WOCS,EQUIPMENT,ambiguous,EQUIPMENT; LOCATION; ORGANIZATION,EQUIPMENT=2; LOCATION=1; ORGANIZATION=1,2,2
ISMB,BODY_PART,ambiguous,BODY_PART; EQUIPMENT; LOCATION,BODY_PART=1; EQUIPMENT=1; LOCATION=1,2,2
emergency clinic,LOCATION,ambiguous,LOCATION; ORGANIZATION,LOCATION=2; ORGANIZATION=2,1,2
storage rack,EQUIPMENT,moderate,EQUIPMENT; LOCATION,EQUIPMENT=7; LOCATION=2,1,2
pedestal,BODY_PART,ambiguous,BODY_PART; EQUIPMENT; LOCATION,BODY_PART=1; EQUIPMENT=1; LOCATION=1,2,2
ESS-304,LOCATION,moderate,EQUIPMENT; LOCATION; ORGANIZATION,LOCATION=3; EQUIPMENT=1; ORGANIZATION=1,2,2
Heila,EQUIPMENT,ambiguous,EQUIPMENT; ORGANIZATION,EQUIPMENT=2; ORGANIZATION=2,1,2
GG001,EQUIPMENT,ambiguous,EQUIPMENT; ORGANIZATION,EQUIPMENT=2; ORGANIZATION=2,1,2
GP,ORGANIZATION,high,EQUIPMENT; ORGANIZATION,ORGANIZATION=9; EQUIPMENT=2,1,2
GPS,EQUIPMENT,ambiguous,EQUIPMENT; ORGANIZATION,EQUIPMENT=2; ORGANIZATION=2,1,2
Gremp,LOCATION,ambiguous,LOCATION; ORGANIZATION,LOCATION=2; ORGANIZATION=2,1,2
HCVB,EQUIPMENT,ambiguous,EQUIPMENT; ORGANIZATION,EQUIPMENT=2; ORGANIZATION=2,1,2
SOCS,ORGANIZATION,high,EQUIPMENT; ORGANIZATION,ORGANIZATION=84; EQUIPMENT=2,1,2
HH,LOCATION,ambiguous,LOCATION; ORGANIZATION,LOCATION=2; ORGANIZATION=2,1,2
distribution board,EQUIPMENT,ambiguous,EQUIPMENT; LOCATION; ORGANIZATION,EQUIPMENT=1; LOCATION=1; ORGANIZATION=1,2,2
reaction arm,EQUIPMENT,moderate,BODY_PART; EQUIPMENT,EQUIPMENT=3; BODY_PART=2,1,2
HOC,EQUIPMENT,moderate,EQUIPMENT; LOCATION,EQUIPMENT=4; LOCATION=2,1,2
HP,EQUIPMENT,ambiguous,EQUIPMENT; ORGANIZATION,EQUIPMENT=2; ORGANIZATION=2,1,2
collar,BODY_PART,moderate,BODY_PART; EQUIPMENT,BODY_PART=6; EQUIPMENT=2,1,2
radiator,EQUIPMENT,moderate,BODY_PART; EQUIPMENT,EQUIPMENT=5; BODY_PART=2,1,2
Global 1200,LOCATION,high,LOCATION; ORGANIZATION,LOCATION=93; ORGANIZATION=2,1,2
Theodore Spoolbase,LOCATION,high,LOCATION; ORGANIZATION,LOCATION=155; ORGANIZATION=2,1,2
computer,EQUIPMENT,moderate,EQUIPMENT; LOCATION,EQUIPMENT=8; LOCATION=2,1,2
devidoir,BODY_PART,ambiguous,BODY_PART; EQUIPMENT; LOCATION,BODY_PART=1; EQUIPMENT=1; LOCATION=1,2,2
WC,LOCATION,moderate,LOCATION; ORGANIZATION,LOCATION=6; ORGANIZATION=2,1,2
stalk rack,EQUIPMENT,high,EQUIPMENT; LOCATION,EQUIPMENT=9; LOCATION=2,1,2
HXT,EQUIPMENT,ambiguous,EQUIPMENT; LOCATION; ORGANIZATION,EQUIPMENT=2; LOCATION=1; ORGANIZATION=1,2,2
GUARDRAIL,EQUIPMENT,moderate,BODY_PART; EQUIPMENT,EQUIPMENT=4; BODY_PART=2,1,2
downline,EQUIPMENT,moderate,BODY_PART; EQUIPMENT; LOCATION,EQUIPMENT=3; BODY_PART=1; LOCATION=1,2,2
UR,EQUIPMENT,ambiguous,EQUIPMENT; LOCATION; ORGANIZATION,EQUIPMENT=1; LOCATION=1; ORGANIZATION=1,2,2
Gremp clinic,ORGANIZATION,moderate,LOCATION; ORGANIZATION,ORGANIZATION=7; LOCATION=2,1,2
ET2,LOCATION,moderate,LOCATION; ORGANIZATION,LOCATION=4; ORGANIZATION=2,1,2
oven,EQUIPMENT,high,EQUIPMENT; LOCATION,EQUIPMENT=13; LOCATION=2,1,2
TLP,LOCATION,ambiguous,LOCATION; ORGANIZATION,LOCATION=2; ORGANIZATION=2,1,2
LARS,EQUIPMENT,high,EQUIPMENT; LOCATION,EQUIPMENT=9; LOCATION=2,1,2
scaffolder,EQUIPMENT,ambiguous,EQUIPMENT; ORGANIZATION,EQUIPMENT=2; ORGANIZATION=2,1,2
Kenz,ORGANIZATION,ambiguous,EQUIPMENT; LOCATION; ORGANIZATION,ORGANIZATION=2; EQUIPMENT=1; LOCATION=1,2,2
FRC,ORGANIZATION,high,EQUIPMENT; LOCATION; ORGANIZATION,ORGANIZATION=31; EQUIPMENT=1; LOCATION=1,2,2
Camp 5,LOCATION,high,LOCATION; ORGANIZATION,LOCATION=23; ORGANIZATION=2,1,2
onsite medical,LOCATION,high,LOCATION; ORGANIZATION,LOCATION=10; ORGANIZATION=2,1,2
LTI,ORGANIZATION,moderate,INJURY_TYPE; ORGANIZATION,ORGANIZATION=7; INJURY_TYPE=2,1,2
saddle,EQUIPMENT,moderate,BODY_PART; EQUIPMENT,EQUIPMENT=3; BODY_PART=2,1,2
engine,EQUIPMENT,high,BODY_PART; EQUIPMENT,EQUIPMENT=13; BODY_PART=2,1,2
convés,LOCATION,high,BODY_PART; LOCATION,LOCATION=14; BODY_PART=2,1,2
tent,EQUIPMENT,moderate,EQUIPMENT; LOCATION,EQUIPMENT=3; LOCATION=2,1,2
curve,BODY_PART,ambiguous,BODY_PART; LOCATION,BODY_PART=2; LOCATION=2,1,2
FLET,EQUIPMENT,high,EQUIPMENT; LOCATION,EQUIPMENT=11; LOCATION=2,1,2
pad eyes,BODY_PART,ambiguous,BODY_PART; EQUIPMENT,BODY_PART=2; EQUIPMENT=2,1,2
Fabrication Yard,LOCATION,moderate,LOCATION; ORGANIZATION,LOCATION=5; ORGANIZATION=2,1,2
city hospital,LOCATION,ambiguous,LOCATION; ORGANIZATION,LOCATION=2; ORGANIZATION=2,1,2
palette,EQUIPMENT,high,BODY_PART; EQUIPMENT; LOCATION,EQUIPMENT=21; BODY_PART=1; LOCATION=1,2,2
First Aid point,LOCATION,moderate,EQUIPMENT; LOCATION; ORGANIZATION,LOCATION=6; EQUIPMENT=1; ORGANIZATION=1,2,2
crate,EQUIPMENT,high,EQUIPMENT; LOCATION,EQUIPMENT=18; LOCATION=2,1,2
DB,LOCATION,moderate,EQUIPMENT; LOCATION,LOCATION=4; EQUIPMENT=2,1,2
Firing Line Building,LOCATION,ambiguous,LOCATION; ORGANIZATION,LOCATION=2; ORGANIZATION=2,1,2
VCM,EQUIPMENT,moderate,EQUIPMENT; ORGANIZATION,EQUIPMENT=4; ORGANIZATION=2,1,2
stud,EQUIPMENT,ambiguous,BODY_PART; EQUIPMENT; LOCATION,EQUIPMENT=2; BODY_PART=1; LOCATION=1,2,2
Korce Hospital,ORGANIZATION,moderate,LOCATION; ORGANIZATION,ORGANIZATION=3; LOCATION=2,1,2
CTF,ORGANIZATION,moderate,LOCATION; ORGANIZATION,ORGANIZATION=6; LOCATION=2,1,2
FCM,ORGANIZATION,moderate,EQUIPMENT; LOCATION; ORGANIZATION,ORGANIZATION=5; EQUIPMENT=1; LOCATION=1,2,2
KSU,LOCATION,ambiguous,LOCATION; ORGANIZATION,LOCATION=2; ORGANIZATION=2,1,2
paint line,EQUIPMENT,ambiguous,EQUIPMENT; LOCATION,EQUIPMENT=2; LOCATION=2,1,2
ch?o,BODY_PART,moderate,BODY_PART; LOCATION,BODY_PART=4; LOCATION=2,1,2
body guard,BODY_PART,ambiguous,BODY_PART; EQUIPMENT,BODY_PART=1; EQUIPMENT=1,1,1
bottom,BODY_PART,high,BODY_PART; LOCATION,BODY_PART=6; LOCATION=1,1,1
diesel tank,EQUIPMENT,ambiguous,EQUIPMENT; LOCATION,EQUIPMENT=1; LOCATION=1,1,1
goat head,BODY_PART,high,BODY_PART; EQUIPMENT,BODY_PART=5; EQUIPMENT=1,1,1
bottom step,BODY_PART,ambiguous,BODY_PART; LOCATION,BODY_PART=1; LOCATION=1,1,1
company truck,EQUIPMENT,moderate,EQUIPMENT; ORGANIZATION,EQUIPMENT=2; ORGANIZATION=1,1,1
bore,LOCATION,high,BODY_PART; LOCATION,LOCATION=7; BODY_PART=1,1,1
crane pedestal,EQUIPMENT,high,EQUIPMENT; LOCATION,EQUIPMENT=5; LOCATION=1,1,1
bogey,BODY_PART,ambiguous,BODY_PART; EQUIPMENT,BODY_PART=1; EQUIPMENT=1,1,1
cribbing,EQUIPMENT,ambiguous,EQUIPMENT; LOCATION,EQUIPMENT=1; LOCATION=1,1,1
connector,EQUIPMENT,high,EQUIPMENT; LOCATION,EQUIPMENT=14; LOCATION=1,1,1
crosshead,BODY_PART,ambiguous,BODY_PART; EQUIPMENT,BODY_PART=1; EQUIPMENT=1,1,1
control panel,EQUIPMENT,high,EQUIPMENT; LOCATION,EQUIPMENT=10; LOCATION=1,1,1
department,LOCATION,ambiguous,LOCATION; ORGANIZATION,LOCATION=1; ORGANIZATION=1,1,1
gusset plate,EQUIPMENT,moderate,BODY_PART; EQUIPMENT,EQUIPMENT=3; BODY_PART=1,1,1
dining table,EQUIPMENT,ambiguous,EQUIPMENT; LOCATION,EQUIPMENT=1; LOCATION=1,1,1
cylinder,EQUIPMENT,high,BODY_PART; EQUIPMENT,EQUIPMENT=7; BODY_PART=1,1,1
guincho,EQUIPMENT,moderate,BODY_PART; EQUIPMENT,EQUIPMENT=2; BODY_PART=1,1,1
desanders,LOCATION,ambiguous,LOCATION; ORGANIZATION,LOCATION=1; ORGANIZATION=1,1,1
customer property,LOCATION,moderate,LOCATION; ORGANIZATION,LOCATION=2; ORGANIZATION=1,1,1
gutter,LOCATION,moderate,EQUIPMENT; LOCATION,LOCATION=3; EQUIPMENT=1,1,1
desk,LOCATION,high,EQUIPMENT; LOCATION,LOCATION=15; EQUIPMENT=1,1,1
grating plate,EQUIPMENT,ambiguous,EQUIPMENT; LOCATION,EQUIPMENT=1; LOCATION=1,1,1
book shelf,EQUIPMENT,ambiguous,EQUIPMENT; LOCATION,EQUIPMENT=1; LOCATION=1,1,1
control cabin,LOCATION,moderate,EQUIPMENT; LOCATION,LOCATION=3; EQUIPMENT=1,1,1
control van,EQUIPMENT,ambiguous,EQUIPMENT; LOCATION,EQUIPMENT=1; LOCATION=1,1,1
hand rail,EQUIPMENT,high,BODY_PART; EQUIPMENT,EQUIPMENT=13; BODY_PART=1,1,1
bolt,EQUIPMENT,high,BODY_PART; EQUIPMENT,EQUIPMENT=9; BODY_PART=1,1,1
boot,BODY_PART,ambiguous,BODY_PART; EQUIPMENT,BODY_PART=1; EQUIPMENT=1,1,1
concrete edge,BODY_PART,ambiguous,BODY_PART; LOCATION,BODY_PART=1; LOCATION=1,1,1
crown,BODY_PART,moderate,BODY_PART; EQUIPMENT,BODY_PART=4; EQUIPMENT=1,1,1
ch'o,LOCATION,moderate,BODY_PART; LOCATION,LOCATION=3; BODY_PART=1,1,1
doors,EQUIPMENT,moderate,BODY_PART; EQUIPMENT,EQUIPMENT=2; BODY_PART=1,1,1
glass,BODY_PART,ambiguous,BODY_PART; EQUIPMENT,BODY_PART=1; EQUIPMENT=1,1,1
floor plate,BODY_PART,ambiguous,BODY_PART; EQUIPMENT,BODY_PART=1; EQUIPMENT=1,1,1
cliquets,BODY_PART,ambiguous,BODY_PART; EQUIPMENT,BODY_PART=1; EQUIPMENT=1,1,1
emergency room,LOCATION,high,LOCATION; ORGANIZATION,LOCATION=20; ORGANIZATION=1,1,1
flatbed,EQUIPMENT,high,EQUIPMENT; LOCATION,EQUIPMENT=7; LOCATION=1,1,1
engineering building,LOCATION,ambiguous,LOCATION; ORGANIZATION,LOCATION=1; ORGANIZATION=1,1,1
client field site,LOCATION,high,LOCATION; ORGANIZATION,LOCATION=11; ORGANIZATION=1,1,1
cleaning agent,EQUIPMENT,ambiguous,EQUIPMENT; ORGANIZATION,EQUIPMENT=1; ORGANIZATION=1,1,1
escada,BODY_PART,ambiguous,BODY_PART; LOCATION,BODY_PART=1; LOCATION=1,1,1
chute,EQUIPMENT,moderate,EQUIPMENT; LOCATION,EQUIPMENT=4; LOCATION=1,1,1
exhaust manifold,BODY_PART,ambiguous,BODY_PART; EQUIPMENT,BODY_PART=1; EQUIPMENT=1,1,1
chuck jaws,EQUIPMENT,ambiguous,EQUIPMENT; LOCATION,EQUIPMENT=1; LOCATION=1,1,1
first step,BODY_PART,moderate,BODY_PART; LOCATION,BODY_PART=2; LOCATION=1,1,1
catwalk,LOCATION,moderate,BODY_PART; LOCATION,LOCATION=3; BODY_PART=1,1,1
eyebolt,BODY_PART,ambiguous,BODY_PART; EQUIPMENT,BODY_PART=1; EQUIPMENT=1,1,1
first aid room,LOCATION,high,EQUIPMENT; LOCATION,LOCATION=17; EQUIPMENT=1,1,1
first aid,INJURY_TYPE,moderate,INJURY_TYPE; LOCATION,INJURY_TYPE=3; LOCATION=1,1,1
firing line,LOCATION,high,EQUIPMENT; LOCATION,LOCATION=27; EQUIPMENT=1,1,1
fire watch,ORGANIZATION,high,EQUIPMENT; ORGANIZATION,ORGANIZATION=14; EQUIPMENT=1,1,1
fire hydrant,EQUIPMENT,ambiguous,EQUIPMENT; LOCATION,EQUIPMENT=1; LOCATION=1,1,1
chuck,EQUIPMENT,moderate,BODY_PART; EQUIPMENT,EQUIPMENT=4; BODY_PART=1,1,1
chete,EQUIPMENT,ambiguous,EQUIPMENT; LOCATION,EQUIPMENT=1; LOCATION=1,1,1
factory 2,LOCATION,moderate,LOCATION; ORGANIZATION,LOCATION=3; ORGANIZATION=1,1,1
charge hand,BODY_PART,ambiguous,BODY_PART; EQUIPMENT,BODY_PART=1; EQUIPMENT=1,1,1
chamber,LOCATION,moderate,EQUIPMENT; LOCATION,LOCATION=3; EQUIPMENT=1,1,1
chair,EQUIPMENT,high,EQUIPMENT; LOCATION,EQUIPMENT=41; LOCATION=1,1,1
cavalette,BODY_PART,ambiguous,BODY_PART; EQUIPMENT,BODY_PART=1; EQUIPMENT=1,1,1
field office,LOCATION,moderate,LOCATION; ORGANIZATION,LOCATION=2; ORGANIZATION=1,1,1
ch.o.,BODY_PART,ambiguous,BODY_PART; LOCATION,BODY_PART=1; LOCATION=1,1,1
floor mat,EQUIPMENT,moderate,EQUIPMENT; LOCATION,EQUIPMENT=2; LOCATION=1,1,1
flow cross,EQUIPMENT,moderate,EQUIPMENT; LOCATION,EQUIPMENT=4; LOCATION=1,1,1
generator,EQUIPMENT,high,EQUIPMENT; LOCATION,EQUIPMENT=43; LOCATION=1,1,1
flute,BODY_PART,ambiguous,BODY_PART; LOCATION,BODY_PART=1; LOCATION=1,1,1
general waste skip,EQUIPMENT,ambiguous,EQUIPMENT; LOCATION,EQUIPMENT=1; LOCATION=1,1,1
gearbox,EQUIPMENT,high,EQUIPMENT; LOCATION,EQUIPMENT=5; LOCATION=1,1,1
brake,BODY_PART,ambiguous,BODY_PART; EQUIPMENT,BODY_PART=1; EQUIPMENT=1,1,1
collection network,EQUIPMENT,ambiguous,EQUIPMENT; ORGANIZATION,EQUIPMENT=1; ORGANIZATION=1,1,1
bride,BODY_PART,ambiguous,BODY_PART; LOCATION,BODY_PART=1; LOCATION=1,1,1
gate valve,EQUIPMENT,high,EQUIPMENT; LOCATION,EQUIPMENT=13; LOCATION=1,1,1
coat,BODY_PART,moderate,BODY_PART; EQUIPMENT,BODY_PART=2; EQUIPMENT=1,1,1
bulwark,LOCATION,moderate,BODY_PART; LOCATION,LOCATION=2; BODY_PART=1,1,1
dive control,LOCATION,moderate,EQUIPMENT; LOCATION,LOCATION=2; EQUIPMENT=1,1,1
docking head,EQUIPMENT,ambiguous,EQUIPMENT; LOCATION,EQUIPMENT=1; LOCATION=1,1,1
cell,LOCATION,high,BODY_PART; LOCATION,LOCATION=7; BODY_PART=1,1,1
bunding,EQUIPMENT,ambiguous,EQUIPMENT; LOCATION,EQUIPMENT=1; LOCATION=1,1,1
drip pan,EQUIPMENT,moderate,EQUIPMENT; LOCATION,EQUIPMENT=2; LOCATION=1,1,1
duct bank,EQUIPMENT,ambiguous,EQUIPMENT; LOCATION,EQUIPMENT=1; LOCATION=1,1,1
bus,EQUIPMENT,moderate,EQUIPMENT; LOCATION,EQUIPMENT=2; LOCATION=1,1,1
butchery,LOCATION,ambiguous,LOCATION; ORGANIZATION,LOCATION=1; ORGANIZATION=1,1,1
ducting,EQUIPMENT,moderate,EQUIPMENT; LOCATION,EQUIPMENT=2; LOCATION=1,1,1
front,BODY_PART,high,BODY_PART; LOCATION,BODY_PART=6; LOCATION=1,1,1
frac tree,EQUIPMENT,ambiguous,EQUIPMENT; LOCATION,EQUIPMENT=1; LOCATION=1,1,1
cab area,BODY_PART,ambiguous,BODY_PART; LOCATION,BODY_PART=1; LOCATION=1,1,1
cabinet,EQUIPMENT,high,EQUIPMENT; LOCATION,EQUIPMENT=5; LOCATION=1,1,1
elevated platform,EQUIPMENT,ambiguous,EQUIPMENT; LOCATION,EQUIPMENT=1; LOCATION=1,1,1
forno,EQUIPMENT,ambiguous,EQUIPMENT; LOCATION,EQUIPMENT=1; LOCATION=1,1,1
elevator,EQUIPMENT,high,EQUIPMENT; LOCATION,EQUIPMENT=14; LOCATION=1,1,1
forefinger,BODY_PART,moderate,BODY_PART; INJURY_TYPE,BODY_PART=3; INJURY_TYPE=1,1,1
emergencies,LOCATION,moderate,LOCATION; ORGANIZATION,LOCATION=2; ORGANIZATION=1,1,1
cluster,EQUIPMENT,ambiguous,EQUIPMENT; LOCATION,EQUIPMENT=1; LOCATION=1,1,1
fire,INJURY_TYPE,ambiguous,INJURY_TYPE; ORGANIZATION,INJURY_TYPE=1; ORGANIZATION=1,1,1
113-SSH-001,EQUIPMENT,moderate,EQUIPMENT; LOCATION,EQUIPMENT=2; LOCATION=1,1,1
harness,EQUIPMENT,high,BODY_PART; EQUIPMENT,EQUIPMENT=7; BODY_PART=1,1,1
system,EQUIPMENT,high,EQUIPMENT; LOCATION,EQUIPMENT=14; LOCATION=1,1,1
shipyard,ORGANIZATION,high,LOCATION; ORGANIZATION,ORGANIZATION=7; LOCATION=1,1,1
shoreside hospital,LOCATION,ambiguous,LOCATION; ORGANIZATION,LOCATION=1; ORGANIZATION=1,1,1
shoreside medical facility,LOCATION,ambiguous,LOCATION; ORGANIZATION,LOCATION=1; ORGANIZATION=1,1,1
shot line,EQUIPMENT,ambiguous,EQUIPMENT; LOCATION,EQUIPMENT=1; LOCATION=1,1,1
shoulder,BODY_PART,high,BODY_PART; LOCATION,BODY_PART=121; LOCATION=1,1,1
shower,BODY_PART,moderate,BODY_PART; LOCATION,BODY_PART=4; LOCATION=1,1,1
shutter door,EQUIPMENT,moderate,EQUIPMENT; LOCATION,EQUIPMENT=2; LOCATION=1,1,1
side,BODY_PART,moderate,BODY_PART; LOCATION,BODY_PART=3; LOCATION=1,1,1
skip,LOCATION,moderate,EQUIPMENT; LOCATION,LOCATION=3; EQUIPMENT=1,1,1
sleeper,BODY_PART,moderate,BODY_PART; EQUIPMENT,BODY_PART=3; EQUIPMENT=1,1,1
slurry,EQUIPMENT,ambiguous,EQUIPMENT; INJURY_TYPE,EQUIPMENT=1; INJURY_TYPE=1,1,1
south pipe rack,EQUIPMENT,ambiguous,EQUIPMENT; LOCATION,EQUIPMENT=1; LOCATION=1,1,1
spot,LOCATION,moderate,BODY_PART; LOCATION,LOCATION=2; BODY_PART=1,1,1
stanchion,EQUIPMENT,moderate,BODY_PART; EQUIPMENT,EQUIPMENT=2; BODY_PART=1,1,1
stbd reel,EQUIPMENT,moderate,EQUIPMENT; LOCATION,EQUIPMENT=2; LOCATION=1,1,1
steering wheel,EQUIPMENT,moderate,BODY_PART; EQUIPMENT,EQUIPMENT=2; BODY_PART=1,1,1
stern,BODY_PART,high,BODY_PART; LOCATION,BODY_PART=5; LOCATION=1,1,1
stop block,EQUIPMENT,ambiguous,EQUIPMENT; LOCATION,EQUIPMENT=1; LOCATION=1,1,1
storage,LOCATION,moderate,EQUIPMENT; LOCATION,LOCATION=2; EQUIPMENT=1,1,1
storage tank,LOCATION,moderate,EQUIPMENT; LOCATION,LOCATION=2; EQUIPMENT=1,1,1
store,ORGANIZATION,moderate,LOCATION; ORGANIZATION,ORGANIZATION=4; LOCATION=1,1,1
stores hatch,LOCATION,moderate,EQUIPMENT; LOCATION,LOCATION=2; EQUIPMENT=1,1,1
straight joints,BODY_PART,moderate,BODY_PART; EQUIPMENT,BODY_PART=2; EQUIPMENT=1,1,1
strawbery,EQUIPMENT,ambiguous,EQUIPMENT; ORGANIZATION,EQUIPMENT=1; ORGANIZATION=1,1,1
structure workshop,LOCATION,ambiguous,LOCATION; ORGANIZATION,LOCATION=1; ORGANIZATION=1,1,1
shipside,BODY_PART,ambiguous,BODY_PART; LOCATION,BODY_PART=1; LOCATION=1,1,1
shaft,LOCATION,moderate,EQUIPMENT; LOCATION,LOCATION=2; EQUIPMENT=1,1,1
service bar,EQUIPMENT,moderate,BODY_PART; EQUIPMENT,EQUIPMENT=2; BODY_PART=1,1,1
roll up door,EQUIPMENT,moderate,EQUIPMENT; LOCATION,EQUIPMENT=4; LOCATION=1,1,1
reolen,BODY_PART,ambiguous,BODY_PART; LOCATION,BODY_PART=1; LOCATION=1,1,1
reservoir,LOCATION,moderate,EQUIPMENT; LOCATION,LOCATION=3; EQUIPMENT=1,1,1
rest shelter,LOCATION,moderate,EQUIPMENT; LOCATION,LOCATION=2; EQUIPMENT=1,1,1
restroom,LOCATION,high,BODY_PART; LOCATION,LOCATION=7; BODY_PART=1,1,1
rig crew,ORGANIZATION,high,EQUIPMENT; ORGANIZATION,ORGANIZATION=9; EQUIPMENT=1,1,1
rig hand,EQUIPMENT,moderate,BODY_PART; EQUIPMENT,EQUIPMENT=2; BODY_PART=1,1,1
right arm,BODY_PART,high,BODY_PART; INJURY_TYPE,BODY_PART=71; INJURY_TYPE=1,1,1
right forearm,BODY_PART,high,BODY_PART; INJURY_TYPE,BODY_PART=33; INJURY_TYPE=1,1,1
right hand,BODY_PART,high,BODY_PART; INJURY_TYPE,BODY_PART=358; INJURY_TYPE=1,1,1
right side,BODY_PART,high,BODY_PART; LOCATION,BODY_PART=29; LOCATION=1,1,1
rod,BODY_PART,ambiguous,BODY_PART; EQUIPMENT,BODY_PART=1; EQUIPMENT=1,1,1
roller,EQUIPMENT,high,BODY_PART; EQUIPMENT,EQUIPMENT=23; BODY_PART=1,1,1
semi-remorque,EQUIPMENT,ambiguous,EQUIPMENT; INJURY_TYPE,EQUIPMENT=1; INJURY_TYPE=1,1,1
rotary union,EQUIPMENT,moderate,EQUIPMENT; ORGANIZATION,EQUIPMENT=2; ORGANIZATION=1,1,1
safety barrier,EQUIPMENT,ambiguous,EQUIPMENT; LOCATION,EQUIPMENT=1; LOCATION=1,1,1
sand,EQUIPMENT,ambiguous,EQUIPMENT; LOCATION,EQUIPMENT=1; LOCATION=1,1,1
scaffold access,EQUIPMENT,ambiguous,EQUIPMENT; LOCATION,EQUIPMENT=1; LOCATION=1,1,1
scaffold crew,EQUIPMENT,ambiguous,EQUIPMENT; ORGANIZATION,EQUIPMENT=1; ORGANIZATION=1,1,1
scaffolding,EQUIPMENT,high,EQUIPMENT; LOCATION,EQUIPMENT=62; LOCATION=1,1,1
scaffolding access,EQUIPMENT,ambiguous,EQUIPMENT; LOCATION,EQUIPMENT=1; LOCATION=1,1,1
scaffolding structure,EQUIPMENT,moderate,EQUIPMENT; LOCATION,EQUIPMENT=2; LOCATION=1,1,1
scaffoldings,EQUIPMENT,ambiguous,EQUIPMENT; LOCATION,EQUIPMENT=1; LOCATION=1,1,1
scotch,EQUIPMENT,high,EQUIPMENT; ORGANIZATION,EQUIPMENT=9; ORGANIZATION=1,1,1
seafarer staircase,EQUIPMENT,ambiguous,EQUIPMENT; LOCATION,EQUIPMENT=1; LOCATION=1,1,1
subsea manifold,EQUIPMENT,ambiguous,EQUIPMENT; LOCATION,EQUIPMENT=1; LOCATION=1,1,1
tailgate,BODY_PART,high,BODY_PART; EQUIPMENT,BODY_PART=15; EQUIPMENT=1,1,1
reception switch,EQUIPMENT,moderate,EQUIPMENT; LOCATION,EQUIPMENT=2; LOCATION=1,1,1
tailstock,BODY_PART,moderate,BODY_PART; EQUIPMENT,BODY_PART=2; EQUIPMENT=1,1,1
turntable deck,EQUIPMENT,ambiguous,EQUIPMENT; LOCATION,EQUIPMENT=1; LOCATION=1,1,1
two fingers,BODY_PART,high,BODY_PART; INJURY_TYPE,BODY_PART=5; INJURY_TYPE=1,1,1
underoller,EQUIPMENT,moderate,BODY_PART; EQUIPMENT,EQUIPMENT=2; BODY_PART=1,1,1
underroller,EQUIPMENT,high,EQUIPMENT; ORGANIZATION,EQUIPMENT=5; ORGANIZATION=1,1,1
valve stem,BODY_PART,ambiguous,BODY_PART; EQUIPMENT,BODY_PART=1; EQUIPMENT=1,1,1
van,EQUIPMENT,high,EQUIPMENT; LOCATION,EQUIPMENT=5; LOCATION=1,1,1
veggen,BODY_PART,moderate,BODY_PART; LOCATION,BODY_PART=2; LOCATION=1,1,1
vent line,EQUIPMENT,moderate,EQUIPMENT; LOCATION,EQUIPMENT=3; LOCATION=1,1,1
visier,EQUIPMENT,moderate,BODY_PART; EQUIPMENT,EQUIPMENT=3; BODY_PART=1,1,1
walk behind,BODY_PART,ambiguous,BODY_PART; EQUIPMENT,BODY_PART=1; EQUIPMENT=1,1,1
walk in centre,ORGANIZATION,moderate,LOCATION; ORGANIZATION,ORGANIZATION=2; LOCATION=1,1,1
wardrobe,BODY_PART,ambiguous,BODY_PART; LOCATION,BODY_PART=1; LOCATION=1,1,1
waste bin,LOCATION,moderate,EQUIPMENT; LOCATION,LOCATION=3; EQUIPMENT=1,1,1
watchman,EQUIPMENT,ambiguous,EQUIPMENT; ORGANIZATION,EQUIPMENT=1; ORGANIZATION=1,1,1
weco,ORGANIZATION,moderate,EQUIPMENT; ORGANIZATION,ORGANIZATION=2; EQUIPMENT=1,1,1
welding booth,EQUIPMENT,moderate,EQUIPMENT; LOCATION,EQUIPMENT=4; LOCATION=1,1,1
welding cabin,LOCATION,moderate,EQUIPMENT; LOCATION,LOCATION=2; EQUIPMENT=1,1,1
welding deck,LOCATION,moderate,EQUIPMENT; LOCATION,LOCATION=2; EQUIPMENT=1,1,1
welding platform,EQUIPMENT,ambiguous,EQUIPMENT; LOCATION,EQUIPMENT=1; LOCATION=1,1,1
well head,LOCATION,high,EQUIPMENT; LOCATION,LOCATION=7; EQUIPMENT=1,1,1
wheels,BODY_PART,moderate,BODY_PART; EQUIPMENT,BODY_PART=3; EQUIPMENT=1,1,1
wooden box,EQUIPMENT,moderate,EQUIPMENT; LOCATION,EQUIPMENT=2; LOCATION=1,1,1
wooden pallet,EQUIPMENT,high,EQUIPMENT; LOCATION,EQUIPMENT=9; LOCATION=1,1,1
workbench,LOCATION,high,EQUIPMENT; LOCATION,LOCATION=9; EQUIPMENT=1,1,1
workstation,LOCATION,high,EQUIPMENT; LOCATION,LOCATION=13; EQUIPMENT=1,1,1
turning wheel,BODY_PART,moderate,BODY_PART; EQUIPMENT,BODY_PART=2; EQUIPMENT=1,1,1
tug,ORGANIZATION,moderate,EQUIPMENT; ORGANIZATION,ORGANIZATION=2; EQUIPMENT=1,1,1
tube,EQUIPMENT,high,BODY_PART; EQUIPMENT,EQUIPMENT=6; BODY_PART=1,1,1
top bunk,LOCATION,moderate,BODY_PART; LOCATION,LOCATION=2; BODY_PART=1,1,1
talus,LOCATION,moderate,BODY_PART; LOCATION,LOCATION=2; BODY_PART=1,1,1
tarima,EQUIPMENT,ambiguous,EQUIPMENT; ORGANIZATION,EQUIPMENT=1; ORGANIZATION=1,1,1
termination head,BODY_PART,ambiguous,BODY_PART; LOCATION,BODY_PART=1; LOCATION=1,1,1
test booth,LOCATION,moderate,EQUIPMENT; LOCATION,LOCATION=4; EQUIPMENT=1,1,1
test manifold,EQUIPMENT,moderate,EQUIPMENT; LOCATION,EQUIPMENT=2; LOCATION=1,1,1
the hanger,EQUIPMENT,ambiguous,EQUIPMENT; LOCATION,EQUIPMENT=1; LOCATION=1,1,1
thumb,BODY_PART,high,BODY_PART; INJURY_TYPE,BODY_PART=119; INJURY_TYPE=1,1,1
tipper skip,EQUIPMENT,ambiguous,EQUIPMENT; LOCATION,EQUIPMENT=1; LOCATION=1,1,1
tire,BODY_PART,high,BODY_PART; EQUIPMENT,BODY_PART=9; EQUIPMENT=1,1,1
toe plate,BODY_PART,ambiguous,BODY_PART; LOCATION,BODY_PART=1; LOCATION=1,1,1
tool crib,LOCATION,moderate,EQUIPMENT; LOCATION,LOCATION=2; EQUIPMENT=1,1,1
tornozelo,BODY_PART,moderate,BODY_PART; LOCATION,BODY_PART=3; LOCATION=1,1,1
truck platform,EQUIPMENT,moderate,EQUIPMENT; LOCATION,EQUIPMENT=3; LOCATION=1,1,1
tower scaffold,EQUIPMENT,ambiguous,EQUIPMENT; LOCATION,EQUIPMENT=1; LOCATION=1,1,1
track 3,EQUIPMENT,ambiguous,EQUIPMENT; LOCATION,EQUIPMENT=1; LOCATION=1,1,1
trailer deck,EQUIPMENT,ambiguous,EQUIPMENT; LOCATION,EQUIPMENT=1; LOCATION=1,1,1
transit van,EQUIPMENT,moderate,EQUIPMENT; ORGANIZATION,EQUIPMENT=2; ORGANIZATION=1,1,1
transport box,EQUIPMENT,ambiguous,EQUIPMENT; LOCATION,EQUIPMENT=1; LOCATION=1,1,1
transport vehicle,EQUIPMENT,ambiguous,EQUIPMENT; LOCATION,EQUIPMENT=1; LOCATION=1,1,1
treatment center,LOCATION,ambiguous,LOCATION; ORGANIZATION,LOCATION=1; ORGANIZATION=1,1,1
tree,LOCATION,moderate,BODY_PART; LOCATION,LOCATION=4; BODY_PART=1,1,1
trench box,EQUIPMENT,ambiguous,EQUIPMENT; LOCATION,EQUIPMENT=1; LOCATION=1,1,1
trichenille,EQUIPMENT,moderate,EQUIPMENT; LOCATION,EQUIPMENT=2; LOCATION=1,1,1
tropear,INJURY_TYPE,moderate,INJURY_TYPE; LOCATION,INJURY_TYPE=2; LOCATION=1,1,1
reformer,LOCATION,moderate,EQUIPMENT; LOCATION,LOCATION=2; EQUIPMENT=1,1,1
rear wheels,BODY_PART,ambiguous,BODY_PART; EQUIPMENT,BODY_PART=1; EQUIPMENT=1,1,1
hat,EQUIPMENT,moderate,BODY_PART; EQUIPMENT,EQUIPMENT=3; BODY_PART=1,1,1
mask,BODY_PART,ambiguous,BODY_PART; EQUIPMENT,BODY_PART=1; EQUIPMENT=1,1,1
lift eyes,EQUIPMENT,moderate,BODY_PART; EQUIPMENT,EQUIPMENT=3; BODY_PART=1,1,1
lift station,EQUIPMENT,ambiguous,EQUIPMENT; LOCATION,EQUIPMENT=1; LOCATION=1,1,1
ligaments,BODY_PART,moderate,BODY_PART; INJURY_TYPE,BODY_PART=2; INJURY_TYPE=1,1,1
load cell,EQUIPMENT,moderate,EQUIPMENT; LOCATION,EQUIPMENT=4; LOCATION=1,1,1
local medical clinic,LOCATION,moderate,LOCATION; ORGANIZATION,LOCATION=2; ORGANIZATION=1,1,1
local medical facility,LOCATION,moderate,LOCATION; ORGANIZATION,LOCATION=2; ORGANIZATION=1,1,1
lock,EQUIPMENT,moderate,EQUIPMENT; LOCATION,EQUIPMENT=3; LOCATION=1,1,1
lombaries,BODY_PART,ambiguous,BODY_PART; LOCATION,BODY_PART=1; LOCATION=1,1,1
low pressure loop,EQUIPMENT,ambiguous,EQUIPMENT; LOCATION,EQUIPMENT=1; LOCATION=1,1,1
lunette,EQUIPMENT,moderate,BODY_PART; EQUIPMENT,EQUIPMENT=2; BODY_PART=1,1,1
m.o.,BODY_PART,ambiguous,BODY_PART; EQUIPMENT,BODY_PART=1; EQUIPMENT=1,1,1
machine shop,ORGANIZATION,moderate,LOCATION; ORGANIZATION,ORGANIZATION=3; LOCATION=1,1,1
main block,EQUIPMENT,high,BODY_PART; EQUIPMENT,EQUIPMENT=14; BODY_PART=1,1,1
main bore,LOCATION,moderate,BODY_PART; LOCATION,LOCATION=2; BODY_PART=1,1,1
main deck,LOCATION,high,BODY_PART; LOCATION,LOCATION=322; BODY_PART=1,1,1
main office,LOCATION,high,LOCATION; ORGANIZATION,LOCATION=12; ORGANIZATION=1,1,1
mainline 2,EQUIPMENT,ambiguous,EQUIPMENT; LOCATION,EQUIPMENT=1; LOCATION=1,1,1
maintenance office,LOCATION,ambiguous,LOCATION; ORGANIZATION,LOCATION=1; ORGANIZATION=1,1,1
major right,BODY_PART,ambiguous,BODY_PART; LOCATION,BODY_PART=1; LOCATION=1,1,1
man basket,EQUIPMENT,high,EQUIPMENT; LOCATION,EQUIPMENT=12; LOCATION=1,1,1
man lift,EQUIPMENT,high,EQUIPMENT; ORGANIZATION,EQUIPMENT=35; ORGANIZATION=1,1,1
manbasket,BODY_PART,ambiguous,BODY_PART; LOCATION,BODY_PART=1; LOCATION=1,1,1
mancamp,ORGANIZATION,moderate,LOCATION; ORGANIZATION,ORGANIZATION=2; LOCATION=1,1,1
mangueiras,BODY_PART,moderate,BODY_PART; EQUIPMENT,BODY_PART=4; EQUIPMENT=1,1,1
manifold,EQUIPMENT,high,BODY_PART; EQUIPMENT,EQUIPMENT=34; BODY_PART=1,1,1
lid,EQUIPMENT,moderate,BODY_PART; EQUIPMENT,EQUIPMENT=3; BODY_PART=1,1,1
level 2 clinic,ORGANIZATION,moderate,LOCATION; ORGANIZATION,ORGANIZATION=2; LOCATION=1,1,1
left leg,BODY_PART,high,BODY_PART; INJURY_TYPE,BODY_PART=111; INJURY_TYPE=1,1,1
index,BODY_PART,moderate,BODY_PART; LOCATION,BODY_PART=3; LOCATION=1,1,1
head,BODY_PART,high,BODY_PART; INJURY_TYPE,BODY_PART=177; INJURY_TYPE=1,1,1
head board,BODY_PART,ambiguous,BODY_PART; EQUIPMENT,BODY_PART=1; EQUIPMENT=1,1,1
health center,ORGANIZATION,moderate,LOCATION; ORGANIZATION,ORGANIZATION=2; LOCATION=1,1,1
heliport,LOCATION,moderate,EQUIPMENT; LOCATION,LOCATION=3; EQUIPMENT=1,1,1
hook,EQUIPMENT,high,BODY_PART; EQUIPMENT,EQUIPMENT=17; BODY_PART=1,1,1
hospital Dr. Beda,ORGANIZATION,high,LOCATION; ORGANIZATION,ORGANIZATION=5; LOCATION=1,1,1
hull,LOCATION,moderate,BODY_PART; LOCATION,LOCATION=2; BODY_PART=1,1,1
hydrant,EQUIPMENT,moderate,EQUIPMENT; LOCATION,EQUIPMENT=3; LOCATION=1,1,1
immediate,INJURY_TYPE,ambiguous,INJURY_TYPE; ORGANIZATION,INJURY_TYPE=1; ORGANIZATION=1,1,1
inboard,EQUIPMENT,moderate,BODY_PART; EQUIPMENT,EQUIPMENT=2; BODY_PART=1,1,1
incinerator,EQUIPMENT,ambiguous,EQUIPMENT; LOCATION,EQUIPMENT=1; LOCATION=1,1,1
inspection table,EQUIPMENT,moderate,EQUIPMENT; LOCATION,EQUIPMENT=2; LOCATION=1,1,1
left hand,BODY_PART,high,BODY_PART; INJURY_TYPE,BODY_PART=423; INJURY_TYPE=1,1,1
instrument room,LOCATION,moderate,EQUIPMENT; LOCATION,LOCATION=4; EQUIPMENT=1,1,1
interior,LOCATION,moderate,BODY_PART; LOCATION,LOCATION=3; BODY_PART=1,1,1
jib arm,BODY_PART,ambiguous,BODY_PART; EQUIPMENT,BODY_PART=1; EQUIPMENT=1,1,1
jockey wheel,BODY_PART,ambiguous,BODY_PART; EQUIPMENT,BODY_PART=1; EQUIPMENT=1,1,1
joint,BODY_PART,moderate,BODY_PART; LOCATION,BODY_PART=3; LOCATION=1,1,1
jumper,EQUIPMENT,high,BODY_PART; EQUIPMENT,EQUIPMENT=8; BODY_PART=1,1,1
kaseneuve tower,EQUIPMENT,ambiguous,EQUIPMENT; LOCATION,EQUIPMENT=1; LOCATION=1,1,1
laboratory,LOCATION,moderate,LOCATION; ORGANIZATION,LOCATION=4; ORGANIZATION=1,1,1
lay plate,EQUIPMENT,moderate,EQUIPMENT; LOCATION,EQUIPMENT=2; LOCATION=1,1,1
leader,BODY_PART,ambiguous,BODY_PART; EQUIPMENT,BODY_PART=1; EQUIPMENT=1,1,1
left eye,BODY_PART,high,BODY_PART; INJURY_TYPE,BODY_PART=92; INJURY_TYPE=1,1,1
manlift,EQUIPMENT,high,EQUIPMENT; ORGANIZATION,EQUIPMENT=43; ORGANIZATION=1,1,1
metal structure,EQUIPMENT,ambiguous,EQUIPMENT; LOCATION,EQUIPMENT=1; LOCATION=1,1,1
raw material,EQUIPMENT,ambiguous,EQUIPMENT; ORGANIZATION,EQUIPMENT=1; ORGANIZATION=1,1,1
mezzanine,BODY_PART,ambiguous,BODY_PART; LOCATION,BODY_PART=1; LOCATION=1,1,1
pallets,EQUIPMENT,high,EQUIPMENT; LOCATION,EQUIPMENT=7; LOCATION=1,1,1
parts,EQUIPMENT,moderate,BODY_PART; EQUIPMENT,EQUIPMENT=4; BODY_PART=1,1,1
passenger side,BODY_PART,high,BODY_PART; LOCATION,BODY_PART=14; LOCATION=1,1,1
patesca,BODY_PART,ambiguous,BODY_PART; EQUIPMENT,BODY_PART=1; EQUIPMENT=1,1,1
paywelder,EQUIPMENT,ambiguous,EQUIPMENT; ORGANIZATION,EQUIPMENT=1; ORGANIZATION=1,1,1
pickup,EQUIPMENT,ambiguous,EQUIPMENT; LOCATION,EQUIPMENT=1; LOCATION=1,1,1
pickup truck,EQUIPMENT,moderate,EQUIPMENT; LOCATION,EQUIPMENT=2; LOCATION=1,1,1
pillar,BODY_PART,ambiguous,BODY_PART; LOCATION,BODY_PART=1; LOCATION=1,1,1
pipe rack foundation,EQUIPMENT,ambiguous,EQUIPMENT; LOCATION,EQUIPMENT=1; LOCATION=1,1,1
pipe section,EQUIPMENT,moderate,EQUIPMENT; LOCATION,EQUIPMENT=3; LOCATION=1,1,1
pipe string,EQUIPMENT,ambiguous,EQUIPMENT; LOCATION,EQUIPMENT=1; LOCATION=1,1,1
pipelay control_x000D_,EQUIPMENT,ambiguous,EQUIPMENT; ORGANIZATION,EQUIPMENT=1; ORGANIZATION=1,1,1
plant,LOCATION,high,EQUIPMENT; LOCATION,LOCATION=11; EQUIPMENT=1,1,1
plastic wrapped humpy,EQUIPMENT,ambiguous,EQUIPMENT; LOCATION,EQUIPMENT=1; LOCATION=1,1,1
poll,BODY_PART,ambiguous,BODY_PART; LOCATION,BODY_PART=1; LOCATION=1,1,1
pontoon,EQUIPMENT,ambiguous,EQUIPMENT; LOCATION,EQUIPMENT=1; LOCATION=1,1,1
pool,LOCATION,high,BODY_PART; LOCATION,LOCATION=7; BODY_PART=1,1,1
port,LOCATION,high,BODY_PART; LOCATION,LOCATION=39; BODY_PART=1,1,1
port side,LOCATION,high,BODY_PART; LOCATION,LOCATION=32; BODY_PART=1,1,1
post,LOCATION,high,BODY_PART; LOCATION,LOCATION=7; BODY_PART=1,1,1
quina,BODY_PART,ambiguous,BODY_PART; LOCATION,BODY_PART=1; LOCATION=1,1,1
rack 1,EQUIPMENT,ambiguous,EQUIPMENT; LOCATION,EQUIPMENT=1; LOCATION=1,1,1
racks,EQUIPMENT,moderate,EQUIPMENT; LOCATION,EQUIPMENT=4; LOCATION=1,1,1
radian,LOCATION,moderate,BODY_PART; LOCATION,LOCATION=2; BODY_PART=1,1,1
rampa,LOCATION,moderate,BODY_PART; LOCATION,LOCATION=2; BODY_PART=1,1,1
paint rack,EQUIPMENT,ambiguous,EQUIPMENT; LOCATION,EQUIPMENT=1; LOCATION=1,1,1
padeye,BODY_PART,ambiguous,BODY_PART; EQUIPMENT,BODY_PART=1; EQUIPMENT=1,1,1
pad eye,BODY_PART,moderate,BODY_PART; EQUIPMENT,BODY_PART=4; EQUIPMENT=1,1,1
nearby clinic,LOCATION,ambiguous,LOCATION; ORGANIZATION,LOCATION=1; ORGANIZATION=1,1,1
middle,BODY_PART,moderate,BODY_PART; LOCATION,BODY_PART=2; LOCATION=1,1,1
mirrors,EQUIPMENT,moderate,BODY_PART; EQUIPMENT,EQUIPMENT=2; BODY_PART=1,1,1
mixing tank,EQUIPMENT,moderate,EQUIPMENT; LOCATION,EQUIPMENT=2; LOCATION=1,1,1
module 200,EQUIPMENT,ambiguous,EQUIPMENT; LOCATION,EQUIPMENT=1; LOCATION=1,1,1
module shop,LOCATION,moderate,LOCATION; ORGANIZATION,LOCATION=4; ORGANIZATION=1,1,1
monkey’s fist,BODY_PART,ambiguous,BODY_PART; EQUIPMENT,BODY_PART=1; EQUIPMENT=1,1,1
morts,BODY_PART,ambiguous,BODY_PART; LOCATION,BODY_PART=1; LOCATION=1,1,1
mouse hole,EQUIPMENT,ambiguous,EQUIPMENT; LOCATION,EQUIPMENT=1; LOCATION=1,1,1
mud mat,LOCATION,moderate,EQUIPMENT; LOCATION,LOCATION=2; EQUIPMENT=1,1,1
muffler,BODY_PART,ambiguous,BODY_PART; EQUIPMENT,BODY_PART=1; EQUIPMENT=1,1,1
nail,BODY_PART,high,BODY_PART; INJURY_TYPE,BODY_PART=6; INJURY_TYPE=1,1,1
nef A,LOCATION,ambiguous,LOCATION; ORGANIZATION,LOCATION=1; ORGANIZATION=1,1,1
overhead door,EQUIPMENT,moderate,EQUIPMENT; LOCATION,EQUIPMENT=2; LOCATION=1,1,1
office trailer,LOCATION,moderate,EQUIPMENT; LOCATION,LOCATION=2; EQUIPMENT=1,1,1
oficina de solda,ORGANIZATION,moderate,LOCATION; ORGANIZATION,ORGANIZATION=2; LOCATION=1,1,1
olhal,BODY_PART,ambiguous,BODY_PART; EQUIPMENT,BODY_PART=1; EQUIPMENT=1,1,1
on-site clinic,ORGANIZATION,moderate,LOCATION; ORGANIZATION,ORGANIZATION=4; LOCATION=1,1,1
onshore medical facility,LOCATION,moderate,LOCATION; ORGANIZATION,LOCATION=2; ORGANIZATION=1,1,1
onsite clinic,ORGANIZATION,high,LOCATION; ORGANIZATION,ORGANIZATION=5; LOCATION=1,1,1
open top tank,EQUIPMENT,ambiguous,EQUIPMENT; LOCATION,EQUIPMENT=1; LOCATION=1,1,1
operator,ORGANIZATION,high,EQUIPMENT; ORGANIZATION,ORGANIZATION=17; EQUIPMENT=1,1,1
outboard,EQUIPMENT,moderate,EQUIPMENT; LOCATION,EQUIPMENT=2; LOCATION=1,1,1
outrigger,EQUIPMENT,moderate,BODY_PART; EQUIPMENT,EQUIPMENT=3; BODY_PART=1,1,1
overhead,BODY_PART,ambiguous,BODY_PART; LOCATION,BODY_PART=1; LOCATION=1,1,1
mill,EQUIPMENT,ambiguous,EQUIPMENT; LOCATION,EQUIPMENT=1; LOCATION=1,1,1
TRAIN1,EQUIPMENT,ambiguous,EQUIPMENT; LOCATION,EQUIPMENT=1; LOCATION=1,1,1
bobcat,EQUIPMENT,moderate,BODY_PART; EQUIPMENT,EQUIPMENT=4; BODY_PART=1,1,1
Genie,EQUIPMENT,moderate,EQUIPMENT; ORGANIZATION,EQUIPMENT=2; ORGANIZATION=1,1,1
Flap #1,EQUIPMENT,ambiguous,EQUIPMENT; LOCATION,EQUIPMENT=1; LOCATION=1,1,1
Floragracht,LOCATION,moderate,LOCATION; ORGANIZATION,LOCATION=2; ORGANIZATION=1,1,1
Flowback,ORGANIZATION,moderate,EQUIPMENT; ORGANIZATION,ORGANIZATION=3; EQUIPMENT=1,1,1
Forth Ports,ORGANIZATION,moderate,LOCATION; ORGANIZATION,ORGANIZATION=2; LOCATION=1,1,1
G1200 Helideck,EQUIPMENT,ambiguous,EQUIPMENT; LOCATION,EQUIPMENT=1; LOCATION=1,1,1
G150,EQUIPMENT,moderate,EQUIPMENT; LOCATION,EQUIPMENT=4; LOCATION=1,1,1
G201,LOCATION,ambiguous,LOCATION; ORGANIZATION,LOCATION=1; ORGANIZATION=1,1,1
G2i,EQUIPMENT,moderate,EQUIPMENT; ORGANIZATION,EQUIPMENT=2; ORGANIZATION=1,1,1
GBV 18,LOCATION,ambiguous,LOCATION; ORGANIZATION,LOCATION=1; ORGANIZATION=1,1,1
GCS00,LOCATION,moderate,LOCATION; ORGANIZATION,LOCATION=3; ORGANIZATION=1,1,1
GOM,LOCATION,ambiguous,LOCATION; ORGANIZATION,LOCATION=1; ORGANIZATION=1,1,1
GTG,LOCATION,ambiguous,LOCATION; ORGANIZATION,LOCATION=1; ORGANIZATION=1,1,1
Gravity Base,EQUIPMENT,ambiguous,EQUIPMENT; LOCATION,EQUIPMENT=1; LOCATION=1,1,1
Fishing Tool,EQUIPMENT,ambiguous,EQUIPMENT; ORGANIZATION,EQUIPMENT=1; ORGANIZATION=1,1,1
Greater Enfield,LOCATION,high,LOCATION; ORGANIZATION,LOCATION=5; ORGANIZATION=1,1,1
HANZE terminal,LOCATION,moderate,EQUIPMENT; LOCATION,LOCATION=4; EQUIPMENT=1,1,1
HLB,LOCATION,moderate,LOCATION; ORGANIZATION,LOCATION=2; ORGANIZATION=1,1,1
HOM,LOCATION,moderate,EQUIPMENT; LOCATION,LOCATION=3; EQUIPMENT=1,1,1
HPA,EQUIPMENT,ambiguous,EQUIPMENT; LOCATION,EQUIPMENT=1; LOCATION=1,1,1
HPU1,EQUIPMENT,ambiguous,EQUIPMENT; LOCATION,EQUIPMENT=1; LOCATION=1,1,1
HRM,EQUIPMENT,ambiguous,EQUIPMENT; ORGANIZATION,EQUIPMENT=1; ORGANIZATION=1,1,1
HS,ORGANIZATION,high,LOCATION; ORGANIZATION,ORGANIZATION=6; LOCATION=1,1,1
HVAC duct,LOCATION,moderate,EQUIPMENT; LOCATION,LOCATION=2; EQUIPMENT=1,1,1
HW,ORGANIZATION,moderate,EQUIPMENT; ORGANIZATION,ORGANIZATION=2; EQUIPMENT=1,1,1
HYUNDAI,ORGANIZATION,moderate,LOCATION; ORGANIZATION,ORGANIZATION=2; LOCATION=1,1,1
Hall H,LOCATION,moderate,BODY_PART; LOCATION,LOCATION=2; BODY_PART=1,1,1
Fitter,EQUIPMENT,ambiguous,EQUIPMENT; ORGANIZATION,EQUIPMENT=1; ORGANIZATION=1,1,1
First aid,EQUIPMENT,high,EQUIPMENT; ORGANIZATION,EQUIPMENT=13; ORGANIZATION=1,1,1
EPIs,EQUIPMENT,moderate,EQUIPMENT; ORGANIZATION,EQUIPMENT=4; ORGANIZATION=1,1,1
Etalon,LOCATION,ambiguous,LOCATION; ORGANIZATION,LOCATION=1; ORGANIZATION=1,1,1
EQ,ORGANIZATION,moderate,LOCATION; ORGANIZATION,ORGANIZATION=2; LOCATION=1,1,1
ER,LOCATION,high,LOCATION; ORGANIZATION,LOCATION=9; ORGANIZATION=1,1,1
ERB,EQUIPMENT,ambiguous,EQUIPMENT; LOCATION,EQUIPMENT=1; LOCATION=1,1,1
ERT,ORGANIZATION,high,LOCATION; ORGANIZATION,ORGANIZATION=26; LOCATION=1,1,1
ESDV,EQUIPMENT,ambiguous,EQUIPMENT; ORGANIZATION,EQUIPMENT=1; ORGANIZATION=1,1,1
ESS-305,EQUIPMENT,ambiguous,EQUIPMENT; LOCATION,EQUIPMENT=1; LOCATION=1,1,1
ET4,LOCATION,moderate,LOCATION; ORGANIZATION,LOCATION=2; ORGANIZATION=1,1,1
Edradour project,ORGANIZATION,moderate,LOCATION; ORGANIZATION,ORGANIZATION=4; LOCATION=1,1,1
Emergency Diesel Generators,LOCATION,ambiguous,LOCATION; ORGANIZATION,LOCATION=1; ORGANIZATION=1,1,1
Emsslift,EQUIPMENT,ambiguous,EQUIPMENT; ORGANIZATION,EQUIPMENT=1; ORGANIZATION=1,1,1
Energy Tower 4,LOCATION,moderate,LOCATION; ORGANIZATION,LOCATION=2; ORGANIZATION=1,1,1
Engineering department,ORGANIZATION,high,LOCATION; ORGANIZATION,ORGANIZATION=5; LOCATION=1,1,1
Etrez,LOCATION,high,LOCATION; ORGANIZATION,LOCATION=12; ORGANIZATION=1,1,1
Feres Medical Facility,LOCATION,ambiguous,LOCATION; ORGANIZATION,LOCATION=1; ORGANIZATION=1,1,1
FAT,ORGANIZATION,moderate,LOCATION; ORGANIZATION,ORGANIZATION=4; LOCATION=1,1,1
FB,BODY_PART,ambiguous,BODY_PART; ORGANIZATION,BODY_PART=1; ORGANIZATION=1,1,1
FEL,EQUIPMENT,ambiguous,EQUIPMENT; ORGANIZATION,EQUIPMENT=1; ORGANIZATION=1,1,1
FIBAP,ORGANIZATION,moderate,EQUIPMENT; ORGANIZATION,ORGANIZATION=4; EQUIPMENT=1,1,1
FIU,EQUIPMENT,moderate,EQUIPMENT; ORGANIZATION,EQUIPMENT=4; ORGANIZATION=1,1,1
FLNG,ORGANIZATION,moderate,EQUIPMENT; ORGANIZATION,ORGANIZATION=2; EQUIPMENT=1,1,1
FLOT,EQUIPMENT,moderate,EQUIPMENT; LOCATION,EQUIPMENT=4; LOCATION=1,1,1
FM,EQUIPMENT,ambiguous,EQUIPMENT; ORGANIZATION,EQUIPMENT=1; ORGANIZATION=1,1,1
FMC,ORGANIZATION,high,EQUIPMENT; ORGANIZATION,ORGANIZATION=32; EQUIPMENT=1,1,1
FSTs,ORGANIZATION,moderate,EQUIPMENT; ORGANIZATION,ORGANIZATION=3; EQUIPMENT=1,1,1
Fayard shipyard,LOCATION,ambiguous,LOCATION; ORGANIZATION,LOCATION=1; ORGANIZATION=1,1,1
Fenja,LOCATION,ambiguous,LOCATION; ORGANIZATION,LOCATION=1; ORGANIZATION=1,1,1
Halten ?st Project,LOCATION,moderate,LOCATION; ORGANIZATION,LOCATION=2; ORGANIZATION=1,1,1
Happy River,LOCATION,ambiguous,LOCATION; ORGANIZATION,LOCATION=1; ORGANIZATION=1,1,1
Hasbah reel,EQUIPMENT,ambiguous,EQUIPMENT; LOCATION,EQUIPMENT=1; LOCATION=1,1,1
MEG,ORGANIZATION,moderate,EQUIPMENT; ORGANIZATION,ORGANIZATION=4; EQUIPMENT=1,1,1
Komotini Project Clinic,LOCATION,ambiguous,LOCATION; ORGANIZATION,LOCATION=1; ORGANIZATION=1,1,1
LAOT,ORGANIZATION,moderate,EQUIPMENT; ORGANIZATION,ORGANIZATION=2; EQUIPMENT=1,1,1
LB,LOCATION,ambiguous,LOCATION; ORGANIZATION,LOCATION=1; ORGANIZATION=1,1,1
LDC,ORGANIZATION,moderate,EQUIPMENT; ORGANIZATION,ORGANIZATION=4; EQUIPMENT=1,1,1
LQ,BODY_PART,ambiguous,BODY_PART; ORGANIZATION,BODY_PART=1; ORGANIZATION=1,1,1
LS,BODY_PART,ambiguous,BODY_PART; EQUIPMENT,BODY_PART=1; EQUIPMENT=1,1,1
LST,LOCATION,ambiguous,LOCATION; ORGANIZATION,LOCATION=1; ORGANIZATION=1,1,1
LTPC,EQUIPMENT,ambiguous,EQUIPMENT; ORGANIZATION,EQUIPMENT=1; ORGANIZATION=1,1,1
Lobito,LOCATION,high,LOCATION; ORGANIZATION,LOCATION=45; ORGANIZATION=1,1,1
Loyal Drill Centre,LOCATION,ambiguous,LOCATION; ORGANIZATION,LOCATION=1; ORGANIZATION=1,1,1
Lysaker,LOCATION,high,LOCATION; ORGANIZATION,LOCATION=83; ORGANIZATION=1,1,1
MDIS,ORGANIZATION,moderate,EQUIPMENT; ORGANIZATION,ORGANIZATION=2; EQUIPMENT=1,1,1
MEWPS,EQUIPMENT,moderate,EQUIPMENT; ORGANIZATION,EQUIPMENT=3; ORGANIZATION=1,1,1
Helix,ORGANIZATION,moderate,LOCATION; ORGANIZATION,ORGANIZATION=2; LOCATION=1,1,1
MIL205,EQUIPMENT,ambiguous,EQUIPMENT; ORGANIZATION,EQUIPMENT=1; ORGANIZATION=1,1,1
MLP,ORGANIZATION,moderate,EQUIPMENT; ORGANIZATION,ORGANIZATION=3; EQUIPMENT=1,1,1
MMR,ORGANIZATION,moderate,LOCATION; ORGANIZATION,ORGANIZATION=3; LOCATION=1,1,1
MMT,ORGANIZATION,high,LOCATION; ORGANIZATION,ORGANIZATION=11; LOCATION=1,1,1
MPP,EQUIPMENT,moderate,EQUIPMENT; ORGANIZATION,EQUIPMENT=3; ORGANIZATION=1,1,1
MTI,ORGANIZATION,high,LOCATION; ORGANIZATION,ORGANIZATION=6; LOCATION=1,1,1
MTP,LOCATION,ambiguous,LOCATION; ORGANIZATION,LOCATION=1; ORGANIZATION=1,1,1
MTR1,EQUIPMENT,ambiguous,EQUIPMENT; LOCATION,EQUIPMENT=1; LOCATION=1,1,1
MTRT,EQUIPMENT,moderate,EQUIPMENT; ORGANIZATION,EQUIPMENT=4; ORGANIZATION=1,1,1
MVC,EQUIPMENT,moderate,EQUIPMENT; ORGANIZATION,EQUIPMENT=2; ORGANIZATION=1,1,1
MWP,LOCATION,high,LOCATION; ORGANIZATION,LOCATION=31; ORGANIZATION=1,1,1
Maersk Detector,EQUIPMENT,ambiguous,EQUIPMENT; ORGANIZATION,EQUIPMENT=1; ORGANIZATION=1,1,1
Kit Cell,LOCATION,moderate,LOCATION; ORGANIZATION,LOCATION=3; ORGANIZATION=1,1,1
Kavala Hospital,LOCATION,ambiguous,LOCATION; ORGANIZATION,LOCATION=1; ORGANIZATION=1,1,1
Kastoria General Hospital,LOCATION,ambiguous,LOCATION; ORGANIZATION,LOCATION=1; ORGANIZATION=1,1,1
Karratha Health Campus,LOCATION,ambiguous,LOCATION; ORGANIZATION,LOCATION=1; ORGANIZATION=1,1,1
Highbay,LOCATION,high,LOCATION; ORGANIZATION,LOCATION=6; ORGANIZATION=1,1,1
Horn Mountain West,LOCATION,ambiguous,LOCATION; ORGANIZATION,LOCATION=1; ORGANIZATION=1,1,1
Hospital Labuan,LOCATION,ambiguous,LOCATION; ORGANIZATION,LOCATION=1; ORGANIZATION=1,1,1
Houston Weld Shop,ORGANIZATION,moderate,LOCATION; ORGANIZATION,ORGANIZATION=2; LOCATION=1,1,1
Huisman,ORGANIZATION,high,LOCATION; ORGANIZATION,ORGANIZATION=6; LOCATION=1,1,1
I.P.,ORGANIZATION,moderate,BODY_PART; ORGANIZATION,ORGANIZATION=4; BODY_PART=1,1,1
IB hub,EQUIPMENT,ambiguous,EQUIPMENT; LOCATION,EQUIPMENT=1; LOCATION=1,1,1
ICO,ORGANIZATION,moderate,LOCATION; ORGANIZATION,ORGANIZATION=3; LOCATION=1,1,1
IFS,ORGANIZATION,high,EQUIPMENT; ORGANIZATION,ORGANIZATION=12; EQUIPMENT=1,1,1
ISBL,LOCATION,ambiguous,LOCATION; ORGANIZATION,LOCATION=1; ORGANIZATION=1,1,1
ISOS clinic,ORGANIZATION,high,LOCATION; ORGANIZATION,ORGANIZATION=6; LOCATION=1,1,1
ISOS_x000D_,LOCATION,ambiguous,LOCATION; ORGANIZATION,LOCATION=1; ORGANIZATION=1,1,1
ITS,ORGANIZATION,moderate,EQUIPMENT; ORGANIZATION,ORGANIZATION=2; EQUIPMENT=1,1,1
IWCM,ORGANIZATION,moderate,EQUIPMENT; ORGANIZATION,ORGANIZATION=2; EQUIPMENT=1,1,1
Inspection,LOCATION,ambiguous,LOCATION; ORGANIZATION,LOCATION=1; ORGANIZATION=1,1,1
Intelex,ORGANIZATION,high,EQUIPMENT; ORGANIZATION,ORGANIZATION=22; EQUIPMENT=1,1,1
Ithaca,LOCATION,ambiguous,LOCATION; ORGANIZATION,LOCATION=1; ORGANIZATION=1,1,1
JB,EQUIPMENT,ambiguous,EQUIPMENT; LOCATION,EQUIPMENT=1; LOCATION=1,1,1
JFL,LOCATION,ambiguous,LOCATION; ORGANIZATION,LOCATION=1; ORGANIZATION=1,1,1
JSA,ORGANIZATION,high,EQUIPMENT; ORGANIZATION,ORGANIZATION=54; EQUIPMENT=1,1,1
Jacket walkway,BODY_PART,ambiguous,BODY_PART; LOCATION,BODY_PART=1; LOCATION=1,1,1
Jurong Port,LOCATION,ambiguous,LOCATION; ORGANIZATION,LOCATION=1; ORGANIZATION=1,1,1
KSU B17,LOCATION,ambiguous,LOCATION; ORGANIZATION,LOCATION=1; ORGANIZATION=1,1,1
KTP,ORGANIZATION,high,LOCATION; ORGANIZATION,ORGANIZATION=8; LOCATION=1,1,1
Karmsund Havn,ORGANIZATION,moderate,LOCATION; ORGANIZATION,ORGANIZATION=2; LOCATION=1,1,1
EPP,EQUIPMENT,moderate,EQUIPMENT; ORGANIZATION,EQUIPMENT=2; ORGANIZATION=1,1,1
ELCB,EQUIPMENT,ambiguous,EQUIPMENT; ORGANIZATION,EQUIPMENT=1; ORGANIZATION=1,1,1
Marshalling,LOCATION,ambiguous,LOCATION; ORGANIZATION,LOCATION=1; ORGANIZATION=1,1,1
BH,ORGANIZATION,high,LOCATION; ORGANIZATION,ORGANIZATION=5; LOCATION=1,1,1
Alexandroupoli hospital,LOCATION,ambiguous,LOCATION; ORGANIZATION,LOCATION=1; ORGANIZATION=1,1,1
Allseas Solitaire,ORGANIZATION,moderate,LOCATION; ORGANIZATION,ORGANIZATION=3; LOCATION=1,1,1
Altea,LOCATION,ambiguous,LOCATION; ORGANIZATION,LOCATION=1; ORGANIZATION=1,1,1
Apache II,EQUIPMENT,moderate,EQUIPMENT; LOCATION,EQUIPMENT=2; LOCATION=1,1,1
Appomattox,LOCATION,ambiguous,LOCATION; ORGANIZATION,LOCATION=1; ORGANIZATION=1,1,1
Arctica 2,EQUIPMENT,ambiguous,EQUIPMENT; LOCATION,EQUIPMENT=1; LOCATION=1,1,1
Armor 10,EQUIPMENT,ambiguous,EQUIPMENT; ORGANIZATION,EQUIPMENT=1; ORGANIZATION=1,1,1
Attachment 1,LOCATION,moderate,EQUIPMENT; LOCATION,LOCATION=2; EQUIPMENT=1,1,1
Azerikimya,ORGANIZATION,moderate,LOCATION; ORGANIZATION,ORGANIZATION=2; LOCATION=1,1,1
B14,LOCATION,ambiguous,LOCATION; ORGANIZATION,LOCATION=1; ORGANIZATION=1,1,1
B6,LOCATION,ambiguous,LOCATION; ORGANIZATION,LOCATION=1; ORGANIZATION=1,1,1
BAP,ORGANIZATION,moderate,LOCATION; ORGANIZATION,ORGANIZATION=3; LOCATION=1,1,1
BLS,EQUIPMENT,moderate,EQUIPMENT; LOCATION,EQUIPMENT=2; LOCATION=1,1,1
Aberdeen Royal Infirmary,LOCATION,moderate,LOCATION; ORGANIZATION,LOCATION=2; ORGANIZATION=1,1,1
BORL OHC centre,LOCATION,ambiguous,LOCATION; ORGANIZATION,LOCATION=1; ORGANIZATION=1,1,1
BSLM,ORGANIZATION,moderate,EQUIPMENT; ORGANIZATION,ORGANIZATION=2; EQUIPMENT=1,1,1
BSP24,ORGANIZATION,moderate,EQUIPMENT; ORGANIZATION,ORGANIZATION=2; EQUIPMENT=1,1,1
BSRTT,EQUIPMENT,moderate,EQUIPMENT; ORGANIZATION,EQUIPMENT=4; ORGANIZATION=1,1,1
BWI BP medical centre,LOCATION,ambiguous,LOCATION; ORGANIZATION,LOCATION=1; ORGANIZATION=1,1,1
Bellman,ORGANIZATION,moderate,EQUIPMENT; ORGANIZATION,ORGANIZATION=3; EQUIPMENT=1,1,1
Big Red,ORGANIZATION,moderate,EQUIPMENT; ORGANIZATION,ORGANIZATION=3; EQUIPMENT=1,1,1
Bintulu Medical Center,LOCATION,ambiguous,LOCATION; ORGANIZATION,LOCATION=1; ORGANIZATION=1,1,1
Bob A6,LOCATION,ambiguous,LOCATION; ORGANIZATION,LOCATION=1; ORGANIZATION=1,1,1
Bourbon Bora,LOCATION,ambiguous,LOCATION; ORGANIZATION,LOCATION=1; ORGANIZATION=1,1,1
Bourbon Evolution 803,EQUIPMENT,ambiguous,EQUIPMENT; LOCATION,EQUIPMENT=1; LOCATION=1,1,1
Breidablikk,LOCATION,moderate,LOCATION; ORGANIZATION,LOCATION=2; ORGANIZATION=1,1,1
Aegir,LOCATION,ambiguous,LOCATION; ORGANIZATION,LOCATION=1; ORGANIZATION=1,1,1
Aberdeen,LOCATION,high,LOCATION; ORGANIZATION,LOCATION=2547; ORGANIZATION=1,1,1
EDG,ORGANIZATION,high,LOCATION; ORGANIZATION,ORGANIZATION=6; LOCATION=1,1,1
A&P Tyne,LOCATION,moderate,LOCATION; ORGANIZATION,LOCATION=2; ORGANIZATION=1,1,1
1250 Carousel,LOCATION,moderate,EQUIPMENT; LOCATION,LOCATION=2; EQUIPMENT=1,1,1
2/E,ORGANIZATION,moderate,EQUIPMENT; ORGANIZATION,ORGANIZATION=3; EQUIPMENT=1,1,1
2nd end,BODY_PART,ambiguous,BODY_PART; EQUIPMENT,BODY_PART=1; EQUIPMENT=1,1,1
3 level clinic,LOCATION,ambiguous,LOCATION; ORGANIZATION,LOCATION=1; ORGANIZATION=1,1,1
3-rd level Medical clinic,LOCATION,ambiguous,LOCATION; ORGANIZATION,LOCATION=1; ORGANIZATION=1,1,1
3/E,EQUIPMENT,ambiguous,EQUIPMENT; ORGANIZATION,EQUIPMENT=1; ORGANIZATION=1,1,1
3505,LOCATION,moderate,EQUIPMENT; LOCATION,LOCATION=2; EQUIPMENT=1,1,1
?Romashka? Camp,LOCATION,moderate,LOCATION; ORGANIZATION,LOCATION=3; ORGANIZATION=1,1,1
A & E,LOCATION,ambiguous,LOCATION; ORGANIZATION,LOCATION=1; ORGANIZATION=1,1,1
A & R,EQUIPMENT,ambiguous,EQUIPMENT; ORGANIZATION,EQUIPMENT=1; ORGANIZATION=1,1,1
A Ponte,ORGANIZATION,moderate,LOCATION; ORGANIZATION,ORGANIZATION=2; LOCATION=1,1,1
A&E department,LOCATION,moderate,LOCATION; ORGANIZATION,LOCATION=2; ORGANIZATION=1,1,1
A1,INJURY_TYPE,ambiguous,INJURY_TYPE; LOCATION,INJURY_TYPE=1; LOCATION=1,1,1
Aasta Hansteen Spar,LOCATION,ambiguous,LOCATION; ORGANIZATION,LOCATION=1; ORGANIZATION=1,1,1
A11,EQUIPMENT,ambiguous,EQUIPMENT; LOCATION,EQUIPMENT=1; LOCATION=1,1,1
A6,EQUIPMENT,ambiguous,EQUIPMENT; LOCATION,EQUIPMENT=1; LOCATION=1,1,1
A7,EQUIPMENT,ambiguous,EQUIPMENT; LOCATION,EQUIPMENT=1; LOCATION=1,1,1
AC,EQUIPMENT,moderate,EQUIPMENT; ORGANIZATION,EQUIPMENT=4; ORGANIZATION=1,1,1
ACC,ORGANIZATION,high,LOCATION; ORGANIZATION,ORGANIZATION=17; LOCATION=1,1,1
AHC,EQUIPMENT,ambiguous,EQUIPMENT; LOCATION,EQUIPMENT=1; LOCATION=1,1,1
AKILUX,EQUIPMENT,moderate,EQUIPMENT; ORGANIZATION,EQUIPMENT=2; ORGANIZATION=1,1,1
APSB,ORGANIZATION,moderate,LOCATION; ORGANIZATION,ORGANIZATION=2; LOCATION=1,1,1
ASA,EQUIPMENT,ambiguous,EQUIPMENT; ORGANIZATION,EQUIPMENT=1; ORGANIZATION=1,1,1
ASB,ORGANIZATION,moderate,LOCATION; ORGANIZATION,ORGANIZATION=3; LOCATION=1,1,1
AU site,LOCATION,ambiguous,LOCATION; ORGANIZATION,LOCATION=1; ORGANIZATION=1,1,1
AWT,ORGANIZATION,moderate,EQUIPMENT; ORGANIZATION,ORGANIZATION=3; EQUIPMENT=1,1,1
Buzios,LOCATION,ambiguous,LOCATION; ORGANIZATION,LOCATION=1; ORGANIZATION=1,1,1
C,BODY_PART,ambiguous,BODY_PART; LOCATION,BODY_PART=1; LOCATION=1,1,1
C-spine,BODY_PART,ambiguous,BODY_PART; EQUIPMENT,BODY_PART=1; EQUIPMENT=1,1,1
DWP,ORGANIZATION,moderate,EQUIPMENT; ORGANIZATION,ORGANIZATION=2; EQUIPMENT=1,1,1
DAT,EQUIPMENT,moderate,EQUIPMENT; ORGANIZATION,EQUIPMENT=2; ORGANIZATION=1,1,1
DG,EQUIPMENT,moderate,EQUIPMENT; ORGANIZATION,EQUIPMENT=2; ORGANIZATION=1,1,1
DHT,ORGANIZATION,moderate,LOCATION; ORGANIZATION,ORGANIZATION=4; LOCATION=1,1,1
DMA,ORGANIZATION,moderate,LOCATION; ORGANIZATION,ORGANIZATION=3; LOCATION=1,1,1
DMAS,ORGANIZATION,moderate,EQUIPMENT; ORGANIZATION,ORGANIZATION=3; EQUIPMENT=1,1,1
DP3,LOCATION,moderate,EQUIPMENT; LOCATION,LOCATION=2; EQUIPMENT=1,1,1
DPG,EQUIPMENT,ambiguous,EQUIPMENT; ORGANIZATION,EQUIPMENT=1; ORGANIZATION=1,1,1
DPO’s,EQUIPMENT,ambiguous,EQUIPMENT; ORGANIZATION,EQUIPMENT=1; ORGANIZATION=1,1,1
DRA,ORGANIZATION,moderate,EQUIPMENT; ORGANIZATION,ORGANIZATION=4; EQUIPMENT=1,1,1
DSB,ORGANIZATION,high,LOCATION; ORGANIZATION,ORGANIZATION=8; LOCATION=1,1,1
DTB,LOCATION,moderate,LOCATION; ORGANIZATION,LOCATION=2; ORGANIZATION=1,1,1
DTH,EQUIPMENT,moderate,EQUIPMENT; ORGANIZATION,EQUIPMENT=3; ORGANIZATION=1,1,1
Damen Verolme,ORGANIZATION,moderate,LOCATION; ORGANIZATION,ORGANIZATION=3; LOCATION=1,1,1
CCTV,EQUIPMENT,high,EQUIPMENT; ORGANIZATION,EQUIPMENT=6; ORGANIZATION=1,1,1
Deema,LOCATION,ambiguous,LOCATION; ORGANIZATION,LOCATION=1; ORGANIZATION=1,1,1
Deep Blue clinic,LOCATION,ambiguous,LOCATION; ORGANIZATION,LOCATION=1; ORGANIZATION=1,1,1
Deepsea Yantai,LOCATION,ambiguous,LOCATION; ORGANIZATION,LOCATION=1; ORGANIZATION=1,1,1
Distribution Center,LOCATION,ambiguous,LOCATION; ORGANIZATION,LOCATION=1; ORGANIZATION=1,1,1
Document Controller office,LOCATION,ambiguous,LOCATION; ORGANIZATION,LOCATION=1; ORGANIZATION=1,1,1
Duva & P1 Project,LOCATION,ambiguous,LOCATION; ORGANIZATION,LOCATION=1; ORGANIZATION=1,1,1
Dvalin North,LOCATION,moderate,LOCATION; ORGANIZATION,LOCATION=2; ORGANIZATION=1,1,1
E Stop,EQUIPMENT,moderate,EQUIPMENT; LOCATION,EQUIPMENT=2; LOCATION=1,1,1
E&I support,EQUIPMENT,ambiguous,EQUIPMENT; ORGANIZATION,EQUIPMENT=1; ORGANIZATION=1,1,1
E105,EQUIPMENT,moderate,EQUIPMENT; LOCATION,EQUIPMENT=2; LOCATION=1,1,1
ECA,LOCATION,ambiguous,LOCATION; ORGANIZATION,LOCATION=1; ORGANIZATION=1,1,1
ECG,EQUIPMENT,high,EQUIPMENT; ORGANIZATION,EQUIPMENT=7; ORGANIZATION=1,1,1
D&A,INJURY_TYPE,ambiguous,INJURY_TYPE; ORGANIZATION,INJURY_TYPE=1; ORGANIZATION=1,1,1
Crane Op,ORGANIZATION,moderate,EQUIPMENT; ORGANIZATION,ORGANIZATION=4; EQUIPMENT=1,1,1
Crane No 2,EQUIPMENT,moderate,EQUIPMENT; ORGANIZATION,EQUIPMENT=2; ORGANIZATION=1,1,1
Compressor “A”,EQUIPMENT,ambiguous,EQUIPMENT; LOCATION,EQUIPMENT=1; LOCATION=1,1,1
CDA,ORGANIZATION,high,LOCATION; ORGANIZATION,ORGANIZATION=7; LOCATION=1,1,1
CDW-B,EQUIPMENT,ambiguous,EQUIPMENT; LOCATION,EQUIPMENT=1; LOCATION=1,1,1
CEU 21,LOCATION,moderate,LOCATION; ORGANIZATION,LOCATION=2; ORGANIZATION=1,1,1
CHRT,ORGANIZATION,moderate,EQUIPMENT; ORGANIZATION,ORGANIZATION=2; EQUIPMENT=1,1,1
CMT,EQUIPMENT,ambiguous,EQUIPMENT; ORGANIZATION,EQUIPMENT=1; ORGANIZATION=1,1,1
COXON TIDE,EQUIPMENT,ambiguous,EQUIPMENT; ORGANIZATION,EQUIPMENT=1; ORGANIZATION=1,1,1
CP,ORGANIZATION,moderate,LOCATION; ORGANIZATION,ORGANIZATION=3; LOCATION=1,1,1
CPE,ORGANIZATION,high,EQUIPMENT; ORGANIZATION,ORGANIZATION=64; EQUIPMENT=1,1,1
CR,LOCATION,ambiguous,LOCATION; ORGANIZATION,LOCATION=1; ORGANIZATION=1,1,1
CRF,ORGANIZATION,high,EQUIPMENT; ORGANIZATION,ORGANIZATION=5; EQUIPMENT=1,1,1
CRU,EQUIPMENT,ambiguous,EQUIPMENT; ORGANIZATION,EQUIPMENT=1; ORGANIZATION=1,1,1
CT,LOCATION,moderate,EQUIPMENT; LOCATION,LOCATION=2; EQUIPMENT=1,1,1
CVC RT,EQUIPMENT,moderate,EQUIPMENT; ORGANIZATION,EQUIPMENT=3; ORGANIZATION=1,1,1
Caldeiraria,LOCATION,moderate,LOCATION; ORGANIZATION,LOCATION=2; ORGANIZATION=1,1,1
Callanish Project,LOCATION,ambiguous,LOCATION; ORGANIZATION,LOCATION=1; ORGANIZATION=1,1,1
Camp 3 Clinic,ORGANIZATION,moderate,LOCATION; ORGANIZATION,ORGANIZATION=2; LOCATION=1,1,1
Camp 6 clinic,ORGANIZATION,high,LOCATION; ORGANIZATION,ORGANIZATION=5; LOCATION=1,1,1
Carousel B,EQUIPMENT,ambiguous,EQUIPMENT; LOCATION,EQUIPMENT=1; LOCATION=1,1,1
Carousel H,LOCATION,moderate,EQUIPMENT; LOCATION,LOCATION=3; EQUIPMENT=1,1,1
Cavotec,EQUIPMENT,moderate,EQUIPMENT; ORGANIZATION,EQUIPMENT=2; ORGANIZATION=1,1,1
ChagTerms,LOCATION,ambiguous,LOCATION; ORGANIZATION,LOCATION=1; ORGANIZATION=1,1,1
Channelview,LOCATION,high,LOCATION; ORGANIZATION,LOCATION=285; ORGANIZATION=1,1,1
Chesapeake,ORGANIZATION,moderate,LOCATION; ORGANIZATION,ORGANIZATION=3; LOCATION=1,1,1
Chinese finger,BODY_PART,high,BODY_PART; EQUIPMENT,BODY_PART=8; EQUIPMENT=1,1,1
Christmas Tree,LOCATION,ambiguous,LOCATION; ORGANIZATION,LOCATION=1; ORGANIZATION=1,1,1
Main Control Room,LOCATION,moderate,LOCATION; ORGANIZATION,LOCATION=4; ORGANIZATION=1,1,1
Mason,ORGANIZATION,high,LOCATION; ORGANIZATION,ORGANIZATION=5; LOCATION=1,1,1
boat,EQUIPMENT,ambiguous,EQUIPMENT; LOCATION,EQUIPMENT=1; LOCATION=1,1,1
Transocean Spitsbergen,LOCATION,ambiguous,LOCATION; ORGANIZATION,LOCATION=1; ORGANIZATION=1,1,1
TechCenter,LOCATION,high,LOCATION; ORGANIZATION,LOCATION=41; ORGANIZATION=1,1,1
Tehcnip,LOCATION,ambiguous,LOCATION; ORGANIZATION,LOCATION=1; ORGANIZATION=1,1,1
Template N,EQUIPMENT,ambiguous,EQUIPMENT; LOCATION,EQUIPMENT=1; LOCATION=1,1,1
Tens?o Constante,EQUIPMENT,ambiguous,EQUIPMENT; LOCATION,EQUIPMENT=1; LOCATION=1,1,1
Tether Management System,EQUIPMENT,ambiguous,EQUIPMENT; ORGANIZATION,EQUIPMENT=1; ORGANIZATION=1,1,1
The Bridge,ORGANIZATION,moderate,LOCATION; ORGANIZATION,ORGANIZATION=4; LOCATION=1,1,1
The Deep Blue,ORGANIZATION,high,LOCATION; ORGANIZATION,ORGANIZATION=12; LOCATION=1,1,1
Theodore spoolbase,LOCATION,high,EQUIPMENT; LOCATION,LOCATION=22; EQUIPMENT=1,1,1
Thermoplastic Umbilical Factory,ORGANIZATION,moderate,LOCATION; ORGANIZATION,ORGANIZATION=2; LOCATION=1,1,1
Thermoplastic Umbilicals Factory,LOCATION,ambiguous,LOCATION; ORGANIZATION,LOCATION=1; ORGANIZATION=1,1,1
Tooling workshop,LOCATION,moderate,LOCATION; ORGANIZATION,LOCATION=2; ORGANIZATION=1,1,1
Tower Crane #2,EQUIPMENT,ambiguous,EQUIPMENT; ORGANIZATION,EQUIPMENT=1; ORGANIZATION=1,1,1
Tubing Hanger (TH),LOCATION,moderate,EQUIPMENT; LOCATION,LOCATION=2; EQUIPMENT=1,1,1
TWC,EQUIPMENT,ambiguous,EQUIPMENT; ORGANIZATION,EQUIPMENT=1; ORGANIZATION=1,1,1
UOT,LOCATION,ambiguous,LOCATION; ORGANIZATION,LOCATION=1; ORGANIZATION=1,1,1
UT,ORGANIZATION,moderate,BODY_PART; ORGANIZATION,ORGANIZATION=2; BODY_PART=1,1,1
UTAJ,LOCATION,ambiguous,LOCATION; ORGANIZATION,LOCATION=1; ORGANIZATION=1,1,1
UTF,EQUIPMENT,ambiguous,EQUIPMENT; ORGANIZATION,EQUIPMENT=1; ORGANIZATION=1,1,1
UTH frames,EQUIPMENT,ambiguous,EQUIPMENT; ORGANIZATION,EQUIPMENT=1; ORGANIZATION=1,1,1
UWS,LOCATION,moderate,LOCATION; ORGANIZATION,LOCATION=3; ORGANIZATION=1,1,1
Unihead,EQUIPMENT,high,EQUIPMENT; LOCATION,EQUIPMENT=5; LOCATION=1,1,1
Unit 14,LOCATION,ambiguous,LOCATION; ORGANIZATION,LOCATION=1; ORGANIZATION=1,1,1
Ustay,ORGANIZATION,high,LOCATION; ORGANIZATION,ORGANIZATION=16; LOCATION=1,1,1
Ustay sewage water truck,EQUIPMENT,ambiguous,EQUIPMENT; ORGANIZATION,EQUIPMENT=1; ORGANIZATION=1,1,1
Utilities,LOCATION,moderate,LOCATION; ORGANIZATION,LOCATION=3; ORGANIZATION=1,1,1
Utsira High Project,ORGANIZATION,moderate,EQUIPMENT; ORGANIZATION,ORGANIZATION=2; EQUIPMENT=1,1,1
Tarragona,LOCATION,high,LOCATION; ORGANIZATION,LOCATION=7; ORGANIZATION=1,1,1
TUP,LOCATION,moderate,LOCATION; ORGANIZATION,LOCATION=2; ORGANIZATION=1,1,1
Siem Barracuda,EQUIPMENT,ambiguous,EQUIPMENT; ORGANIZATION,EQUIPMENT=1; ORGANIZATION=1,1,1
TBT_x000D_,ORGANIZATION,moderate,LOCATION; ORGANIZATION,ORGANIZATION=2; LOCATION=1,1,1
Site First Aid station,LOCATION,moderate,LOCATION; ORGANIZATION,LOCATION=3; ORGANIZATION=1,1,1
Skandi Caledonia,ORGANIZATION,moderate,LOCATION; ORGANIZATION,ORGANIZATION=2; LOCATION=1,1,1
Skandi Niterói,LOCATION,ambiguous,LOCATION; ORGANIZATION,LOCATION=1; ORGANIZATION=1,1,1
Spar,ORGANIZATION,moderate,LOCATION; ORGANIZATION,ORGANIZATION=3; LOCATION=1,1,1
Stanley,LOCATION,ambiguous,LOCATION; ORGANIZATION,LOCATION=1; ORGANIZATION=1,1,1
Starboard ROV,EQUIPMENT,moderate,EQUIPMENT; ORGANIZATION,EQUIPMENT=2; ORGANIZATION=1,1,1
Stbd TTS,LOCATION,moderate,EQUIPMENT; LOCATION,LOCATION=2; EQUIPMENT=1,1,1
Surf Allamanda,LOCATION,ambiguous,LOCATION; ORGANIZATION,LOCATION=1; ORGANIZATION=1,1,1
Surfer 2000,EQUIPMENT,ambiguous,EQUIPMENT; ORGANIZATION,EQUIPMENT=1; ORGANIZATION=1,1,1
TAP Project,ORGANIZATION,high,LOCATION; ORGANIZATION,ORGANIZATION=38; LOCATION=1,1,1
TATRA,EQUIPMENT,ambiguous,EQUIPMENT; ORGANIZATION,EQUIPMENT=1; ORGANIZATION=1,1,1
TBT & JRA,EQUIPMENT,ambiguous,EQUIPMENT; ORGANIZATION,EQUIPMENT=1; ORGANIZATION=1,1,1
TCN 26,EQUIPMENT,ambiguous,EQUIPMENT; LOCATION,EQUIPMENT=1; LOCATION=1,1,1
TUL,ORGANIZATION,high,LOCATION; ORGANIZATION,ORGANIZATION=11; LOCATION=1,1,1
TFM,EQUIPMENT,ambiguous,EQUIPMENT; ORGANIZATION,EQUIPMENT=1; ORGANIZATION=1,1,1
THOS,EQUIPMENT,moderate,EQUIPMENT; ORGANIZATION,EQUIPMENT=2; ORGANIZATION=1,1,1
THRA,EQUIPMENT,moderate,EQUIPMENT; ORGANIZATION,EQUIPMENT=2; ORGANIZATION=1,1,1
THS,LOCATION,moderate,LOCATION; ORGANIZATION,LOCATION=2; ORGANIZATION=1,1,1
TIG,ORGANIZATION,moderate,EQUIPMENT; ORGANIZATION,ORGANIZATION=3; EQUIPMENT=1,1,1
TLS tower,EQUIPMENT,ambiguous,EQUIPMENT; ORGANIZATION,EQUIPMENT=1; ORGANIZATION=1,1,1
TMP005,LOCATION,ambiguous,LOCATION; ORGANIZATION,LOCATION=1; ORGANIZATION=1,1,1
TMS module,EQUIPMENT,moderate,EQUIPMENT; ORGANIZATION,EQUIPMENT=2; ORGANIZATION=1,1,1
TOJ,LOCATION,moderate,EQUIPMENT; LOCATION,LOCATION=2; EQUIPMENT=1,1,1
TPAR,ORGANIZATION,moderate,LOCATION; ORGANIZATION,ORGANIZATION=2; LOCATION=1,1,1
TR,LOCATION,ambiguous,LOCATION; ORGANIZATION,LOCATION=1; ORGANIZATION=1,1,1
114-PAU-012 Compressor A,EQUIPMENT,ambiguous,EQUIPMENT; LOCATION,EQUIPMENT=1; LOCATION=1,1,1
VLS gutter,EQUIPMENT,ambiguous,EQUIPMENT; LOCATION,EQUIPMENT=1; LOCATION=1,1,1
VLS tower,EQUIPMENT,moderate,EQUIPMENT; LOCATION,EQUIPMENT=2; LOCATION=1,1,1
VLS work table,EQUIPMENT,moderate,EQUIPMENT; LOCATION,EQUIPMENT=2; LOCATION=1,1,1
assembly table,LOCATION,moderate,EQUIPMENT; LOCATION,LOCATION=2; EQUIPMENT=1,1,1
affected area,BODY_PART,ambiguous,BODY_PART; LOCATION,BODY_PART=1; LOCATION=1,1,1
aft bell,BODY_PART,ambiguous,BODY_PART; LOCATION,BODY_PART=1; LOCATION=1,1,1
aft carousel,LOCATION,moderate,EQUIPMENT; LOCATION,LOCATION=2; EQUIPMENT=1,1,1
andaime,EQUIPMENT,ambiguous,EQUIPMENT; LOCATION,EQUIPMENT=1; LOCATION=1,1,1
anesthesia,EQUIPMENT,ambiguous,EQUIPMENT; INJURY_TYPE,EQUIPMENT=1; INJURY_TYPE=1,1,1
aquilux,EQUIPMENT,ambiguous,EQUIPMENT; ORGANIZATION,EQUIPMENT=1; ORGANIZATION=1,1,1
arc eye,BODY_PART,moderate,BODY_PART; INJURY_TYPE,BODY_PART=2; INJURY_TYPE=1,1,1
area,LOCATION,high,BODY_PART; LOCATION,LOCATION=85; BODY_PART=1,1,1
armor,BODY_PART,ambiguous,BODY_PART; EQUIPMENT,BODY_PART=1; EQUIPMENT=1,1,1
armouring line,EQUIPMENT,ambiguous,EQUIPMENT; LOCATION,EQUIPMENT=1; LOCATION=1,1,1
articulated arm,BODY_PART,ambiguous,BODY_PART; EQUIPMENT,BODY_PART=1; EQUIPMENT=1,1,1
assembly,EQUIPMENT,high,EQUIPMENT; LOCATION,EQUIPMENT=11; LOCATION=1,1,1
assets,EQUIPMENT,moderate,EQUIPMENT; ORGANIZATION,EQUIPMENT=2; ORGANIZATION=1,1,1
VTS,LOCATION,moderate,LOCATION; ORGANIZATION,LOCATION=2; ORGANIZATION=1,1,1
axis,BODY_PART,moderate,BODY_PART; LOCATION,BODY_PART=3; LOCATION=1,1,1
back deck,LOCATION,high,BODY_PART; LOCATION,LOCATION=26; BODY_PART=1,1,1
back door,BODY_PART,ambiguous,BODY_PART; LOCATION,BODY_PART=1; LOCATION=1,1,1
back scratcher,BODY_PART,ambiguous,BODY_PART; EQUIPMENT,BODY_PART=1; EQUIPMENT=1,1,1
backside,BODY_PART,moderate,BODY_PART; LOCATION,BODY_PART=2; LOCATION=1,1,1
balance,BODY_PART,ambiguous,BODY_PART; EQUIPMENT,BODY_PART=1; EQUIPMENT=1,1,1
barrier,LOCATION,moderate,EQUIPMENT; LOCATION,LOCATION=3; EQUIPMENT=1,1,1
basin,LOCATION,moderate,BODY_PART; LOCATION,LOCATION=4; BODY_PART=1,1,1
bathroom,LOCATION,high,BODY_PART; LOCATION,LOCATION=18; BODY_PART=1,1,1
bladder,BODY_PART,moderate,BODY_PART; EQUIPMENT,BODY_PART=4; EQUIPMENT=1,1,1
blast wall,EQUIPMENT,ambiguous,EQUIPMENT; LOCATION,EQUIPMENT=1; LOCATION=1,1,1
blister,INJURY_TYPE,moderate,BODY_PART; INJURY_TYPE,INJURY_TYPE=4; BODY_PART=1,1,1
abrasion,INJURY_TYPE,high,BODY_PART; INJURY_TYPE,INJURY_TYPE=41; BODY_PART=1,1,1
abdominal pains,BODY_PART,ambiguous,BODY_PART; INJURY_TYPE,BODY_PART=1; INJURY_TYPE=1,1,1
Zipper,EQUIPMENT,ambiguous,EQUIPMENT; LOCATION,EQUIPMENT=1; LOCATION=1,1,1
Yamal,ORGANIZATION,moderate,LOCATION; ORGANIZATION,ORGANIZATION=3; LOCATION=1,1,1
Van Oord,LOCATION,ambiguous,LOCATION; ORGANIZATION,LOCATION=1; ORGANIZATION=1,1,1
Vega FCM,ORGANIZATION,moderate,EQUIPMENT; ORGANIZATION,ORGANIZATION=2; EQUIPMENT=1,1,1
Viking Neptun,EQUIPMENT,ambiguous,EQUIPMENT; ORGANIZATION,EQUIPMENT=1; ORGANIZATION=1,1,1
Vinland,LOCATION,ambiguous,LOCATION; ORGANIZATION,LOCATION=1; ORGANIZATION=1,1,1
Vitoria Logistics Base,LOCATION,high,LOCATION; ORGANIZATION,LOCATION=100; ORGANIZATION=1,1,1
W1,EQUIPMENT,moderate,BODY_PART; EQUIPMENT,EQUIPMENT=2; BODY_PART=1,1,1
W7,BODY_PART,ambiguous,BODY_PART; EQUIPMENT,BODY_PART=1; EQUIPMENT=1,1,1
WH,ORGANIZATION,moderate,LOCATION; ORGANIZATION,ORGANIZATION=4; LOCATION=1,1,1
WSP18,LOCATION,ambiguous,LOCATION; ORGANIZATION,LOCATION=1; ORGANIZATION=1,1,1
WWTP,ORGANIZATION,high,LOCATION; ORGANIZATION,ORGANIZATION=5; LOCATION=1,1,1
Westcon,ORGANIZATION,moderate,LOCATION; ORGANIZATION,ORGANIZATION=2; LOCATION=1,1,1
Westhill Office,LOCATION,high,LOCATION; ORGANIZATION,LOCATION=97; ORGANIZATION=1,1,1
Winch 19,EQUIPMENT,ambiguous,EQUIPMENT; LOCATION,EQUIPMENT=1; LOCATION=1,1,1
Wisma Technip,ORGANIZATION,moderate,LOCATION; ORGANIZATION,ORGANIZATION=3; LOCATION=1,1,1
Workshop 1,LOCATION,moderate,LOCATION; ORGANIZATION,LOCATION=4; ORGANIZATION=1,1,1
X-Tree,LOCATION,ambiguous,LOCATION; ORGANIZATION,LOCATION=1; ORGANIZATION=1,1,1
XLS24,EQUIPMENT,ambiguous,EQUIPMENT; LOCATION,EQUIPMENT=1; LOCATION=1,1,1
XLX 106,EQUIPMENT,moderate,EQUIPMENT; ORGANIZATION,EQUIPMENT=3; ORGANIZATION=1,1,1
XLX 126,EQUIPMENT,moderate,EQUIPMENT; ORGANIZATION,EQUIPMENT=4; ORGANIZATION=1,1,1
XLX 50,EQUIPMENT,ambiguous,EQUIPMENT; ORGANIZATION,EQUIPMENT=1; ORGANIZATION=1,1,1
XLX 93,EQUIPMENT,moderate,EQUIPMENT; LOCATION,EQUIPMENT=3; LOCATION=1,1,1
XLX127,EQUIPMENT,moderate,EQUIPMENT; ORGANIZATION,EQUIPMENT=4; ORGANIZATION=1,1,1
XLX89,EQUIPMENT,moderate,EQUIPMENT; ORGANIZATION,EQUIPMENT=2; ORGANIZATION=1,1,1
XLX93,EQUIPMENT,moderate,EQUIPMENT; ORGANIZATION,EQUIPMENT=2; ORGANIZATION=1,1,1
XMT,EQUIPMENT,moderate,EQUIPMENT; ORGANIZATION,EQUIPMENT=2; ORGANIZATION=1,1,1
Site,LOCATION,high,LOCATION; ORGANIZATION,LOCATION=140; ORGANIZATION=1,1,1
Shorebase,LOCATION,moderate,LOCATION; ORGANIZATION,LOCATION=4; ORGANIZATION=1,1,1
Master,ORGANIZATION,high,LOCATION; ORGANIZATION,ORGANIZATION=8; LOCATION=1,1,1
PHC,EQUIPMENT,ambiguous,EQUIPMENT; ORGANIZATION,EQUIPMENT=1; ORGANIZATION=1,1,1
Oceanic 443,ORGANIZATION,moderate,EQUIPMENT; ORGANIZATION,ORGANIZATION=3; EQUIPMENT=1,1,1
Odessa Service Base,LOCATION,high,LOCATION; ORGANIZATION,LOCATION=403; ORGANIZATION=1,1,1
Olympic,ORGANIZATION,moderate,LOCATION; ORGANIZATION,ORGANIZATION=4; LOCATION=1,1,1
Omega,ORGANIZATION,high,LOCATION; ORGANIZATION,ORGANIZATION=5; LOCATION=1,1,1
Orelia,LOCATION,high,LOCATION; ORGANIZATION,LOCATION=19; ORGANIZATION=1,1,1
P7,EQUIPMENT,ambiguous,EQUIPMENT; LOCATION,EQUIPMENT=1; LOCATION=1,1,1
PAU 012,LOCATION,moderate,LOCATION; ORGANIZATION,LOCATION=3; ORGANIZATION=1,1,1
PC,EQUIPMENT,moderate,EQUIPMENT; LOCATION,EQUIPMENT=2; LOCATION=1,1,1
PCC,ORGANIZATION,high,LOCATION; ORGANIZATION,ORGANIZATION=9; LOCATION=1,1,1
PCH,LOCATION,ambiguous,LOCATION; ORGANIZATION,LOCATION=1; ORGANIZATION=1,1,1
PCR-X,EQUIPMENT,ambiguous,EQUIPMENT; ORGANIZATION,EQUIPMENT=1; ORGANIZATION=1,1,1
PFLNG-2,EQUIPMENT,ambiguous,EQUIPMENT; LOCATION,EQUIPMENT=1; LOCATION=1,1,1
PLC,EQUIPMENT,moderate,EQUIPMENT; ORGANIZATION,EQUIPMENT=2; ORGANIZATION=1,1,1
OSV,ORGANIZATION,moderate,LOCATION; ORGANIZATION,ORGANIZATION=2; LOCATION=1,1,1
PNR,ORGANIZATION,moderate,LOCATION; ORGANIZATION,ORGANIZATION=4; LOCATION=1,1,1
PO,EQUIPMENT,ambiguous,EQUIPMENT; ORGANIZATION,EQUIPMENT=1; ORGANIZATION=1,1,1
PPE,EQUIPMENT,high,EQUIPMENT; ORGANIZATION,EQUIPMENT=139; ORGANIZATION=1,1,1
PR 100,EQUIPMENT,ambiguous,EQUIPMENT; LOCATION,EQUIPMENT=1; LOCATION=1,1,1
PR-100,LOCATION,moderate,EQUIPMENT; LOCATION,LOCATION=3; EQUIPMENT=1,1,1
PR100,LOCATION,moderate,EQUIPMENT; LOCATION,LOCATION=2; EQUIPMENT=1,1,1
PRT,LOCATION,high,EQUIPMENT; LOCATION,LOCATION=8; EQUIPMENT=1,1,1
PS1,LOCATION,moderate,LOCATION; ORGANIZATION,LOCATION=2; ORGANIZATION=1,1,1
PSV Skandi Buchan,LOCATION,ambiguous,LOCATION; ORGANIZATION,LOCATION=1; ORGANIZATION=1,1,1
PT,EQUIPMENT,moderate,EQUIPMENT; ORGANIZATION,EQUIPMENT=2; ORGANIZATION=1,1,1
Performance rod buster,EQUIPMENT,ambiguous,EQUIPMENT; ORGANIZATION,EQUIPMENT=1; ORGANIZATION=1,1,1
Photoboard,EQUIPMENT,ambiguous,EQUIPMENT; ORGANIZATION,EQUIPMENT=1; ORGANIZATION=1,1,1
OTS,ORGANIZATION,high,LOCATION; ORGANIZATION,ORGANIZATION=12; LOCATION=1,1,1
OSLT,ORGANIZATION,high,LOCATION; ORGANIZATION,ORGANIZATION=10; LOCATION=1,1,1
Shell Tellus 22,EQUIPMENT,ambiguous,EQUIPMENT; ORGANIZATION,EQUIPMENT=1; ORGANIZATION=1,1,1
NSA,ORGANIZATION,high,LOCATION; ORGANIZATION,ORGANIZATION=38; LOCATION=1,1,1
Matrix Factory,ORGANIZATION,moderate,LOCATION; ORGANIZATION,ORGANIZATION=3; LOCATION=1,1,1
Mechanical Yard,LOCATION,high,LOCATION; ORGANIZATION,LOCATION=8; ORGANIZATION=1,1,1
Minot,LOCATION,high,LOCATION; ORGANIZATION,LOCATION=413; ORGANIZATION=1,1,1
Mobile,LOCATION,high,LOCATION; ORGANIZATION,LOCATION=15; ORGANIZATION=1,1,1
Mobile Spoolbase,EQUIPMENT,moderate,EQUIPMENT; LOCATION,EQUIPMENT=2; LOCATION=1,1,1
Movax,EQUIPMENT,ambiguous,EQUIPMENT; ORGANIZATION,EQUIPMENT=1; ORGANIZATION=1,1,1
N2,EQUIPMENT,ambiguous,EQUIPMENT; ORGANIZATION,EQUIPMENT=1; ORGANIZATION=1,1,1
NCP,LOCATION,ambiguous,LOCATION; ORGANIZATION,LOCATION=1; ORGANIZATION=1,1,1
NCR,ORGANIZATION,high,BODY_PART; ORGANIZATION,ORGANIZATION=6; BODY_PART=1,1,1
NHT-CCR,LOCATION,ambiguous,LOCATION; ORGANIZATION,LOCATION=1; ORGANIZATION=1,1,1
NIU,LOCATION,moderate,LOCATION; ORGANIZATION,LOCATION=2; ORGANIZATION=1,1,1
NOGA 1 TCF,LOCATION,ambiguous,LOCATION; ORGANIZATION,LOCATION=1; ORGANIZATION=1,1,1
NWR,INJURY_TYPE,ambiguous,INJURY_TYPE; ORGANIZATION,INJURY_TYPE=1; ORGANIZATION=1,1,1
ORF,ORGANIZATION,moderate,LOCATION; ORGANIZATION,ORGANIZATION=4; LOCATION=1,1,1
New Rio,LOCATION,ambiguous,LOCATION; ORGANIZATION,LOCATION=1; ORGANIZATION=1,1,1
Newland,LOCATION,moderate,LOCATION; ORGANIZATION,LOCATION=2; ORGANIZATION=1,1,1
Nigg Energy Park,LOCATION,high,LOCATION; ORGANIZATION,LOCATION=5; ORGANIZATION=1,1,1
Normand Cutter,EQUIPMENT,ambiguous,EQUIPMENT; ORGANIZATION,EQUIPMENT=1; ORGANIZATION=1,1,1
Novy Urengoy,LOCATION,moderate,LOCATION; ORGANIZATION,LOCATION=2; ORGANIZATION=1,1,1
OBS,EQUIPMENT,moderate,EQUIPMENT; LOCATION,EQUIPMENT=3; LOCATION=1,1,1
OC,EQUIPMENT,ambiguous,EQUIPMENT; ORGANIZATION,EQUIPMENT=1; ORGANIZATION=1,1,1
OCS,ORGANIZATION,high,EQUIPMENT; ORGANIZATION,ORGANIZATION=174; EQUIPMENT=1,1,1
OKC,LOCATION,moderate,LOCATION; ORGANIZATION,LOCATION=4; ORGANIZATION=1,1,1
OMA,ORGANIZATION,high,EQUIPMENT; ORGANIZATION,ORGANIZATION=5; EQUIPMENT=1,1,1
OMT,ORGANIZATION,high,EQUIPMENT; ORGANIZATION,ORGANIZATION=74; EQUIPMENT=1,1,1
OP,ORGANIZATION,moderate,EQUIPMENT; ORGANIZATION,ORGANIZATION=4; EQUIPMENT=1,1,1
Port Bell,LOCATION,high,LOCATION; ORGANIZATION,LOCATION=13; ORGANIZATION=1,1,1
Poseidon,EQUIPMENT,ambiguous,EQUIPMENT; LOCATION,EQUIPMENT=1; LOCATION=1,1,1
Pugnax,LOCATION,ambiguous,LOCATION; ORGANIZATION,LOCATION=1; ORGANIZATION=1,1,1
STM,EQUIPMENT,ambiguous,EQUIPMENT; LOCATION,EQUIPMENT=1; LOCATION=1,1,1
SP15,EQUIPMENT,moderate,EQUIPMENT; LOCATION,EQUIPMENT=3; LOCATION=1,1,1
SP18,LOCATION,moderate,LOCATION; ORGANIZATION,LOCATION=4; ORGANIZATION=1,1,1
SP7,LOCATION,ambiguous,LOCATION; ORGANIZATION,LOCATION=1; ORGANIZATION=1,1,1
SPA,EQUIPMENT,ambiguous,EQUIPMENT; LOCATION,EQUIPMENT=1; LOCATION=1,1,1
SPFM,EQUIPMENT,ambiguous,EQUIPMENT; ORGANIZATION,EQUIPMENT=1; ORGANIZATION=1,1,1
SPZ,LOCATION,moderate,LOCATION; ORGANIZATION,LOCATION=3; ORGANIZATION=1,1,1
SRL,EQUIPMENT,ambiguous,EQUIPMENT; ORGANIZATION,EQUIPMENT=1; ORGANIZATION=1,1,1
SRT,LOCATION,ambiguous,LOCATION; ORGANIZATION,LOCATION=1; ORGANIZATION=1,1,1
STA,LOCATION,ambiguous,LOCATION; ORGANIZATION,LOCATION=1; ORGANIZATION=1,1,1
STEPS,BODY_PART,ambiguous,BODY_PART; ORGANIZATION,BODY_PART=1; ORGANIZATION=1,1,1
STF,LOCATION,ambiguous,LOCATION; ORGANIZATION,LOCATION=1; ORGANIZATION=1,1,1
STL office,LOCATION,ambiguous,LOCATION; ORGANIZATION,LOCATION=1; ORGANIZATION=1,1,1
STR,LOCATION,ambiguous,LOCATION; ORGANIZATION,LOCATION=1; ORGANIZATION=1,1,1
Q4000,EQUIPMENT,ambiguous,EQUIPMENT; ORGANIZATION,EQUIPMENT=1; ORGANIZATION=1,1,1
STT,EQUIPMENT,moderate,EQUIPMENT; ORGANIZATION,EQUIPMENT=2; ORGANIZATION=1,1,1
SUTA,EQUIPMENT,moderate,EQUIPMENT; LOCATION,EQUIPMENT=2; LOCATION=1,1,1
SV,ORGANIZATION,moderate,LOCATION; ORGANIZATION,ORGANIZATION=2; LOCATION=1,1,1
SVP,EQUIPMENT,ambiguous,EQUIPMENT; LOCATION,EQUIPMENT=1; LOCATION=1,1,1
SWC,EQUIPMENT,ambiguous,EQUIPMENT; ORGANIZATION,EQUIPMENT=1; ORGANIZATION=1,1,1
SZ,LOCATION,moderate,EQUIPMENT; LOCATION,LOCATION=3; EQUIPMENT=1,1,1
SZ line,LOCATION,moderate,EQUIPMENT; LOCATION,LOCATION=2; EQUIPMENT=1,1,1
Sabetta 3rd level clinic,ORGANIZATION,moderate,LOCATION; ORGANIZATION,ORGANIZATION=3; LOCATION=1,1,1
Sapura Esmeralda,LOCATION,ambiguous,LOCATION; ORGANIZATION,LOCATION=1; ORGANIZATION=1,1,1
Sat Control,ORGANIZATION,high,EQUIPMENT; ORGANIZATION,ORGANIZATION=23; EQUIPMENT=1,1,1
Seagull,ORGANIZATION,moderate,LOCATION; ORGANIZATION,ORGANIZATION=3; LOCATION=1,1,1
Serres General Hospital,LOCATION,ambiguous,LOCATION; ORGANIZATION,LOCATION=1; ORGANIZATION=1,1,1
SP13,LOCATION,moderate,EQUIPMENT; LOCATION,LOCATION=2; EQUIPMENT=1,1,1
SP-21,EQUIPMENT,ambiguous,EQUIPMENT; LOCATION,EQUIPMENT=1; LOCATION=1,1,1
SKAF,ORGANIZATION,high,LOCATION; ORGANIZATION,ORGANIZATION=6; LOCATION=1,1,1
SIT,ORGANIZATION,moderate,EQUIPMENT; ORGANIZATION,ORGANIZATION=2; EQUIPMENT=1,1,1
QC laboratory,LOCATION,ambiguous,LOCATION; ORGANIZATION,LOCATION=1; ORGANIZATION=1,1,1
RDS,ORGANIZATION,moderate,EQUIPMENT; ORGANIZATION,ORGANIZATION=2; EQUIPMENT=1,1,1
RFCCU,ORGANIZATION,moderate,LOCATION; ORGANIZATION,ORGANIZATION=4; LOCATION=1,1,1
RHDS,EQUIPMENT,ambiguous,EQUIPMENT; ORGANIZATION,EQUIPMENT=1; ORGANIZATION=1,1,1
RLSA,EQUIPMENT,moderate,EQUIPMENT; ORGANIZATION,EQUIPMENT=2; ORGANIZATION=1,1,1
ROU8,LOCATION,ambiguous,LOCATION; ORGANIZATION,LOCATION=1; ORGANIZATION=1,1,1
ROVs,EQUIPMENT,high,EQUIPMENT; ORGANIZATION,EQUIPMENT=12; ORGANIZATION=1,1,1
RTD,ORGANIZATION,moderate,EQUIPMENT; ORGANIZATION,ORGANIZATION=4; EQUIPMENT=1,1,1
Raigmore hospital,LOCATION,high,LOCATION; ORGANIZATION,LOCATION=6; ORGANIZATION=1,1,1
Receiving A,LOCATION,ambiguous,LOCATION; ORGANIZATION,LOCATION=1; ORGANIZATION=1,1,1
Red Deer facility,LOCATION,ambiguous,LOCATION; ORGANIZATION,LOCATION=1; ORGANIZATION=1,1,1
Red Zed 1,EQUIPMENT,ambiguous,EQUIPMENT; ORGANIZATION,EQUIPMENT=1; ORGANIZATION=1,1,1
Reeves County Hospital,LOCATION,ambiguous,LOCATION; ORGANIZATION,LOCATION=1; ORGANIZATION=1,1,1
Remontowa,ORGANIZATION,moderate,LOCATION; ORGANIZATION,ORGANIZATION=4; LOCATION=1,1,1
Revestiment,ORGANIZATION,moderate,LOCATION; ORGANIZATION,ORGANIZATION=2; LOCATION=1,1,1
Romashka camp clinic,LOCATION,ambiguous,LOCATION; ORGANIZATION,LOCATION=1; ORGANIZATION=1,1,1
Rov,BODY_PART,ambiguous,BODY_PART; LOCATION,BODY_PART=1; LOCATION=1,1,1
Rowan Norway,LOCATION,ambiguous,LOCATION; ORGANIZATION,LOCATION=1; ORGANIZATION=1,1,1
Roxane Z,LOCATION,moderate,EQUIPMENT; LOCATION,LOCATION=2; EQUIPMENT=1,1,1
S01,LOCATION,high,LOCATION; ORGANIZATION,LOCATION=11; ORGANIZATION=1,1,1
S11 weld shop,LOCATION,moderate,LOCATION; ORGANIZATION,LOCATION=2; ORGANIZATION=1,1,1
S13 Buck Up,LOCATION,ambiguous,LOCATION; ORGANIZATION,LOCATION=1; ORGANIZATION=1,1,1
SEM,EQUIPMENT,ambiguous,EQUIPMENT; ORGANIZATION,EQUIPMENT=1; ORGANIZATION=1,1,1
SFT,EQUIPMENT,moderate,EQUIPMENT; ORGANIZATION,EQUIPMENT=3; ORGANIZATION=1,1,1
SIMOPS,ORGANIZATION,moderate,EQUIPMENT; ORGANIZATION,ORGANIZATION=4; EQUIPMENT=1,1,1
zeta,EQUIPMENT,high,BODY_PART; EQUIPMENT,EQUIPMENT=5; BODY_PART=1,1,1
