record_no,stratum,narrative,case_categorization,severity,impact_type,work_process,causal_density,causal_matches,token_count,existing_entities
671236,fire_explosion,"Press 4549 heating elements caused a minor fire, which probably happened due to short circuiting of wires for the heating element. Fire extinguisher was used by one of the press operator to put out the fire.",Fire & Explosion - Explosives / potential explosives,Financial Impact - 2. Minor impact on entity/asset figures,Financial Impact,Other Manufacturing Activities,0.0555555555555555,2.0,36.0,"[{""entity_type"": ""LOCATION"", ""value"": ""Gears Manufacturing"", ""relation"": ""OCCURRED_AT""}, {""entity_type"": ""LOCATION"", ""value"": ""Houston"", ""relation"": ""OCCURRED_AT""}, {""entity_type"": ""LOCATION"", ""value"": ""USA"", ""relation"": ""OCCURRED_AT""}, {""entity_type"": ""LOCATION"", ""value"": ""North America"", ""relation"": ""OCCURRED_AT""}, {""entity_type"": ""ORGANIZATION"", ""value"": ""TECHNIPFMC"", ""relation"": ""REPORTED_BY""}, {""entity_type"": ""ROOT_CAUSE_CATEGORY"", ""value"": ""Explosives / potential explosives"", ""relation"": ""CATEGORIZED_AS""}, {""entity_type"": ""ORGANIZATION"", ""value"": ""Press"", ""relation"": ""REPORTED_BY""}, {""entity_type"": ""EQUIPMENT"", ""value"": ""fire extinguisher"", ""relation"": ""INVOLVED""}]"
726597,fire_explosion,"Whilst conducting hot work activities, sparks contacted a region of an LPG lead which was leaking.  The leak ignited resulting in a small fire, which caused damage to leads and external casing of a power board.","Fire & Explosion - Flammable solids, liquids and gases",Financial Impact - 2. Minor impact on entity/asset figures,Financial Impact,Workshop Activities,0.0555555555555555,2.0,36.0,"[{""entity_type"": ""LOCATION"", ""value"": ""Henderson Service Base"", ""relation"": ""OCCURRED_AT""}, {""entity_type"": ""LOCATION"", ""value"": ""Henderson"", ""relation"": ""OCCURRED_AT""}, {""entity_type"": ""LOCATION"", ""value"": ""Australia"", ""relation"": ""OCCURRED_AT""}, {""entity_type"": ""LOCATION"", ""value"": ""Asia Pacific"", ""relation"": ""OCCURRED_AT""}, {""entity_type"": ""ORGANIZATION"", ""value"": ""CHEVRON AUSTRALIA PTY LTD"", ""relation"": ""REPORTED_BY""}, {""entity_type"": ""ROOT_CAUSE_CATEGORY"", ""value"": ""Flammable solids, liquids and gases"", ""relation"": ""CATEGORIZED_AS""}, {""entity_type"": ""EQUIPMENT"", ""value"": ""LPG lead"", ""relation"": ""INVOLVED""}, {""entity_type"": ""EQUIPMENT"", ""value"": ""power board"", ""relation"": ""INVOLVED""}]"
530280,fire_explosion,"On 14 March 2017 at 06:11, local time, an automatic fire alarm system was triggered in warehouse 1-7 of the North camp. OMC dispatcher notified the emergency response service and the management of the organization. The triggering was caused by smoke as a result of an air curtain malfunction in the corridor of the warehouse.",Fire & Explosion - Uncontrolled chemical or physical reaction,Fire/Explosion - 1. Negligible,Fire/Explosion,Construction - Installation,0.0545454545454545,3.0,55.0,"[{""entity_type"": ""LOCATION"", ""value"": ""Sabetta Site"", ""relation"": ""OCCURRED_AT""}, {""entity_type"": ""LOCATION"", ""value"": ""Sabetta"", ""relation"": ""OCCURRED_AT""}, {""entity_type"": ""LOCATION"", ""value"": ""Russia"", ""relation"": ""OCCURRED_AT""}, {""entity_type"": ""LOCATION"", ""value"": ""Asia Pacific"", ""relation"": ""OCCURRED_AT""}, {""entity_type"": ""ORGANIZATION"", ""value"": ""JSC YAMAL LNG"", ""relation"": ""REPORTED_BY""}, {""entity_type"": ""ROOT_CAUSE_CATEGORY"", ""value"": ""Uncontrolled chemical or physical reaction"", ""relation"": ""CATEGORIZED_AS""}, {""entity_type"": ""EQUIPMENT"", ""value"": ""automatic fire alarm system"", ""relation"": ""INVOLVED""}, {""entity_type"": ""LOCATION"", ""value"": ""warehouse K-7"", ""relation"": ""OCCURRED_AT""}, {""entity_type"": ""LOCATION"", ""value"": ""North Camp"", ""relation"": ""OCCURRED_AT""}, {""entity_type"": ""ORGANIZATION"", ""value"": ""OMC"", ""relation"": ""REPORTED_BY""}, {""entity_type"": ""ORGANIZATION"", ""value"": ""emergency response service"", ""relation"": ""REPORTED_BY""}, {""entity_type"": ""ORGANIZATION"", ""value"": ""management of the organization"", ""relation"": ""REPORTED_BY""}]"
520513,fire_explosion,"On 20.12.2016 at 03:00 hours at the plant construction site Train 1 area, the industrial electric extension cord short circuit occurred due to protective armor damage because of low ambient temperature._x000D_ There were no injuries. There was no material loss.",Fire & Explosion - Explosives / potential explosives,Fire/Explosion - 1. Negligible,Fire/Explosion,Construction - Installation,0.05,2.0,40.0,"[{""entity_type"": ""LOCATION"", ""value"": ""Sabetta Site"", ""relation"": ""OCCURRED_AT""}, {""entity_type"": ""LOCATION"", ""value"": ""Sabetta"", ""relation"": ""OCCURRED_AT""}, {""entity_type"": ""LOCATION"", ""value"": ""Russia"", ""relation"": ""OCCURRED_AT""}, {""entity_type"": ""LOCATION"", ""value"": ""Asia Pacific"", ""relation"": ""OCCURRED_AT""}, {""entity_type"": ""ORGANIZATION"", ""value"": ""JSC YAMAL LNG"", ""relation"": ""REPORTED_BY""}, {""entity_type"": ""ROOT_CAUSE_CATEGORY"", ""value"": ""Explosives / potential explosives"", ""relation"": ""CATEGORIZED_AS""}, {""entity_type"": ""LOCATION"", ""value"": ""Train 1 area"", ""relation"": ""OCCURRED_AT""}, {""entity_type"": ""EQUIPMENT"", ""value"": ""industrial electric extension cord"", ""relation"": ""INVOLVED""}, {""entity_type"": ""INJURY_TYPE"", ""value"": ""protective armor damage"", ""relation"": ""RESULTED_IN""}]"
556470,fire_explosion,On 10/10/2017 at 17:22 fire alarm was triggered in Subcontractor’s office. It was caused by some smoke generated due to violation of instructions on microwave use. During ivestigation it was found out that the lead engineer of Procurement department was warming some food in a microwave oven and put it on a sheet of paper. As a result paper smoldered and the room got filled with smoke which triggered the alarm at 17:22. Microwave oven was immediatelly unplugged and room was aired.,Fire & Explosion - Uncontrolled chemical or physical reaction,Fire/Explosion - 1. Negligible,Fire/Explosion,Site Subcontracting,0.048780487804878,4.0,82.0,"[{""entity_type"": ""LOCATION"", ""value"": ""Sabetta Site"", ""relation"": ""OCCURRED_AT""}, {""entity_type"": ""LOCATION"", ""value"": ""Sabetta"", ""relation"": ""OCCURRED_AT""}, {""entity_type"": ""LOCATION"", ""value"": ""Russia"", ""relation"": ""OCCURRED_AT""}, {""entity_type"": ""LOCATION"", ""value"": ""Asia Pacific"", ""relation"": ""OCCURRED_AT""}, {""entity_type"": ""ORGANIZATION"", ""value"": ""JSC YAMAL LNG"", ""relation"": ""REPORTED_BY""}, {""entity_type"": ""ROOT_CAUSE_CATEGORY"", ""value"": ""Uncontrolled chemical or physical reaction"", ""relation"": ""CATEGORIZED_AS""}, {""entity_type"": ""ORGANIZATION"", ""value"": ""Procurement department"", ""relation"": ""REPORTED_BY""}, {""entity_type"": ""EQUIPMENT"", ""value"": ""microwave oven"", ""relation"": ""INVOLVED""}, {""entity_type"": ""LOCATION"", ""value"": ""room"", ""relation"": ""OCCURRED_AT""}]"
585026,fire_explosion,"On 02 May 2018 at 23:57, local time, the automatic fire alarm system triggered in check point of North Camp. The OMC dispatcher notified the emergency response service and the management of the organization. The trigger was caused by melting of starter isolation.",Fire & Explosion - Uncontrolled chemical or physical reaction,"Damage - 1. Less than 100,000 Euros",Damage,Construction - Installation,0.0465116279069767,2.0,43.0,"[{""entity_type"": ""LOCATION"", ""value"": ""Sabetta Site"", ""relation"": ""OCCURRED_AT""}, {""entity_type"": ""LOCATION"", ""value"": ""Sabetta"", ""relation"": ""OCCURRED_AT""}, {""entity_type"": ""LOCATION"", ""value"": ""Russia"", ""relation"": ""OCCURRED_AT""}, {""entity_type"": ""LOCATION"", ""value"": ""Asia Pacific"", ""relation"": ""OCCURRED_AT""}, {""entity_type"": ""ORGANIZATION"", ""value"": ""JSC YAMAL LNG"", ""relation"": ""REPORTED_BY""}, {""entity_type"": ""ROOT_CAUSE_CATEGORY"", ""value"": ""Uncontrolled chemical or physical reaction"", ""relation"": ""CATEGORIZED_AS""}, {""entity_type"": ""EQUIPMENT"", ""value"": ""automatic fire alarm system"", ""relation"": ""INVOLVED""}, {""entity_type"": ""LOCATION"", ""value"": ""check point"", ""relation"": ""OCCURRED_AT""}, {""entity_type"": ""LOCATION"", ""value"": ""North Camp"", ""relation"": ""OCCURRED_AT""}, {""entity_type"": ""ORGANIZATION"", ""value"": ""OMC"", ""relation"": ""REPORTED_BY""}, {""entity_type"": ""ORGANIZATION"", ""value"": ""emergency response service"", ""relation"": ""REPORTED_BY""}, {""entity_type"": ""ORGANIZATION"", ""value"": ""management of the organization"", ""relation"": ""REPORTED_BY""}]"
537068,fire_explosion,"On May 7, 2017 at 09:27, local time, an automatic fire alarm system triggered in laundry room 1-6 of the_x000D_ Northern shift camp. The OMC dispatcher notified the emergency response service and the management of_x000D_ the organization. The triggering was caused by the ignition of the drive belts of the ironing equipment. The_x000D_ cause of the fire was the sticking of the contacts of the emergency shutdown control relay.",Fire & Explosion - Uncontrolled chemical or physical reaction,"Damage - 1. Less than 100,000 Euros",Damage,Construction - Installation,0.0434782608695652,3.0,69.0,"[{""entity_type"": ""LOCATION"", ""value"": ""Sabetta Site"", ""relation"": ""OCCURRED_AT""}, {""entity_type"": ""LOCATION"", ""value"": ""Sabetta"", ""relation"": ""OCCURRED_AT""}, {""entity_type"": ""LOCATION"", ""value"": ""Russia"", ""relation"": ""OCCURRED_AT""}, {""entity_type"": ""LOCATION"", ""value"": ""Asia Pacific"", ""relation"": ""OCCURRED_AT""}, {""entity_type"": ""ORGANIZATION"", ""value"": ""JSC YAMAL LNG"", ""relation"": ""REPORTED_BY""}, {""entity_type"": ""ROOT_CAUSE_CATEGORY"", ""value"": ""Uncontrolled chemical or physical reaction"", ""relation"": ""CATEGORIZED_AS""}, {""entity_type"": ""LOCATION"", ""value"": ""laundry room 1-6"", ""relation"": ""OCCURRED_AT""}, {""entity_type"": ""LOCATION"", ""value"": ""Northern shift camp"", ""relation"": ""OCCURRED_AT""}, {""entity_type"": ""ORGANIZATION"", ""value"": ""OMC"", ""relation"": ""REPORTED_BY""}, {""entity_type"": ""ORGANIZATION"", ""value"": ""emergency response service"", ""relation"": ""REPORTED_BY""}, {""entity_type"": ""EQUIPMENT"", ""value"": ""iron equipment"", ""relation"": ""INVOLVED""}]"
507890,fire_explosion,"During welding on 3"" spool support at 40 mtr elevation of Reformer – 1, the welding spatters fell on greasy (oil soaked) blanket which is kept at 38 elevation on scaffold platform. Due to this minor smoke and fire caught on blanket. The fire observed & noticed by fire watcher and inform to welder, meanwhile fire extinguished by nearby work force._x000D_ _x000D_ No injury/ property damage caused due to the incident.","Fire & Explosion - Flammable solids, liquids and gases",Injury - 2. Medical Treatment Injury / Restricted Work Case / Loss of Consciousness,Injury,Site Mechanical And Piping,0.0422535211267605,3.0,71.0,"[{""entity_type"": ""LOCATION"", ""value"": ""Cochin"", ""relation"": ""OCCURRED_AT""}, {""entity_type"": ""LOCATION"", ""value"": ""India"", ""relation"": ""OCCURRED_AT""}, {""entity_type"": ""LOCATION"", ""value"": ""India"", ""relation"": ""OCCURRED_AT""}, {""entity_type"": ""ORGANIZATION"", ""value"": ""AIR PRODUCTS"", ""relation"": ""REPORTED_BY""}, {""entity_type"": ""ROOT_CAUSE_CATEGORY"", ""value"": ""Flammable solids, liquids and gases"", ""relation"": ""CATEGORIZED_AS""}, {""entity_type"": ""LOCATION"", ""value"": ""Reformer \u2013 1"", ""relation"": ""OCCURRED_AT""}, {""entity_type"": ""LOCATION"", ""value"": ""scaffold platform"", ""relation"": ""OCCURRED_AT""}]"
564949,fire_explosion,"On December 07, 2017 at 13:20, local time, an automatic fire alarm system triggered in the warehouse (1-7), electric switchboard of the North camp. The OMC dispatcher notified the emergency response service and the management of the organization. Melting of the wire was caused by heating of the connection due to poor sealing between cable terminal and the breaker._x000D_ According to the schedule maintenance of the equipment was carried out on 24.09.2017.",Fire & Explosion - Uncontrolled chemical or physical reaction,"Damage - 1. Less than 100,000 Euros",Damage,Construction - Installation,0.0416666666666666,3.0,72.0,"[{""entity_type"": ""LOCATION"", ""value"": ""Sabetta Site"", ""relation"": ""OCCURRED_AT""}, {""entity_type"": ""LOCATION"", ""value"": ""Sabetta"", ""relation"": ""OCCURRED_AT""}, {""entity_type"": ""LOCATION"", ""value"": ""Russia"", ""relation"": ""OCCURRED_AT""}, {""entity_type"": ""LOCATION"", ""value"": ""Asia Pacific"", ""relation"": ""OCCURRED_AT""}, {""entity_type"": ""ORGANIZATION"", ""value"": ""JSC YAMAL LNG"", ""relation"": ""REPORTED_BY""}, {""entity_type"": ""ROOT_CAUSE_CATEGORY"", ""value"": ""Uncontrolled chemical or physical reaction"", ""relation"": ""CATEGORIZED_AS""}, {""entity_type"": ""EQUIPMENT"", ""value"": ""automatic fire alarm system"", ""relation"": ""INVOLVED""}, {""entity_type"": ""LOCATION"", ""value"": ""warehouse"", ""relation"": ""OCCURRED_AT""}, {""entity_type"": ""LOCATION"", ""value"": ""1-7"", ""relation"": ""OCCURRED_AT""}, {""entity_type"": ""EQUIPMENT"", ""value"": ""electric switchboard"", ""relation"": ""INVOLVED""}, {""entity_type"": ""LOCATION"", ""value"": ""North Camp"", ""relation"": ""OCCURRED_AT""}, {""entity_type"": ""ORGANIZATION"", ""value"": ""OMC"", ""relation"": ""REPORTED_BY""}, {""entity_type"": ""ORGANIZATION"", ""value"": ""emergency response service"", ""relation"": ""REPORTED_BY""}, {""entity_type"": ""ORGANIZATION"", ""value"": ""management of the organization"", ""relation"": ""REPORTED_BY""}]"
504652,fire_explosion,"At around 14:00, a piece of smoke was observed on the deck around the welding cable. It was later found out that the smoke was generated at the connection plug of the welding cable. The suspected cause is that the cable connection became slacked due to tension causing the heat accumulation. The melt was at the connection plug and socket. No flame was observed but smoke. The welding cable changed before activity resumed.",Fire & Explosion - Accumulation / Presence of explosive atmosphere,Fire/Explosion - 2. Moderate,Fire/Explosion,Welding,0.0410958904109589,3.0,73.0,"[{""entity_type"": ""LOCATION"", ""value"": ""Tianjin"", ""relation"": ""OCCURRED_AT""}, {""entity_type"": ""LOCATION"", ""value"": ""China"", ""relation"": ""OCCURRED_AT""}, {""entity_type"": ""LOCATION"", ""value"": ""Asia Pacific"", ""relation"": ""OCCURRED_AT""}, {""entity_type"": ""ORGANIZATION"", ""value"": ""JSC YAMAL LNG"", ""relation"": ""REPORTED_BY""}, {""entity_type"": ""ROOT_CAUSE_CATEGORY"", ""value"": ""Accumulation / Presence of explosive atmosphere"", ""relation"": ""CATEGORIZED_AS""}, {""entity_type"": ""EQUIPMENT"", ""value"": ""welding cable"", ""relation"": ""INVOLVED""}]"
540853,fire_explosion,"On June 3, 2017 at 08:26 local time an automatic fire alarm system triggered in the hostel 1-2.1 of the North Camp. The activation of the system was triggered by the smoke in the ventilation system in the attic of the right wing of the hostel. People were evacuated.",Fire & Explosion - Uncontrolled chemical or physical reaction,"Damage - 1. Less than 100,000 Euros",Damage,Support Service,0.0408163265306122,2.0,49.0,"[{""entity_type"": ""LOCATION"", ""value"": ""Sabetta Site"", ""relation"": ""OCCURRED_AT""}, {""entity_type"": ""LOCATION"", ""value"": ""Sabetta"", ""relation"": ""OCCURRED_AT""}, {""entity_type"": ""LOCATION"", ""value"": ""Russia"", ""relation"": ""OCCURRED_AT""}, {""entity_type"": ""LOCATION"", ""value"": ""Asia Pacific"", ""relation"": ""OCCURRED_AT""}, {""entity_type"": ""ORGANIZATION"", ""value"": ""JSC YAMAL LNG"", ""relation"": ""REPORTED_BY""}, {""entity_type"": ""ROOT_CAUSE_CATEGORY"", ""value"": ""Uncontrolled chemical or physical reaction"", ""relation"": ""CATEGORIZED_AS""}, {""entity_type"": ""LOCATION"", ""value"": ""hostel 1-2.1"", ""relation"": ""OCCURRED_AT""}, {""entity_type"": ""LOCATION"", ""value"": ""North Camp"", ""relation"": ""OCCURRED_AT""}, {""entity_type"": ""EQUIPMENT"", ""value"": ""ventilation system"", ""relation"": ""INVOLVED""}]"
507557,fire_explosion,"During welding at 7 mtr elevation of battery limit, the earthing cable clamp (holder) got heated up and smoke started coming from it._x000D_ _x000D_ The incident noticed by an engineer and welding machine was immediately switched off by concern area Supervisor._x000D_ _x000D_ No injury and property damage caused due to the incident","Fire & Explosion - Flammable solids, liquids and gases",Injury - 1. First Aid Care,Injury,Site Electrical,0.0384615384615384,2.0,52.0,"[{""entity_type"": ""LOCATION"", ""value"": ""Cochin"", ""relation"": ""OCCURRED_AT""}, {""entity_type"": ""LOCATION"", ""value"": ""India"", ""relation"": ""OCCURRED_AT""}, {""entity_type"": ""LOCATION"", ""value"": ""India"", ""relation"": ""OCCURRED_AT""}, {""entity_type"": ""ORGANIZATION"", ""value"": ""AIR PRODUCTS"", ""relation"": ""REPORTED_BY""}, {""entity_type"": ""ROOT_CAUSE_CATEGORY"", ""value"": ""Flammable solids, liquids and gases"", ""relation"": ""CATEGORIZED_AS""}, {""entity_type"": ""EQUIPMENT"", ""value"": ""earthing cable clamp"", ""relation"": ""INVOLVED""}, {""entity_type"": ""EQUIPMENT"", ""value"": ""welding machine"", ""relation"": ""INVOLVED""}, {""entity_type"": ""ORGANIZATION"", ""value"": ""concern area Supervisor"", ""relation"": ""REPORTED_BY""}]"
531801,fire_explosion,Person Involved was performing grinding works on the vessel when sparks created by_x000D_ the grinding work projected to a close by butane gas cylinder resulting In a flame Ignition_x000D_ at the connection 01 the butane bottle. The gas cylinder was immediately closed and the_x000D_ flame was slopped. No damage or injuries were caused.,"Fire & Explosion - Flammable solids, liquids and gases",Injury - 3. Lost Time Injury,Injury,Yards,0.0377358490566037,2.0,53.0,"[{""entity_type"": ""LOCATION"", ""value"": ""Anvers Facility"", ""relation"": ""OCCURRED_AT""}, {""entity_type"": ""LOCATION"", ""value"": ""Anvers"", ""relation"": ""OCCURRED_AT""}, {""entity_type"": ""LOCATION"", ""value"": ""Belgium"", ""relation"": ""OCCURRED_AT""}, {""entity_type"": ""LOCATION"", ""value"": ""Europe"", ""relation"": ""OCCURRED_AT""}, {""entity_type"": ""ORGANIZATION"", ""value"": ""JSC YAMAL LNG"", ""relation"": ""REPORTED_BY""}, {""entity_type"": ""ROOT_CAUSE_CATEGORY"", ""value"": ""Flammable solids, liquids and gases"", ""relation"": ""CATEGORIZED_AS""}]"
520514,fire_explosion,"On 21.12.2016 at 13:00 hours at the plant construction site Train 3 area, OOO Velesstroy Montazh subcontractor’s tent (temporary structure covered with tarp) caught fire due to the diesel fuel blowout from the air heater nozzle on the tent’s tarp which caused inflammation thereof. There were no injuries. There was no material loss.",Fire & Explosion - Explosives / potential explosives,Fire/Explosion - 1. Negligible,Fire/Explosion,Construction - Installation,0.0377358490566037,2.0,53.0,"[{""entity_type"": ""LOCATION"", ""value"": ""Sabetta Site"", ""relation"": ""OCCURRED_AT""}, {""entity_type"": ""LOCATION"", ""value"": ""Sabetta"", ""relation"": ""OCCURRED_AT""}, {""entity_type"": ""LOCATION"", ""value"": ""Russia"", ""relation"": ""OCCURRED_AT""}, {""entity_type"": ""LOCATION"", ""value"": ""Asia Pacific"", ""relation"": ""OCCURRED_AT""}, {""entity_type"": ""ORGANIZATION"", ""value"": ""JSC YAMAL LNG"", ""relation"": ""REPORTED_BY""}, {""entity_type"": ""ROOT_CAUSE_CATEGORY"", ""value"": ""Explosives / potential explosives"", ""relation"": ""CATEGORIZED_AS""}, {""entity_type"": ""LOCATION"", ""value"": ""Train 1 area"", ""relation"": ""OCCURRED_AT""}, {""entity_type"": ""ORGANIZATION"", ""value"": ""OOO VelesstroyMontazh"", ""relation"": ""REPORTED_BY""}, {""entity_type"": ""EQUIPMENT"", ""value"": ""air heater nozzle"", ""relation"": ""INVOLVED""}]"
704256,fire_explosion,"At 3:30 p.m. on January 18, TMP-002 under Deck D, a length of grinding cable (with connector) was lying on the scaffolding walkway. When a worker accidently stepped on the socket and caused the cable to be damaged after contact with the scaffolding plank. The disconnected cable was in power supply and hence caused the fire on the cable due to short circuit. _x000D_ Power was cut down and fire was put out immediately by disconnecting the plug from another extension cord._x000D_ ELCB tripped due to the short circuit. _x000D_ There were 3 extension cords connected together. _x000D_ The short circuit caused by the cable getting contact with the metal scaffolding boards. _x000D_ The power was removed from the power supply by another worker as soon as the fire occurred. _x000D_ Investigation was conducted for this incident.",Fire & Explosion - Explosives / potential explosives,Injury - 2. Medical Treatment Injury / Restricted Work Case / Loss of Consciousness,Injury,Yards,0.0364963503649635,5.0,137.0,"[{""entity_type"": ""LOCATION"", ""value"": ""Tianjin"", ""relation"": ""OCCURRED_AT""}, {""entity_type"": ""LOCATION"", ""value"": ""China"", ""relation"": ""OCCURRED_AT""}, {""entity_type"": ""LOCATION"", ""value"": ""Asia Pacific"", ""relation"": ""OCCURRED_AT""}, {""entity_type"": ""ORGANIZATION"", ""value"": ""NOVARCTIC SNC"", ""relation"": ""REPORTED_BY""}, {""entity_type"": ""ROOT_CAUSE_CATEGORY"", ""value"": ""Explosives / potential explosives"", ""relation"": ""CATEGORIZED_AS""}, {""entity_type"": ""LOCATION"", ""value"": ""Deck D"", ""relation"": ""OCCURRED_AT""}, {""entity_type"": ""EQUIPMENT"", ""value"": ""Power Supply"", ""relation"": ""INVOLVED""}]"
697605,fire_explosion,"While replacing X-head die and re-attaching melt tube on Thermo line 3, the temperature sensor was removed to be able to open an access hatch in the mezzanine floor above the extruder. The sensor was blocking the hatch thus could not be opened. _x000D_ _x000D_ The operator forgot to re-attach the temperature sensor resulting in overheating of the melt tube due to no temperature signal, this resulted in PP fumes and smoke violently being released from melt tube ball joint. _x000D_ _x000D_ The smoke resulted in a fire alarm and a fire truck arrived at site. No personnel were in the area at the time of release._x000D_ _x000D_ ** Information taken from Shawcor Initial Incident Notification Report **","Fire & Explosion - Flammable solids, liquids and gases",Financial Impact - 3. Significant impact on entity/asset figures. Likely impact on (R)BU/GBU figures,Financial Impact,Vessel / Yards,0.0338983050847457,4.0,118.0,"[{""entity_type"": ""LOCATION"", ""value"": ""Orkanger Spoolbase"", ""relation"": ""OCCURRED_AT""}, {""entity_type"": ""LOCATION"", ""value"": ""Orkanger"", ""relation"": ""OCCURRED_AT""}, {""entity_type"": ""LOCATION"", ""value"": ""Norway"", ""relation"": ""OCCURRED_AT""}, {""entity_type"": ""LOCATION"", ""value"": ""Europe"", ""relation"": ""OCCURRED_AT""}, {""entity_type"": ""ORGANIZATION"", ""value"": ""NEPTUNE E&P UK LTD"", ""relation"": ""REPORTED_BY""}, {""entity_type"": ""ROOT_CAUSE_CATEGORY"", ""value"": ""Flammable solids, liquids and gases"", ""relation"": ""CATEGORIZED_AS""}, {""entity_type"": ""EQUIPMENT"", ""value"": ""X-head die"", ""relation"": ""INVOLVED""}, {""entity_type"": ""EQUIPMENT"", ""value"": ""Thermo line 3"", ""relation"": ""INVOLVED""}, {""entity_type"": ""EQUIPMENT"", ""value"": ""temperature sensor"", ""relation"": ""INVOLVED""}, {""entity_type"": ""LOCATION"", ""value"": ""mezzanine floor"", ""relation"": ""OCCURRED_AT""}, {""entity_type"": ""EQUIPMENT"", ""value"": ""extruder"", ""relation"": ""INVOLVED""}, {""entity_type"": ""EQUIPMENT"", ""value"": ""melt tube"", ""relation"": ""INVOLVED""}, {""entity_type"": ""ORGANIZATION"", ""value"": ""Shawcor"", ""relation"": ""REPORTED_BY""}]"
574147,fire_explosion,"Laminated plastic coated empty wooden box accumulated near GTG open area, got small fire due to High atmospheric temperature. Our one of Engineer observed and immediately extinguished by using sand.","Fire & Explosion - Flammable solids, liquids and gases",Financial Impact - 1. No impact on entity/asset figures,Financial Impact,Pre-Commissioning / Commissioning,0.0333333333333333,1.0,30.0,"[{""entity_type"": ""LOCATION"", ""value"": ""Amalapuram"", ""relation"": ""OCCURRED_AT""}, {""entity_type"": ""LOCATION"", ""value"": ""India"", ""relation"": ""OCCURRED_AT""}, {""entity_type"": ""LOCATION"", ""value"": ""India"", ""relation"": ""OCCURRED_AT""}, {""entity_type"": ""ORGANIZATION"", ""value"": ""OIL AND NATURAL GAS CORP.LTD"", ""relation"": ""REPORTED_BY""}, {""entity_type"": ""ROOT_CAUSE_CATEGORY"", ""value"": ""Flammable solids, liquids and gases"", ""relation"": ""CATEGORIZED_AS""}, {""entity_type"": ""LOCATION"", ""value"": ""GTG"", ""relation"": ""OCCURRED_AT""}]"
520515,fire_explosion,On 22nd of December 22:30 ignition in the container. HSE engineer informed fire safety team and responsible persons. _x000D_ Preliminary cause of ignition is short circuit of an electrical cable,Fire & Explosion - Explosives / potential explosives,Fire/Explosion - 1. Negligible,Fire/Explosion,Construction - Installation,0.0333333333333333,1.0,30.0,"[{""entity_type"": ""LOCATION"", ""value"": ""Sabetta Site"", ""relation"": ""OCCURRED_AT""}, {""entity_type"": ""LOCATION"", ""value"": ""Sabetta"", ""relation"": ""OCCURRED_AT""}, {""entity_type"": ""LOCATION"", ""value"": ""Russia"", ""relation"": ""OCCURRED_AT""}, {""entity_type"": ""LOCATION"", ""value"": ""Asia Pacific"", ""relation"": ""OCCURRED_AT""}, {""entity_type"": ""ORGANIZATION"", ""value"": ""JSC YAMAL LNG"", ""relation"": ""REPORTED_BY""}, {""entity_type"": ""ROOT_CAUSE_CATEGORY"", ""value"": ""Explosives / potential explosives"", ""relation"": ""CATEGORIZED_AS""}, {""entity_type"": ""EQUIPMENT"", ""value"": ""container"", ""relation"": ""INVOLVED""}, {""entity_type"": ""ORGANIZATION"", ""value"": ""HSE engineer"", ""relation"": ""REPORTED_BY""}, {""entity_type"": ""ORGANIZATION"", ""value"": ""fire safety team"", ""relation"": ""REPORTED_BY""}, {""entity_type"": ""ORGANIZATION"", ""value"": ""responsible persons"", ""relation"": ""REPORTED_BY""}, {""entity_type"": ""EQUIPMENT"", ""value"": ""electric cable"", ""relation"": ""INVOLVED""}]"
12714,fire_explosion,"During a hot work activity, oxyacetylene hose failed and flashback arrestor did not work properly generating a flashback near to the handle. Gas supply was closed immediately and nobody was hurt.","Flammable solids, liquids and gases",2 - Minor,Injury/Illness,Construction - Installation-Construction,0.032258064516129,1.0,31.0,"[{""entity_type"": ""LOCATION"", ""value"": ""Top Coral Do Atlantico (PLSV1)"", ""relation"": ""OCCURRED_AT""}, {""entity_type"": ""LOCATION"", ""value"": ""Rio de Janeiro"", ""relation"": ""OCCURRED_AT""}, {""entity_type"": ""LOCATION"", ""value"": ""Brazil"", ""relation"": ""OCCURRED_AT""}, {""entity_type"": ""LOCATION"", ""value"": ""South America"", ""relation"": ""OCCURRED_AT""}, {""entity_type"": ""ORGANIZATION"", ""value"": ""ESTALEIRO MAUA S/A"", ""relation"": ""REPORTED_BY""}, {""entity_type"": ""ROOT_CAUSE_CATEGORY"", ""value"": ""Flammable solids, liquids and gases"", ""relation"": ""CATEGORIZED_AS""}, {""entity_type"": ""EQUIPMENT"", ""value"": ""Oxy Acetylene hose"", ""relation"": ""INVOLVED""}, {""entity_type"": ""EQUIPMENT"", ""value"": ""flashback arrestor"", ""relation"": ""INVOLVED""}, {""entity_type"": ""INJURY_TYPE"", ""value"": ""flashback"", ""relation"": ""RESULTED_IN""}, {""entity_type"": ""EQUIPMENT"", ""value"": ""handle"", ""relation"": ""INVOLVED""}, {""entity_type"": ""EQUIPMENT"", ""value"": ""Gas supply"", ""relation"": ""INVOLVED""}]"
532071,fire_explosion,It was reported to IEMANTS HSE that a welder left a propane torch tuned on positioned under the grillage. The propane hose was positioned where the torch was laid down causing it to bum through the hose. The equipment was immediately turned off. This also caused extra heat to be applied to the bearing pad. It is to be checked by iemants QC.,"Fire & Explosion - Flammable solids, liquids and gases",Injury - 3. Lost Time Injury,Injury,Yards,0.0317460317460317,2.0,63.0,"[{""entity_type"": ""LOCATION"", ""value"": ""Anvers Facility"", ""relation"": ""OCCURRED_AT""}, {""entity_type"": ""LOCATION"", ""value"": ""Anvers"", ""relation"": ""OCCURRED_AT""}, {""entity_type"": ""LOCATION"", ""value"": ""Belgium"", ""relation"": ""OCCURRED_AT""}, {""entity_type"": ""LOCATION"", ""value"": ""Europe"", ""relation"": ""OCCURRED_AT""}, {""entity_type"": ""ORGANIZATION"", ""value"": ""JSC YAMAL LNG"", ""relation"": ""REPORTED_BY""}, {""entity_type"": ""ROOT_CAUSE_CATEGORY"", ""value"": ""Flammable solids, liquids and gases"", ""relation"": ""CATEGORIZED_AS""}, {""entity_type"": ""ORGANIZATION"", ""value"": ""IEMANTS HSE"", ""relation"": ""REPORTED_BY""}, {""entity_type"": ""EQUIPMENT"", ""value"": ""welder"", ""relation"": ""INVOLVED""}, {""entity_type"": ""EQUIPMENT"", ""value"": ""propane torch"", ""relation"": ""INVOLVED""}, {""entity_type"": ""LOCATION"", ""value"": ""Grillage"", ""relation"": ""OCCURRED_AT""}, {""entity_type"": ""EQUIPMENT"", ""value"": ""propane hose"", ""relation"": ""INVOLVED""}, {""entity_type"": ""ORGANIZATION"", ""value"": ""iemants QC"", ""relation"": ""REPORTED_BY""}]"
509507,fire_explosion,"Piping team crew member was helping to welder to lower welding cable from Deck-G to Deck-F. In the process, welding switch touched along the way, at that time tungsten electrode touched the scaffold board and caused some sparks. Spark splashed down below within the cable tray plastic sheeting in Deck-F, causing a minor fire but was immediately extinguished by workers in the area.","Fire & Explosion - Flammable solids, liquids and gases",Fire/Explosion - 2. Moderate,Fire/Explosion,Yard - Spool Base Fabrication,0.0317460317460317,2.0,63.0,"[{""entity_type"": ""LOCATION"", ""value"": ""ALNG2 PJOE Yard"", ""relation"": ""OCCURRED_AT""}, {""entity_type"": ""LOCATION"", ""value"": ""Penglai"", ""relation"": ""OCCURRED_AT""}, {""entity_type"": ""LOCATION"", ""value"": ""China"", ""relation"": ""OCCURRED_AT""}, {""entity_type"": ""LOCATION"", ""value"": ""Asia Pacific"", ""relation"": ""OCCURRED_AT""}, {""entity_type"": ""ORGANIZATION"", ""value"": ""JSC YAMAL LNG"", ""relation"": ""REPORTED_BY""}, {""entity_type"": ""ROOT_CAUSE_CATEGORY"", ""value"": ""Flammable solids, liquids and gases"", ""relation"": ""CATEGORIZED_AS""}, {""entity_type"": ""ORGANIZATION"", ""value"": ""Piping team"", ""relation"": ""REPORTED_BY""}, {""entity_type"": ""LOCATION"", ""value"": ""Deck-G"", ""relation"": ""OCCURRED_AT""}, {""entity_type"": ""LOCATION"", ""value"": ""Deck-F"", ""relation"": ""OCCURRED_AT""}, {""entity_type"": ""EQUIPMENT"", ""value"": ""welding switch"", ""relation"": ""INVOLVED""}, {""entity_type"": ""EQUIPMENT"", ""value"": ""tungsten electrode"", ""relation"": ""INVOLVED""}]"
607094,fire_explosion,"Preparation of a solution containing nitric acid with the help of a doser. After pumping 3 doses of 15ml in a baker, the nitric acid bombon is placed on the palm. About 30 seconds later, a strong detonation appears causing a acid projection. One person suffered damage due to the detonation (yes), a second repeated a acid projection on the face and front.",Fire & Explosion - Uncontrolled chemical or physical reaction,Injury - 3. Lost Time Injury,Injury,Testing,0.0317460317460317,2.0,63.0,"[{""entity_type"": ""LOCATION"", ""value"": ""Flexi France"", ""relation"": ""OCCURRED_AT""}, {""entity_type"": ""LOCATION"", ""value"": ""Le Trait"", ""relation"": ""OCCURRED_AT""}, {""entity_type"": ""LOCATION"", ""value"": ""France"", ""relation"": ""OCCURRED_AT""}, {""entity_type"": ""LOCATION"", ""value"": ""Europe"", ""relation"": ""OCCURRED_AT""}, {""entity_type"": ""ORGANIZATION"", ""value"": ""FLEXI FRANCE"", ""relation"": ""REPORTED_BY""}, {""entity_type"": ""ROOT_CAUSE_CATEGORY"", ""value"": ""Uncontrolled chemical or physical reaction"", ""relation"": ""CATEGORIZED_AS""}, {""entity_type"": ""EQUIPMENT"", ""value"": ""doser"", ""relation"": ""INVOLVED""}, {""entity_type"": ""EQUIPMENT"", ""value"": ""baker"", ""relation"": ""INVOLVED""}, {""entity_type"": ""BODY_PART"", ""value"": ""palm"", ""relation"": ""AFFECTED""}, {""entity_type"": ""BODY_PART"", ""value"": ""face"", ""relation"": ""AFFECTED""}, {""entity_type"": ""BODY_PART"", ""value"": ""front"", ""relation"": ""AFFECTED""}]"
502227,fire_explosion,A fire occurred due to a overheated cable supplying power to a torch that was being used to cut metal sheets. The fire was extinguished by the working team with an extinguisher.,"Fire & Explosion - Flammable solids, liquids and gases",Injury - 2. Medical Treatment Injury / Restricted Work Case / Loss of Consciousness,Injury,Site Mechanical And Piping,0.03125,1.0,32.0,"[{""entity_type"": ""LOCATION"", ""value"": ""Pontal do Parana"", ""relation"": ""OCCURRED_AT""}, {""entity_type"": ""LOCATION"", ""value"": ""Brazil"", ""relation"": ""OCCURRED_AT""}, {""entity_type"": ""LOCATION"", ""value"": ""South America"", ""relation"": ""OCCURRED_AT""}, {""entity_type"": ""ORGANIZATION"", ""value"": ""PETROBRAS NETHERLANDS B V PNBV"", ""relation"": ""REPORTED_BY""}, {""entity_type"": ""ROOT_CAUSE_CATEGORY"", ""value"": ""Flammable solids, liquids and gases"", ""relation"": ""CATEGORIZED_AS""}, {""entity_type"": ""EQUIPMENT"", ""value"": ""torch"", ""relation"": ""INVOLVED""}, {""entity_type"": ""ORGANIZATION"", ""value"": ""working team"", ""relation"": ""REPORTED_BY""}, {""entity_type"": ""EQUIPMENT"", ""value"": ""extinguisher"", ""relation"": ""INVOLVED""}]"
19447,fire_explosion,"It was observed a small fire inside the waste bin outside workshop WH27, caused by used cigarettes and napkins thrown into same bin. I immediately  Extinguished the fire and informed QHSE Department.","Flammable solids, liquids and gases",2 - Minor,Damage - Financial impact,Engineering-Buildings,0.03125,1.0,32.0,"[{""entity_type"": ""LOCATION"", ""value"": ""Baku Office - Marine Plaza"", ""relation"": ""OCCURRED_AT""}, {""entity_type"": ""LOCATION"", ""value"": ""Baku"", ""relation"": ""OCCURRED_AT""}, {""entity_type"": ""LOCATION"", ""value"": ""Azerbaijan"", ""relation"": ""OCCURRED_AT""}, {""entity_type"": ""LOCATION"", ""value"": ""Europe"", ""relation"": ""OCCURRED_AT""}, {""entity_type"": ""ORGANIZATION"", ""value"": ""FMC KONGSBERG SERVICES LIMITED BRANCH AZERBAIJAN REPUBLIC"", ""relation"": ""REPORTED_BY""}, {""entity_type"": ""ROOT_CAUSE_CATEGORY"", ""value"": ""Flammable solids, liquids and gases"", ""relation"": ""CATEGORIZED_AS""}, {""entity_type"": ""LOCATION"", ""value"": ""workshop"", ""relation"": ""OCCURRED_AT""}, {""entity_type"": ""ORGANIZATION"", ""value"": ""QHSE Department"", ""relation"": ""REPORTED_BY""}]"
681702,fire_explosion,"A worker was tasked to Cut a stiffner on the Plate Girder. While performing the activity, a Cutting gas ( LNG) Hose caught fire from the sparks that fell from the cutting activity. LNG gas hose was pinched and leaking and hence sparks caused the fire. Worker immediately went to the gas manifold. Disconnected the hose from the manifold and disconnected the hose from the crimped connection, and hence fire on the hose stopped. The fire caused a superficial burn on another parallel Oxygen gas hose. No further fire from the oxygen hose was observed._x000D_ The Sparks caused from the cutting activity caused the fire and no fire blanket was used to protect the hose and no cable hangers was used to elevate the hose. Despite the availability of Fire blankets and Cable hangers in the area.","Fire & Explosion - Flammable solids, liquids and gases",Injury - 2. Medical Treatment Injury / Restricted Work Case / Loss of Consciousness,Injury,Yards,0.0291970802919708,4.0,137.0,"[{""entity_type"": ""LOCATION"", ""value"": ""Tianjin"", ""relation"": ""OCCURRED_AT""}, {""entity_type"": ""LOCATION"", ""value"": ""China"", ""relation"": ""OCCURRED_AT""}, {""entity_type"": ""LOCATION"", ""value"": ""Asia Pacific"", ""relation"": ""OCCURRED_AT""}, {""entity_type"": ""ORGANIZATION"", ""value"": ""ARCTIC LNG 2"", ""relation"": ""REPORTED_BY""}, {""entity_type"": ""ROOT_CAUSE_CATEGORY"", ""value"": ""Flammable solids, liquids and gases"", ""relation"": ""CATEGORIZED_AS""}, {""entity_type"": ""EQUIPMENT"", ""value"": ""Plate Girder"", ""relation"": ""INVOLVED""}, {""entity_type"": ""EQUIPMENT"", ""value"": ""LNG gas hose"", ""relation"": ""INVOLVED""}]"
553964,fire_explosion,"On September 27th at approximately 10:00 am, Stripping Machine Operator reported material smoldering on the ground under the brush machine at the Stripping Station. The operator reported the Brush on the south side of the machine was vibrating due to excessive wear, so he decided to use only the brush on the North side of the machine. The excessive use of one worn brush resulted in higher friction during the stripping process, resulting in overheating the material when it 'clogged' on the brush, as it was removed from the pipe. Operator immediately shut down the operation, utilized a fire extinguisher and eliminated any potential fire. The operation remained shut down until Maintenance personnel completed the maintenance and troubleshooting on the north and south brush. There were no injuries and no damage occurred to the equipment or pipe.","Fire & Explosion - Flammable solids, liquids and gases",Fire/Explosion - 2. Moderate,Fire/Explosion,Manufacturing,0.0291970802919708,4.0,137.0,"[{""entity_type"": ""LOCATION"", ""value"": ""TU Inc"", ""relation"": ""OCCURRED_AT""}, {""entity_type"": ""LOCATION"", ""value"": ""Channelview"", ""relation"": ""OCCURRED_AT""}, {""entity_type"": ""LOCATION"", ""value"": ""USA"", ""relation"": ""OCCURRED_AT""}, {""entity_type"": ""LOCATION"", ""value"": ""North America"", ""relation"": ""OCCURRED_AT""}, {""entity_type"": ""ORGANIZATION"", ""value"": ""Shell"", ""relation"": ""REPORTED_BY""}, {""entity_type"": ""ROOT_CAUSE_CATEGORY"", ""value"": ""Flammable solids, liquids and gases"", ""relation"": ""CATEGORIZED_AS""}, {""entity_type"": ""EQUIPMENT"", ""value"": ""Stripping Machine"", ""relation"": ""INVOLVED""}, {""entity_type"": ""EQUIPMENT"", ""value"": ""brush machine"", ""relation"": ""INVOLVED""}, {""entity_type"": ""LOCATION"", ""value"": ""Stripping Station"", ""relation"": ""OCCURRED_AT""}, {""entity_type"": ""ORGANIZATION"", ""value"": ""maintenance personnel"", ""relation"": ""REPORTED_BY""}, {""entity_type"": ""INJURY_TYPE"", ""value"": ""injuries"", ""relation"": ""RESULTED_IN""}]"
678916,fire_explosion,During the manifold block welding activity in CLAD 19 occurred a overheating at a point of the installation??the electrical of the equipment causing a principle of fire that was contained with the use of the extinctor.,Fire & Explosion - Uncontrolled chemical or physical reaction,Financial Impact - 2. Minor impact on entity/asset figures,Financial Impact,Maintenance,0.0277777777777777,1.0,36.0,"[{""entity_type"": ""LOCATION"", ""value"": ""Matriz Industrial Plant"", ""relation"": ""OCCURRED_AT""}, {""entity_type"": ""LOCATION"", ""value"": ""Rio de Janeiro"", ""relation"": ""OCCURRED_AT""}, {""entity_type"": ""LOCATION"", ""value"": ""Brazil"", ""relation"": ""OCCURRED_AT""}, {""entity_type"": ""LOCATION"", ""value"": ""South America"", ""relation"": ""OCCURRED_AT""}, {""entity_type"": ""ORGANIZATION"", ""value"": ""TECHNIPFMC"", ""relation"": ""REPORTED_BY""}, {""entity_type"": ""ROOT_CAUSE_CATEGORY"", ""value"": ""Uncontrolled chemical or physical reaction"", ""relation"": ""CATEGORIZED_AS""}, {""entity_type"": ""ORGANIZATION"", ""value"": ""CLAD 19"", ""relation"": ""REPORTED_BY""}, {""entity_type"": ""LOCATION"", ""value"": ""point of the installation"", ""relation"": ""OCCURRED_AT""}]"
584554,fire_explosion,"On 30 April 2018 at 17:00, local time, the automatic fire alarm system triggered in the main office STL. The message to the dispatcher of the ОМС smoke fire detector triggering came from the duty electrician. The OMC dispatcher notified the emergency response service and the management of the organization. The trigger was caused by smoke as a result of melting the terminal connection wires in the main office, room 1- 310.",Fire & Explosion - Uncontrolled chemical or physical reaction,"Damage - 1. Less than 100,000 Euros",Damage,Construction - Installation,0.0277777777777777,2.0,72.0,"[{""entity_type"": ""LOCATION"", ""value"": ""Sabetta Site"", ""relation"": ""OCCURRED_AT""}, {""entity_type"": ""LOCATION"", ""value"": ""Sabetta"", ""relation"": ""OCCURRED_AT""}, {""entity_type"": ""LOCATION"", ""value"": ""Russia"", ""relation"": ""OCCURRED_AT""}, {""entity_type"": ""LOCATION"", ""value"": ""Asia Pacific"", ""relation"": ""OCCURRED_AT""}, {""entity_type"": ""ORGANIZATION"", ""value"": ""JSC YAMAL LNG"", ""relation"": ""REPORTED_BY""}, {""entity_type"": ""ROOT_CAUSE_CATEGORY"", ""value"": ""Uncontrolled chemical or physical reaction"", ""relation"": ""CATEGORIZED_AS""}, {""entity_type"": ""EQUIPMENT"", ""value"": ""automatic fire alarm system"", ""relation"": ""INVOLVED""}, {""entity_type"": ""LOCATION"", ""value"": ""main office"", ""relation"": ""OCCURRED_AT""}, {""entity_type"": ""ORGANIZATION"", ""value"": ""STL"", ""relation"": ""REPORTED_BY""}, {""entity_type"": ""ORGANIZATION"", ""value"": ""OMC"", ""relation"": ""REPORTED_BY""}, {""entity_type"": ""ORGANIZATION"", ""value"": ""emergency response service"", ""relation"": ""REPORTED_BY""}, {""entity_type"": ""ORGANIZATION"", ""value"": ""management of the organization"", ""relation"": ""REPORTED_BY""}, {""entity_type"": ""LOCATION"", ""value"": ""room 1- 310"", ""relation"": ""OCCURRED_AT""}]"
696801,fire_explosion,"At around 04:15 PM, grinder man was performing grinding work on pipe spool. Nearby the hot work area, combustible material (cardboard carton) was lying down. In due time, fumes observed from the carton because of grinding sparks. Grinder man dumped carton into general waste dustbin without extinguishing generated smoke. Due to which heat generated inside general waste bin and smoke was observed. Immediately, safety supervisor extinguished the smoke by water. No injury was reported.","Fire & Explosion - Flammable solids, liquids and gases",Injury - 2. Medical Treatment Injury / Restricted Work Case / Loss of Consciousness,Injury,Other Manufacturing Activities,0.027027027027027,2.0,74.0,"[{""entity_type"": ""LOCATION"", ""value"": ""Dahej"", ""relation"": ""OCCURRED_AT""}, {""entity_type"": ""LOCATION"", ""value"": ""India"", ""relation"": ""OCCURRED_AT""}, {""entity_type"": ""LOCATION"", ""value"": ""India"", ""relation"": ""OCCURRED_AT""}, {""entity_type"": ""ORGANIZATION"", ""value"": ""HINDUSTAN URVARAK AND RASAYAN LIMITED"", ""relation"": ""REPORTED_BY""}, {""entity_type"": ""ROOT_CAUSE_CATEGORY"", ""value"": ""Flammable solids, liquids and gases"", ""relation"": ""CATEGORIZED_AS""}, {""entity_type"": ""EQUIPMENT"", ""value"": ""pipe spool"", ""relation"": ""INVOLVED""}, {""entity_type"": ""LOCATION"", ""value"": ""Hot Work area"", ""relation"": ""OCCURRED_AT""}, {""entity_type"": ""LOCATION"", ""value"": ""general waste dustbin"", ""relation"": ""OCCURRED_AT""}, {""entity_type"": ""LOCATION"", ""value"": ""general waste bin"", ""relation"": ""OCCURRED_AT""}]"
538517,fire_explosion,"17.05.2017 around 11:00. At the construction site ""LNG plant"", Train 1, Compressor ""A"", during hot works, a protective cover of dornite melted over an area of 0.5 square meters, which was discovered by the employees of LLC ""Velesstroy"" who used primary fire extinguishing means (Fire extinguishers). As a result of the incident there are no injuries and no property damage._x000D_ Melting of dornite was caused by failure to prevent spreading of sparks during hot works","Fire & Explosion - Flammable solids, liquids and gases",Fire/Explosion - 1. Negligible,Fire/Explosion,Construction - Installation,0.0266666666666666,2.0,75.0,"[{""entity_type"": ""LOCATION"", ""value"": ""Sabetta Site"", ""relation"": ""OCCURRED_AT""}, {""entity_type"": ""LOCATION"", ""value"": ""Sabetta"", ""relation"": ""OCCURRED_AT""}, {""entity_type"": ""LOCATION"", ""value"": ""Russia"", ""relation"": ""OCCURRED_AT""}, {""entity_type"": ""LOCATION"", ""value"": ""Asia Pacific"", ""relation"": ""OCCURRED_AT""}, {""entity_type"": ""ORGANIZATION"", ""value"": ""JSC YAMAL LNG"", ""relation"": ""REPORTED_BY""}, {""entity_type"": ""ROOT_CAUSE_CATEGORY"", ""value"": ""Flammable solids, liquids and gases"", ""relation"": ""CATEGORIZED_AS""}, {""entity_type"": ""LOCATION"", ""value"": ""LNG Plant"", ""relation"": ""OCCURRED_AT""}, {""entity_type"": ""EQUIPMENT"", ""value"": ""Train 1"", ""relation"": ""INVOLVED""}, {""entity_type"": ""EQUIPMENT"", ""value"": ""compressor"", ""relation"": ""INVOLVED""}, {""entity_type"": ""ORGANIZATION"", ""value"": ""LLC"", ""relation"": ""REPORTED_BY""}, {""entity_type"": ""EQUIPMENT"", ""value"": ""fire extinguisher"", ""relation"": ""INVOLVED""}]"
654091,fire_explosion,"Around midnight one of the press heating elements caught fire, which probably happened due to short circuiting of wires for the heating element. Fire extinguisher was used by one of the press operator to put out the fire.",Fire & Explosion - Explosives / potential explosives,Injury - 2. Medical Treatment Injury / Restricted Work Case / Loss of Consciousness,Injury,Other Manufacturing Activities,0.0263157894736842,1.0,38.0,"[{""entity_type"": ""LOCATION"", ""value"": ""Gears Manufacturing"", ""relation"": ""OCCURRED_AT""}, {""entity_type"": ""LOCATION"", ""value"": ""Houston"", ""relation"": ""OCCURRED_AT""}, {""entity_type"": ""LOCATION"", ""value"": ""USA"", ""relation"": ""OCCURRED_AT""}, {""entity_type"": ""LOCATION"", ""value"": ""North America"", ""relation"": ""OCCURRED_AT""}, {""entity_type"": ""ORGANIZATION"", ""value"": ""TECHNIPFMC"", ""relation"": ""REPORTED_BY""}, {""entity_type"": ""ROOT_CAUSE_CATEGORY"", ""value"": ""Explosives / potential explosives"", ""relation"": ""CATEGORIZED_AS""}, {""entity_type"": ""EQUIPMENT"", ""value"": ""one of the press heating elements"", ""relation"": ""INVOLVED""}, {""entity_type"": ""EQUIPMENT"", ""value"": ""fire extinguisher"", ""relation"": ""INVOLVED""}]"
513221,fire_explosion,"A team of sublet contractor was doing cutting work in the Final Assembly 200-PAR-011 Deck-E. Sparks from the cutting activity ignited the rug in Deck-D and caused a minor fire, and then the fire was put out immediately.","Fire & Explosion - Flammable solids, liquids and gases",Fire/Explosion - 1. Negligible,Fire/Explosion,Yard - Spool Base Fabrication,0.0263157894736842,1.0,38.0,"[{""entity_type"": ""LOCATION"", ""value"": ""ALNG2 PJOE Yard"", ""relation"": ""OCCURRED_AT""}, {""entity_type"": ""LOCATION"", ""value"": ""Penglai"", ""relation"": ""OCCURRED_AT""}, {""entity_type"": ""LOCATION"", ""value"": ""China"", ""relation"": ""OCCURRED_AT""}, {""entity_type"": ""LOCATION"", ""value"": ""Asia Pacific"", ""relation"": ""OCCURRED_AT""}, {""entity_type"": ""ORGANIZATION"", ""value"": ""JSC YAMAL LNG"", ""relation"": ""REPORTED_BY""}, {""entity_type"": ""ROOT_CAUSE_CATEGORY"", ""value"": ""Flammable solids, liquids and gases"", ""relation"": ""CATEGORIZED_AS""}, {""entity_type"": ""ORGANIZATION"", ""value"": ""Final Assembly"", ""relation"": ""REPORTED_BY""}, {""entity_type"": ""LOCATION"", ""value"": ""Deck-E"", ""relation"": ""OCCURRED_AT""}, {""entity_type"": ""LOCATION"", ""value"": ""Deck-D"", ""relation"": ""OCCURRED_AT""}]"
504523,fire_explosion,"Monday morning around 7.50 am, there was an incident reported by WTP L7 office cleaner that the water dispenser had leaked and flooded the office flooring at Level 7 Door 4. _x000D_ _x000D_ Upon investigation, found that wall plug had burnt due to excessive electrical load from shredder machine and water dispenser. Water dispenser's plug had burnt together with the wall plug, and this caused the water dispenser to leak. Shredder's plug was also burnt (refer attached incident report).",Fire & Explosion - Explosives / potential explosives,"Damage - 1. Less than 100,000 Euros",Damage,Support Service,0.0253164556962025,2.0,79.0,"[{""entity_type"": ""LOCATION"", ""value"": ""Kuala Lumpur Office"", ""relation"": ""OCCURRED_AT""}, {""entity_type"": ""LOCATION"", ""value"": ""Kuala Lumpur"", ""relation"": ""OCCURRED_AT""}, {""entity_type"": ""LOCATION"", ""value"": ""Malaysia"", ""relation"": ""OCCURRED_AT""}, {""entity_type"": ""LOCATION"", ""value"": ""Asia Pacific"", ""relation"": ""OCCURRED_AT""}, {""entity_type"": ""ORGANIZATION"", ""value"": ""TECHNIPFMC"", ""relation"": ""REPORTED_BY""}, {""entity_type"": ""ROOT_CAUSE_CATEGORY"", ""value"": ""Explosives / potential explosives"", ""relation"": ""CATEGORIZED_AS""}, {""entity_type"": ""ORGANIZATION"", ""value"": ""WTP L7"", ""relation"": ""REPORTED_BY""}, {""entity_type"": ""EQUIPMENT"", ""value"": ""water dispenser"", ""relation"": ""INVOLVED""}, {""entity_type"": ""LOCATION"", ""value"": ""Level 7 Door 4"", ""relation"": ""OCCURRED_AT""}, {""entity_type"": ""EQUIPMENT"", ""value"": ""wall plug"", ""relation"": ""INVOLVED""}, {""entity_type"": ""EQUIPMENT"", ""value"": ""shredder machine"", ""relation"": ""INVOLVED""}]"
707034,fire_explosion,"A fitter performed grinding work in module shop bay 2, the flying sparks ignited the joint of a mistakenly opened gas hose(1.5 meters away) and caused the fire. Surrounding workers immediately closed the gas valve and put out the fire","Fire & Explosion - Flammable solids, liquids and gases",Injury - 1. First Aid Care,Injury,Construction,0.025,1.0,40.0,"[{""entity_type"": ""LOCATION"", ""value"": ""ALNG2 COSCO Yard"", ""relation"": ""OCCURRED_AT""}, {""entity_type"": ""LOCATION"", ""value"": ""Qidong"", ""relation"": ""OCCURRED_AT""}, {""entity_type"": ""LOCATION"", ""value"": ""China"", ""relation"": ""OCCURRED_AT""}, {""entity_type"": ""LOCATION"", ""value"": ""Asia Pacific"", ""relation"": ""OCCURRED_AT""}, {""entity_type"": ""ORGANIZATION"", ""value"": ""ARCTIC LNG 2"", ""relation"": ""REPORTED_BY""}, {""entity_type"": ""ROOT_CAUSE_CATEGORY"", ""value"": ""Flammable solids, liquids and gases"", ""relation"": ""CATEGORIZED_AS""}, {""entity_type"": ""LOCATION"", ""value"": ""module shop bay 1"", ""relation"": ""OCCURRED_AT""}, {""entity_type"": ""EQUIPMENT"", ""value"": ""Gas hose"", ""relation"": ""INVOLVED""}]"
520808,fire_explosion,"A welder from the company 'Nowproject'(Hendryk Koszyk, ID141_x000D_ ) has left his weldingspot (hut), his flame on the torch was still on. This for a period from more than 10 minutes. This incident/near miss could cause a fire on NID","Fire & Explosion - Flammable solids, liquids and gases",Fire/Explosion - 3. Significant,Fire/Explosion,Yards,0.025,1.0,40.0,"[{""entity_type"": ""LOCATION"", ""value"": ""Anvers Facility"", ""relation"": ""OCCURRED_AT""}, {""entity_type"": ""LOCATION"", ""value"": ""Anvers"", ""relation"": ""OCCURRED_AT""}, {""entity_type"": ""LOCATION"", ""value"": ""Belgium"", ""relation"": ""OCCURRED_AT""}, {""entity_type"": ""LOCATION"", ""value"": ""Europe"", ""relation"": ""OCCURRED_AT""}, {""entity_type"": ""ORGANIZATION"", ""value"": ""JSC YAMAL LNG"", ""relation"": ""REPORTED_BY""}, {""entity_type"": ""ROOT_CAUSE_CATEGORY"", ""value"": ""Flammable solids, liquids and gases"", ""relation"": ""CATEGORIZED_AS""}, {""entity_type"": ""ORGANIZATION"", ""value"": ""Nowproject"", ""relation"": ""REPORTED_BY""}, {""entity_type"": ""LOCATION"", ""value"": ""hut"", ""relation"": ""OCCURRED_AT""}, {""entity_type"": ""EQUIPMENT"", ""value"": ""torch"", ""relation"": ""INVOLVED""}]"
28118,fire_explosion,"During grinding activities on a PLET, the grinding spark unintentionally directed towards a welding rod package.  This resulted in a minor fire involving the welding rod package.  The fire was contained and quickly extinguished with no injury or any damage to equipment.","Flammable solids, liquids and gases",2 - Minor,Damage - Financial impact,Manufacturing-Welding,0.0238095238095238,1.0,42.0,"[{""entity_type"": ""LOCATION"", ""value"": ""New Maadi Office"", ""relation"": ""OCCURRED_AT""}, {""entity_type"": ""LOCATION"", ""value"": ""New Cairo"", ""relation"": ""OCCURRED_AT""}, {""entity_type"": ""LOCATION"", ""value"": ""Egypt"", ""relation"": ""OCCURRED_AT""}, {""entity_type"": ""LOCATION"", ""value"": ""Africa"", ""relation"": ""OCCURRED_AT""}, {""entity_type"": ""ORGANIZATION"", ""value"": ""PETROJET THE PETROLEUM PROJECTS AND TECHNICAL CONSULTATION CO"", ""relation"": ""REPORTED_BY""}, {""entity_type"": ""ROOT_CAUSE_CATEGORY"", ""value"": ""Flammable solids, liquids and gases"", ""relation"": ""CATEGORIZED_AS""}, {""entity_type"": ""EQUIPMENT"", ""value"": ""welding rod package"", ""relation"": ""INVOLVED""}]"
540699,fire_explosion,On 27 of May 2017 at 23:53 an automatic fire alarm went off in the canteen 2-7 of the North Camp. OMC dispatcher notified ER team and company management. This was caused by a smoke generated by ignition of the electric oven.,Fire & Explosion - Uncontrolled chemical or physical reaction,"Damage - 1. Less than 100,000 Euros",Damage,Construction,0.0238095238095238,1.0,42.0,"[{""entity_type"": ""LOCATION"", ""value"": ""Sabetta Site"", ""relation"": ""OCCURRED_AT""}, {""entity_type"": ""LOCATION"", ""value"": ""Sabetta"", ""relation"": ""OCCURRED_AT""}, {""entity_type"": ""LOCATION"", ""value"": ""Russia"", ""relation"": ""OCCURRED_AT""}, {""entity_type"": ""LOCATION"", ""value"": ""Asia Pacific"", ""relation"": ""OCCURRED_AT""}, {""entity_type"": ""ORGANIZATION"", ""value"": ""JSC YAMAL LNG"", ""relation"": ""REPORTED_BY""}, {""entity_type"": ""ROOT_CAUSE_CATEGORY"", ""value"": ""Uncontrolled chemical or physical reaction"", ""relation"": ""CATEGORIZED_AS""}, {""entity_type"": ""LOCATION"", ""value"": ""canteen 2-7"", ""relation"": ""OCCURRED_AT""}, {""entity_type"": ""LOCATION"", ""value"": ""North Camp"", ""relation"": ""OCCURRED_AT""}, {""entity_type"": ""ORGANIZATION"", ""value"": ""OMC"", ""relation"": ""REPORTED_BY""}, {""entity_type"": ""ORGANIZATION"", ""value"": ""ER team"", ""relation"": ""REPORTED_BY""}, {""entity_type"": ""ORGANIZATION"", ""value"": ""company management"", ""relation"": ""REPORTED_BY""}, {""entity_type"": ""EQUIPMENT"", ""value"": ""electric oven"", ""relation"": ""INVOLVED""}]"
511910,fire_explosion,"Fitter from PJOE S&P Workshop was doing cutting work. In the process, spark ignited the welding carton underneath his work place in the east side of Final Assembly 300-PAR-005 Deck-C, caused a minor fire, he put out the fire with his co-worker immediately.","Fire & Explosion - Flammable solids, liquids and gases",Fire/Explosion - 1. Negligible,Fire/Explosion,Yard - Spool Base Fabrication,0.0232558139534883,1.0,43.0,"[{""entity_type"": ""LOCATION"", ""value"": ""ALNG2 PJOE Yard"", ""relation"": ""OCCURRED_AT""}, {""entity_type"": ""LOCATION"", ""value"": ""Penglai"", ""relation"": ""OCCURRED_AT""}, {""entity_type"": ""LOCATION"", ""value"": ""China"", ""relation"": ""OCCURRED_AT""}, {""entity_type"": ""LOCATION"", ""value"": ""Asia Pacific"", ""relation"": ""OCCURRED_AT""}, {""entity_type"": ""ORGANIZATION"", ""value"": ""JSC YAMAL LNG"", ""relation"": ""REPORTED_BY""}, {""entity_type"": ""ROOT_CAUSE_CATEGORY"", ""value"": ""Flammable solids, liquids and gases"", ""relation"": ""CATEGORIZED_AS""}, {""entity_type"": ""ORGANIZATION"", ""value"": ""PJOE S&P Workshop"", ""relation"": ""REPORTED_BY""}, {""entity_type"": ""EQUIPMENT"", ""value"": ""welding cart"", ""relation"": ""INVOLVED""}, {""entity_type"": ""ORGANIZATION"", ""value"": ""Final Assembly"", ""relation"": ""REPORTED_BY""}]"
588756,fire_explosion,"On 23.05.2018 at about 7:30 am at LLC SNEMA-SERVIS camp near Train 2&3 satellite offices an ignition in store container happened. Fire alarm triggered, at 07.35 am, 32 people were evacuated to the muster point. The elimination of smoke was done by firemen of FD JSC Yamal LNG. It was found out that an electrician of SNEMA was performing welding activities without authorization which caused the ignition. As the result of smoke the outside paint of container was damaged. No injured, no damage to property or equipment",Fire & Explosion - Uncontrolled chemical or physical reaction,"Damage - 1. Less than 100,000 Euros",Damage,Construction - Installation,0.0229885057471264,2.0,87.0,"[{""entity_type"": ""LOCATION"", ""value"": ""Sabetta Site"", ""relation"": ""OCCURRED_AT""}, {""entity_type"": ""LOCATION"", ""value"": ""Sabetta"", ""relation"": ""OCCURRED_AT""}, {""entity_type"": ""LOCATION"", ""value"": ""Russia"", ""relation"": ""OCCURRED_AT""}, {""entity_type"": ""LOCATION"", ""value"": ""Asia Pacific"", ""relation"": ""OCCURRED_AT""}, {""entity_type"": ""ORGANIZATION"", ""value"": ""JSC YAMAL LNG"", ""relation"": ""REPORTED_BY""}, {""entity_type"": ""ROOT_CAUSE_CATEGORY"", ""value"": ""Uncontrolled chemical or physical reaction"", ""relation"": ""CATEGORIZED_AS""}, {""entity_type"": ""LOCATION"", ""value"": ""LLC SNEMA-SERVIS camp"", ""relation"": ""OCCURRED_AT""}, {""entity_type"": ""LOCATION"", ""value"": ""Train 2&3 satellite offices"", ""relation"": ""OCCURRED_AT""}, {""entity_type"": ""LOCATION"", ""value"": ""Muster point"", ""relation"": ""OCCURRED_AT""}, {""entity_type"": ""ORGANIZATION"", ""value"": ""FD JSC Yamal LNG"", ""relation"": ""REPORTED_BY""}]"
718571,fire_explosion,"At the southwest of the Deck C of 1-TMP-004 module, LCJT performed welding for the guardrail installation. The weldingsparks flied to the underneath scaffolding platform, causing an unsealed insulation glue bottle caught fire, the fire was putout by surrounding employees. No one was injured","Fire & Explosion - Flammable solids, liquids and gases",Injury - 1. First Aid Care,Injury,Construction,0.0227272727272727,1.0,44.0,"[{""entity_type"": ""LOCATION"", ""value"": ""ALNG2 COSCO Yard"", ""relation"": ""OCCURRED_AT""}, {""entity_type"": ""LOCATION"", ""value"": ""Qidong"", ""relation"": ""OCCURRED_AT""}, {""entity_type"": ""LOCATION"", ""value"": ""China"", ""relation"": ""OCCURRED_AT""}, {""entity_type"": ""LOCATION"", ""value"": ""Asia Pacific"", ""relation"": ""OCCURRED_AT""}, {""entity_type"": ""ORGANIZATION"", ""value"": ""ARCTIC LNG 2"", ""relation"": ""REPORTED_BY""}, {""entity_type"": ""ROOT_CAUSE_CATEGORY"", ""value"": ""Flammable solids, liquids and gases"", ""relation"": ""CATEGORIZED_AS""}, {""entity_type"": ""LOCATION"", ""value"": ""Deck C"", ""relation"": ""OCCURRED_AT""}, {""entity_type"": ""ORGANIZATION"", ""value"": ""LCJT"", ""relation"": ""REPORTED_BY""}, {""entity_type"": ""EQUIPMENT"", ""value"": ""weldingsparks"", ""relation"": ""INVOLVED""}, {""entity_type"": ""EQUIPMENT"", ""value"": ""unsealed insulation glue bottle"", ""relation"": ""INVOLVED""}]"
651350,fire_explosion,"Air compressor which was being used for exchanger cell drying purpose after hydro test, suddenly its inside wiring(start-up panel wiring) caught minor fire due to heat. The minor fire extinguished by using fire extinguisher from nearby fire stand. No injury & property got damaged.","Fire & Explosion - Flammable solids, liquids and gases",Financial Impact - 1. No impact on entity/asset figures,Financial Impact,Construction,0.0227272727272727,1.0,44.0,"[{""entity_type"": ""LOCATION"", ""value"": ""Haldia"", ""relation"": ""OCCURRED_AT""}, {""entity_type"": ""LOCATION"", ""value"": ""India"", ""relation"": ""OCCURRED_AT""}, {""entity_type"": ""LOCATION"", ""value"": ""India"", ""relation"": ""OCCURRED_AT""}, {""entity_type"": ""ORGANIZATION"", ""value"": ""INDIAN OIL CORPORATION LIMITED"", ""relation"": ""REPORTED_BY""}, {""entity_type"": ""ROOT_CAUSE_CATEGORY"", ""value"": ""Flammable solids, liquids and gases"", ""relation"": ""CATEGORIZED_AS""}, {""entity_type"": ""EQUIPMENT"", ""value"": ""air compressor"", ""relation"": ""INVOLVED""}, {""entity_type"": ""EQUIPMENT"", ""value"": ""fire extinguisher"", ""relation"": ""INVOLVED""}, {""entity_type"": ""LOCATION"", ""value"": ""nearby fire stand"", ""relation"": ""OCCURRED_AT""}, {""entity_type"": ""INJURY_TYPE"", ""value"": ""No injury"", ""relation"": ""RESULTED_IN""}, {""entity_type"": ""LOCATION"", ""value"": ""property"", ""relation"": ""OCCURRED_AT""}]"
732855,fire_explosion,"On Date 19-10-2020 around 04:45pm at Ammonia compressor area,  suddenly smoke was found in welding cable due to overheating as cable was being kept in bundle at one place, immediately the power supply was cut off. There is no personal injury in this incident.","Fire & Explosion - Flammable solids, liquids and gases",Injury - 2. Medical Treatment Injury / Restricted Work Case / Loss of Consciousness,Injury,Construction - Installation,0.0227272727272727,1.0,44.0,"[{""entity_type"": ""LOCATION"", ""value"": ""Sindri"", ""relation"": ""OCCURRED_AT""}, {""entity_type"": ""LOCATION"", ""value"": ""India"", ""relation"": ""OCCURRED_AT""}, {""entity_type"": ""LOCATION"", ""value"": ""India"", ""relation"": ""OCCURRED_AT""}, {""entity_type"": ""ORGANIZATION"", ""value"": ""HINDUSTAN URVARAK AND RASAYAN LIMITED"", ""relation"": ""REPORTED_BY""}, {""entity_type"": ""ROOT_CAUSE_CATEGORY"", ""value"": ""Flammable solids, liquids and gases"", ""relation"": ""CATEGORIZED_AS""}, {""entity_type"": ""LOCATION"", ""value"": ""Ammonia compressor area"", ""relation"": ""OCCURRED_AT""}, {""entity_type"": ""INJURY_TYPE"", ""value"": ""personal injury"", ""relation"": ""RESULTED_IN""}]"
712201,fire_explosion,"While checking light towers, I noticed a large amount of Diesel had been spilled while filling the fuel tank and had flooded the bottom o the Light plant.  The exhaust runs through the bottom of the containment and could potentially cause the diesel to ignite.","Fire & Explosion - Flammable solids, liquids and gases",Environment - 4. Major Impact,Environment,Support Service,0.0222222222222222,1.0,45.0,"[{""entity_type"": ""LOCATION"", ""value"": ""Minot Service Base"", ""relation"": ""OCCURRED_AT""}, {""entity_type"": ""LOCATION"", ""value"": ""Minot"", ""relation"": ""OCCURRED_AT""}, {""entity_type"": ""LOCATION"", ""value"": ""USA"", ""relation"": ""OCCURRED_AT""}, {""entity_type"": ""LOCATION"", ""value"": ""North America"", ""relation"": ""OCCURRED_AT""}, {""entity_type"": ""ORGANIZATION"", ""value"": ""HESS CORPORATION"", ""relation"": ""REPORTED_BY""}, {""entity_type"": ""ROOT_CAUSE_CATEGORY"", ""value"": ""Flammable solids, liquids and gases"", ""relation"": ""CATEGORIZED_AS""}, {""entity_type"": ""ORGANIZATION"", ""value"": ""light plant"", ""relation"": ""REPORTED_BY""}]"
611782,falls_slips,Employee #10024200 Stacked four pallets high of the four inch triple step boxes. When the employee backed up on the swing lift the bottom pallet collapsed causing the stack to fall over.,Work environment - Fall to lower level / fall to water / loose materials (e.g. silos with granulate),Financial Impact - 2. Minor impact on entity/asset figures,Financial Impact,Transport / Handling / Packing,0.0625,2.0,32.0,"[{""entity_type"": ""LOCATION"", ""value"": ""Stephenville Manufacturing"", ""relation"": ""OCCURRED_AT""}, {""entity_type"": ""LOCATION"", ""value"": ""Stephenville"", ""relation"": ""OCCURRED_AT""}, {""entity_type"": ""LOCATION"", ""value"": ""USA"", ""relation"": ""OCCURRED_AT""}, {""entity_type"": ""LOCATION"", ""value"": ""North America"", ""relation"": ""OCCURRED_AT""}, {""entity_type"": ""ORGANIZATION"", ""value"": ""TECHNIPFMC"", ""relation"": ""REPORTED_BY""}, {""entity_type"": ""ROOT_CAUSE_CATEGORY"", ""value"": ""Fall to lower level / fall to water / loose materials (e.g. silos with granulate)"", ""relation"": ""CATEGORIZED_AS""}, {""entity_type"": ""EQUIPMENT"", ""value"": ""swing lift"", ""relation"": ""INVOLVED""}]"
518862,falls_slips,while coming down from scaffold his leg slipped from ladder steps. Since his safety belt tied with hand rail hence he hold on scaffold._x000D_ _x000D_ No injury/ property damage caused due to the incident.,"Work environment - Falls, slips and trips on same level (without potential to fall to lower level)",Injury - 1. First Aid Care,Injury,Site Mechanical And Piping,0.0588235294117647,2.0,34.0,"[{""entity_type"": ""LOCATION"", ""value"": ""Amalapuram"", ""relation"": ""OCCURRED_AT""}, {""entity_type"": ""LOCATION"", ""value"": ""India"", ""relation"": ""OCCURRED_AT""}, {""entity_type"": ""LOCATION"", ""value"": ""India"", ""relation"": ""OCCURRED_AT""}, {""entity_type"": ""ORGANIZATION"", ""value"": ""OIL AND NATURAL GAS CORP.LTD"", ""relation"": ""REPORTED_BY""}, {""entity_type"": ""ROOT_CAUSE_CATEGORY"", ""value"": ""Falls, slips and trips on same level (without potential to fall to lower level)"", ""relation"": ""CATEGORIZED_AS""}, {""entity_type"": ""BODY_PART"", ""value"": ""his leg"", ""relation"": ""AFFECTED""}, {""entity_type"": ""LOCATION"", ""value"": ""ladder steps"", ""relation"": ""OCCURRED_AT""}, {""entity_type"": ""EQUIPMENT"", ""value"": ""safety belt"", ""relation"": ""INVOLVED""}, {""entity_type"": ""EQUIPMENT"", ""value"": ""hand rail"", ""relation"": ""INVOLVED""}]"
539761,falls_slips,"at approx. 13:40pm a Doka system scaffold size approximately 8 meters height slanded inwards and rested against the building due to high winds. No damage, no personnel in the area due to weather condition . DOSH being notified. under investigation",Work environment - Fall to lower level / fall to water / loose materials (e.g. silos with granulate),"Damage - 1. Less than 100,000 Euros",Damage,Construction - Installation,0.05,2.0,40.0,"[{""entity_type"": ""LOCATION"", ""value"": ""Pengerang"", ""relation"": ""OCCURRED_AT""}, {""entity_type"": ""LOCATION"", ""value"": ""Malaysia"", ""relation"": ""OCCURRED_AT""}, {""entity_type"": ""LOCATION"", ""value"": ""Asia Pacific"", ""relation"": ""OCCURRED_AT""}, {""entity_type"": ""ORGANIZATION"", ""value"": ""PETRONAS"", ""relation"": ""REPORTED_BY""}, {""entity_type"": ""ROOT_CAUSE_CATEGORY"", ""value"": ""Fall to lower level / fall to water / loose materials (e.g. silos with granulate)"", ""relation"": ""CATEGORIZED_AS""}, {""entity_type"": ""LOCATION"", ""value"": ""building"", ""relation"": ""OCCURRED_AT""}, {""entity_type"": ""ORGANIZATION"", ""value"": ""DOSH"", ""relation"": ""REPORTED_BY""}]"
624259,falls_slips,A number of Genesis personnel have experienced slipping while walking across the car park due to the icy conditions. The loc bloc areas of the car park appear to be particularly affected._x000D_ Slips were experienced previously during December due to icy conditions.,"Work environment - Falls, slips and trips on same level (without potential to fall to lower level)",Injury - 3. Lost Time Injury,Injury,Support Service,0.0476190476190476,2.0,42.0,"[{""entity_type"": ""LOCATION"", ""value"": ""Aberdeen"", ""relation"": ""OCCURRED_AT""}, {""entity_type"": ""LOCATION"", ""value"": ""UK"", ""relation"": ""OCCURRED_AT""}, {""entity_type"": ""LOCATION"", ""value"": ""Europe"", ""relation"": ""OCCURRED_AT""}, {""entity_type"": ""ORGANIZATION"", ""value"": ""GENESIS OIL AND GAS (ABERDEEN)"", ""relation"": ""REPORTED_BY""}, {""entity_type"": ""ROOT_CAUSE_CATEGORY"", ""value"": ""Falls, slips and trips on same level (without potential to fall to lower level)"", ""relation"": ""CATEGORIZED_AS""}, {""entity_type"": ""ORGANIZATION"", ""value"": ""Genesis"", ""relation"": ""REPORTED_BY""}, {""entity_type"": ""LOCATION"", ""value"": ""car park"", ""relation"": ""OCCURRED_AT""}, {""entity_type"": ""LOCATION"", ""value"": ""loc bloc areas"", ""relation"": ""OCCURRED_AT""}]"
638006,falls_slips,"Employee was on top of mud mat holding a tag line, the tagline popped causing the employee to fall back and fall off the mud mat. The Employees head was cut due to his hard hat cutting him when he hit the ground, due to the hard hat shifting and the brim cutting him._x000D_ Update: IP had successful neck surgery and is rapidly recovering.",Work environment - Fall to lower level / fall to water / loose materials (e.g. silos with granulate),Injury - 3. Lost Time Injury,Injury,Manufacturing,0.046875,3.0,64.0,"[{""entity_type"": ""LOCATION"", ""value"": ""Lafayette"", ""relation"": ""OCCURRED_AT""}, {""entity_type"": ""LOCATION"", ""value"": ""USA"", ""relation"": ""OCCURRED_AT""}, {""entity_type"": ""LOCATION"", ""value"": ""North America"", ""relation"": ""OCCURRED_AT""}, {""entity_type"": ""ORGANIZATION"", ""value"": ""Shell"", ""relation"": ""REPORTED_BY""}, {""entity_type"": ""ROOT_CAUSE_CATEGORY"", ""value"": ""Fall to lower level / fall to water / loose materials (e.g. silos with granulate)"", ""relation"": ""CATEGORIZED_AS""}, {""entity_type"": ""LOCATION"", ""value"": ""mud mat"", ""relation"": ""OCCURRED_AT""}, {""entity_type"": ""BODY_PART"", ""value"": ""head"", ""relation"": ""AFFECTED""}, {""entity_type"": ""EQUIPMENT"", ""value"": ""hard hat"", ""relation"": ""INVOLVED""}, {""entity_type"": ""BODY_PART"", ""value"": ""brim"", ""relation"": ""AFFECTED""}, {""entity_type"": ""ORGANIZATION"", ""value"": ""IP"", ""relation"": ""REPORTED_BY""}]"
573683,falls_slips,"Technician was transporting a pallet from one location to another. As he was coming to a stop, forward momentum carried the wear bushing part off the pallet. Wear bushing was not banded down or chocked down before moving. No damages or injuries resulted.",Work environment - Fall to lower level / fall to water / loose materials (e.g. silos with granulate),Financial Impact - 2. Minor impact on entity/asset figures,Financial Impact,Yards,0.0465116279069767,2.0,43.0,"[{""entity_type"": ""LOCATION"", ""value"": ""Gremp Campus (Generation Park)"", ""relation"": ""OCCURRED_AT""}, {""entity_type"": ""LOCATION"", ""value"": ""Houston"", ""relation"": ""OCCURRED_AT""}, {""entity_type"": ""LOCATION"", ""value"": ""USA"", ""relation"": ""OCCURRED_AT""}, {""entity_type"": ""LOCATION"", ""value"": ""North America"", ""relation"": ""OCCURRED_AT""}, {""entity_type"": ""ORGANIZATION"", ""value"": ""Shell"", ""relation"": ""REPORTED_BY""}, {""entity_type"": ""ROOT_CAUSE_CATEGORY"", ""value"": ""Fall to lower level / fall to water / loose materials (e.g. silos with granulate)"", ""relation"": ""CATEGORIZED_AS""}, {""entity_type"": ""EQUIPMENT"", ""value"": ""pallet"", ""relation"": ""INVOLVED""}, {""entity_type"": ""LOCATION"", ""value"": ""one location"", ""relation"": ""OCCURRED_AT""}, {""entity_type"": ""INJURY_TYPE"", ""value"": ""forward momentum"", ""relation"": ""RESULTED_IN""}, {""entity_type"": ""EQUIPMENT"", ""value"": ""wear bushing"", ""relation"": ""INVOLVED""}, {""entity_type"": ""INJURY_TYPE"", ""value"": ""injuries"", ""relation"": ""RESULTED_IN""}]"
569539,falls_slips,"On 29.01.2018 around 1035Hrs, At fender storage area(Zone 1),Offshore Yard, One of Staff form Offshore Department Was sprained due to uneven surface area (Soil Area)._x000D_ Sprained at injury spot on his right ankle due to previously involved in motorcycle incident during performing routine inventory for asset equipment at fender area.","Work environment - Falls, slips and trips on same level (without potential to fall to lower level)",Injury - 1. First Aid Care,Injury,Yards,0.04,2.0,50.0,"[{""entity_type"": ""LOCATION"", ""value"": ""Asiaflex Products"", ""relation"": ""OCCURRED_AT""}, {""entity_type"": ""LOCATION"", ""value"": ""Johor Bahru"", ""relation"": ""OCCURRED_AT""}, {""entity_type"": ""LOCATION"", ""value"": ""Malaysia"", ""relation"": ""OCCURRED_AT""}, {""entity_type"": ""LOCATION"", ""value"": ""Asia Pacific"", ""relation"": ""OCCURRED_AT""}, {""entity_type"": ""ORGANIZATION"", ""value"": ""ASIAFLEX PRODUCTS SDN. BHD."", ""relation"": ""REPORTED_BY""}, {""entity_type"": ""ROOT_CAUSE_CATEGORY"", ""value"": ""Falls, slips and trips on same level (without potential to fall to lower level)"", ""relation"": ""CATEGORIZED_AS""}, {""entity_type"": ""LOCATION"", ""value"": ""fender storage area"", ""relation"": ""OCCURRED_AT""}, {""entity_type"": ""LOCATION"", ""value"": ""zone B1"", ""relation"": ""OCCURRED_AT""}, {""entity_type"": ""LOCATION"", ""value"": ""Offshore Yard"", ""relation"": ""OCCURRED_AT""}, {""entity_type"": ""ORGANIZATION"", ""value"": ""Offshore Department"", ""relation"": ""REPORTED_BY""}, {""entity_type"": ""INJURY_TYPE"", ""value"": ""sprain"", ""relation"": ""RESULTED_IN""}, {""entity_type"": ""LOCATION"", ""value"": ""Soil Area"", ""relation"": ""OCCURRED_AT""}, {""entity_type"": ""BODY_PART"", ""value"": ""ankle"", ""relation"": ""AFFECTED""}, {""entity_type"": ""EQUIPMENT"", ""value"": ""asset equipment"", ""relation"": ""INVOLVED""}, {""entity_type"": ""LOCATION"", ""value"": ""fender area"", ""relation"": ""OCCURRED_AT""}]"
606604,falls_slips,Employee fell to her knees when entering the building due to slipping in water. She sent an email to the building ERT Captain advising of the incident. She was then advised to be checked out in the clinic on site due to complaints of her back hurting as well. Adv,"Work environment - Falls, slips and trips on same level (without potential to fall to lower level)",Injury - 2. Medical Treatment Injury / Restricted Work Case / Loss of Consciousness,Injury,Yards,0.04,2.0,50.0,"[{""entity_type"": ""LOCATION"", ""value"": ""Gremp Campus (Generation Park)"", ""relation"": ""OCCURRED_AT""}, {""entity_type"": ""LOCATION"", ""value"": ""Houston"", ""relation"": ""OCCURRED_AT""}, {""entity_type"": ""LOCATION"", ""value"": ""USA"", ""relation"": ""OCCURRED_AT""}, {""entity_type"": ""LOCATION"", ""value"": ""North America"", ""relation"": ""OCCURRED_AT""}, {""entity_type"": ""ORGANIZATION"", ""value"": ""TECHNIPFMC"", ""relation"": ""REPORTED_BY""}, {""entity_type"": ""ROOT_CAUSE_CATEGORY"", ""value"": ""Falls, slips and trips on same level (without potential to fall to lower level)"", ""relation"": ""CATEGORIZED_AS""}, {""entity_type"": ""LOCATION"", ""value"": ""building"", ""relation"": ""OCCURRED_AT""}, {""entity_type"": ""ORGANIZATION"", ""value"": ""ERT Captain"", ""relation"": ""REPORTED_BY""}, {""entity_type"": ""BODY_PART"", ""value"": ""back"", ""relation"": ""AFFECTED""}]"
642489,falls_slips,07..5.19 - 9:36 AM Injured Person (IP) contract employee  reported as injured due to tripping incident.  IP found to have an abrasion in their right pinky finger due to striking the conference room wall when tripping.  First aid treatment provided by Emergency Response Team member to IP at incident location.,"Work environment - Falls, slips and trips on same level (without potential to fall to lower level)",Injury - 2. Medical Treatment Injury / Restricted Work Case / Loss of Consciousness,Injury,Information Technology,0.04,2.0,50.0,"[{""entity_type"": ""LOCATION"", ""value"": ""Gremp Campus (Generation Park)"", ""relation"": ""OCCURRED_AT""}, {""entity_type"": ""LOCATION"", ""value"": ""Houston"", ""relation"": ""OCCURRED_AT""}, {""entity_type"": ""LOCATION"", ""value"": ""USA"", ""relation"": ""OCCURRED_AT""}, {""entity_type"": ""LOCATION"", ""value"": ""North America"", ""relation"": ""OCCURRED_AT""}, {""entity_type"": ""ORGANIZATION"", ""value"": ""TECHNIPFMC"", ""relation"": ""REPORTED_BY""}, {""entity_type"": ""ROOT_CAUSE_CATEGORY"", ""value"": ""Falls, slips and trips on same level (without potential to fall to lower level)"", ""relation"": ""CATEGORIZED_AS""}, {""entity_type"": ""ORGANIZATION"", ""value"": ""IP"", ""relation"": ""REPORTED_BY""}, {""entity_type"": ""INJURY_TYPE"", ""value"": ""tripping incident"", ""relation"": ""RESULTED_IN""}, {""entity_type"": ""INJURY_TYPE"", ""value"": ""abrasion"", ""relation"": ""RESULTED_IN""}, {""entity_type"": ""BODY_PART"", ""value"": ""pinky finger"", ""relation"": ""AFFECTED""}, {""entity_type"": ""LOCATION"", ""value"": ""conference room wall"", ""relation"": ""OCCURRED_AT""}, {""entity_type"": ""ORGANIZATION"", ""value"": ""Emergency Response Team"", ""relation"": ""REPORTED_BY""}, {""entity_type"": ""LOCATION"", ""value"": ""incident location"", ""relation"": ""OCCURRED_AT""}]"
665185,falls_slips,Exited the building in route towards the JLG forklift.  There was fresh snow on the ground.  While walking he stepped on black ice causing him to slide towards a goat head and striking his shin on a metal stud.  This caused an minor abrasion on the right shin below the knee cap.,"Work environment - Falls, slips and trips on same level (without potential to fall to lower level)",Injury - 1. First Aid Care,Injury,Workshop Activities,0.0384615384615384,2.0,52.0,"[{""entity_type"": ""LOCATION"", ""value"": ""Minot Service Base"", ""relation"": ""OCCURRED_AT""}, {""entity_type"": ""LOCATION"", ""value"": ""Minot"", ""relation"": ""OCCURRED_AT""}, {""entity_type"": ""LOCATION"", ""value"": ""USA"", ""relation"": ""OCCURRED_AT""}, {""entity_type"": ""LOCATION"", ""value"": ""North America"", ""relation"": ""OCCURRED_AT""}, {""entity_type"": ""ORGANIZATION"", ""value"": ""TECHNIPFMC"", ""relation"": ""REPORTED_BY""}, {""entity_type"": ""ROOT_CAUSE_CATEGORY"", ""value"": ""Falls, slips and trips on same level (without potential to fall to lower level)"", ""relation"": ""CATEGORIZED_AS""}, {""entity_type"": ""LOCATION"", ""value"": ""building"", ""relation"": ""OCCURRED_AT""}, {""entity_type"": ""ORGANIZATION"", ""value"": ""JLG"", ""relation"": ""REPORTED_BY""}, {""entity_type"": ""EQUIPMENT"", ""value"": ""forklift"", ""relation"": ""INVOLVED""}, {""entity_type"": ""INJURY_TYPE"", ""value"": ""abrasion"", ""relation"": ""RESULTED_IN""}, {""entity_type"": ""BODY_PART"", ""value"": ""right shin"", ""relation"": ""AFFECTED""}, {""entity_type"": ""BODY_PART"", ""value"": ""Knee cap"", ""relation"": ""AFFECTED""}]"
28885,falls_slips,"After completing his task, a technician was in the process of removing his Tyvek suit. As he attempted to extract his leg and boot, he encountered resistance due to the suit being tight around the boot area. To assist, another technician stepped on the back of the suit to hold it in place while the technician lifted his leg. However, this action caused the technician wearing the suit to lose his balance, resulting in a fall to the ground.","Falls, slips and trips on same level (without potential to fall to lower level)",2 - Minor,Injury/Illness,Vessel / Yards-Workshop Activities,0.0379746835443038,3.0,79.0,"[{""entity_type"": ""LOCATION"", ""value"": ""Gremp Campus (Generation Park)"", ""relation"": ""OCCURRED_AT""}, {""entity_type"": ""LOCATION"", ""value"": ""Houston"", ""relation"": ""OCCURRED_AT""}, {""entity_type"": ""LOCATION"", ""value"": ""USA"", ""relation"": ""OCCURRED_AT""}, {""entity_type"": ""LOCATION"", ""value"": ""North America"", ""relation"": ""OCCURRED_AT""}, {""entity_type"": ""ORGANIZATION"", ""value"": ""TECHNIPFMC"", ""relation"": ""REPORTED_BY""}, {""entity_type"": ""ROOT_CAUSE_CATEGORY"", ""value"": ""Falls, slips and trips on same level (without potential to fall to lower level)"", ""relation"": ""CATEGORIZED_AS""}, {""entity_type"": ""EQUIPMENT"", ""value"": ""Tyvek suit"", ""relation"": ""INVOLVED""}, {""entity_type"": ""BODY_PART"", ""value"": ""left leg"", ""relation"": ""AFFECTED""}]"
705036,falls_slips,"Switching to the chain of 5 electric closets following initial shock by naze, an operator near the fall zone of the closets._x000D_ _x000D_ An electrical cabinet has been struck by a MEWP. The impact led the cabinet to tilt over, causing 4 other cabinets to fall. A worker was in the line of fire.",Work environment - Fall to lower level / fall to water / loose materials (e.g. silos with granulate),Injury - 4. Single Fatality / Serious Lost Time Injury / Permanent Disability,Injury,Construction - Installation,0.037037037037037,2.0,54.0,"[{""entity_type"": ""LOCATION"", ""value"": ""Lyon"", ""relation"": ""OCCURRED_AT""}, {""entity_type"": ""LOCATION"", ""value"": ""France"", ""relation"": ""OCCURRED_AT""}, {""entity_type"": ""LOCATION"", ""value"": ""Europe"", ""relation"": ""OCCURRED_AT""}, {""entity_type"": ""ORGANIZATION"", ""value"": ""BOEHRINGER INGELHEIM SANT\u00e9 ANIMALE FRANCE"", ""relation"": ""REPORTED_BY""}, {""entity_type"": ""ROOT_CAUSE_CATEGORY"", ""value"": ""Fall to lower level / fall to water / loose materials (e.g. silos with granulate)"", ""relation"": ""CATEGORIZED_AS""}, {""entity_type"": ""LOCATION"", ""value"": ""fall zone"", ""relation"": ""OCCURRED_AT""}, {""entity_type"": ""EQUIPMENT"", ""value"": ""MEWP"", ""relation"": ""INVOLVED""}]"
510369,falls_slips,"Stores received 18 in number (78.6 KG each) CO2 cylinders (03 pallets with 06 cylinder each) of GTG CO2 flooding system (Firefighting) by closed type mini truck (Taurus). Upon opening the truck door it was noticed the pallets have damages and the pallet loaded on top had moved to the back causing the cylinders to tilt._x000D_ As was not possible to unload the damaged Top pallets with Forklift; F-15 crane was used._x000D_ _x000D_ While unloading from the truck the damaged pallet broke causing one CO2 cylinder slip from the pallet and fall down from about 01 mtrs height._x000D_ _x000D_ Activating its safety valve, causing the CO2 to release._x000D_ _x000D_ The safety cap of the cylinder was intact and no damage was caused to the valve/ cylinder._x000D_ _x000D_ No injury/ property damage caused, except for the CO2 discharge.",Work environment - Fall to lower level / fall to water / loose materials (e.g. silos with granulate),Environment - 1. Minimal Impact,Environment,Site Material Handling And Storage,0.0364963503649635,5.0,137.0,"[{""entity_type"": ""LOCATION"", ""value"": ""Cochin"", ""relation"": ""OCCURRED_AT""}, {""entity_type"": ""LOCATION"", ""value"": ""India"", ""relation"": ""OCCURRED_AT""}, {""entity_type"": ""LOCATION"", ""value"": ""India"", ""relation"": ""OCCURRED_AT""}, {""entity_type"": ""ORGANIZATION"", ""value"": ""AIR PRODUCTS"", ""relation"": ""REPORTED_BY""}, {""entity_type"": ""ROOT_CAUSE_CATEGORY"", ""value"": ""Fall to lower level / fall to water / loose materials (e.g. silos with granulate)"", ""relation"": ""CATEGORIZED_AS""}, {""entity_type"": ""ORGANIZATION"", ""value"": ""GTG CO2 flooding system"", ""relation"": ""REPORTED_BY""}, {""entity_type"": ""ORGANIZATION"", ""value"": ""Firefighting"", ""relation"": ""REPORTED_BY""}, {""entity_type"": ""EQUIPMENT"", ""value"": ""Taurus"", ""relation"": ""INVOLVED""}, {""entity_type"": ""EQUIPMENT"", ""value"": ""forklift"", ""relation"": ""INVOLVED""}, {""entity_type"": ""EQUIPMENT"", ""value"": ""F-15 crane"", ""relation"": ""INVOLVED""}]"
568934,falls_slips,Employee 10016839 was walking from front office area into the shop next to Mazak 703 when footing was lost due to smooth surface on the concrete. Employee fell to floor landing on backside. Employee was not injured and declined medical attention that was offered by members of the safety committee. No work lost due to incident.,"Work environment - Falls, slips and trips on same level (without potential to fall to lower level)",Injury - 1. First Aid Care,Injury,Other Manufacturing Activities,0.0357142857142857,2.0,56.0,"[{""entity_type"": ""LOCATION"", ""value"": ""Stephenville Manufacturing"", ""relation"": ""OCCURRED_AT""}, {""entity_type"": ""LOCATION"", ""value"": ""Stephenville"", ""relation"": ""OCCURRED_AT""}, {""entity_type"": ""LOCATION"", ""value"": ""USA"", ""relation"": ""OCCURRED_AT""}, {""entity_type"": ""LOCATION"", ""value"": ""North America"", ""relation"": ""OCCURRED_AT""}, {""entity_type"": ""ORGANIZATION"", ""value"": ""TECHNIPFMC"", ""relation"": ""REPORTED_BY""}, {""entity_type"": ""ROOT_CAUSE_CATEGORY"", ""value"": ""Falls, slips and trips on same level (without potential to fall to lower level)"", ""relation"": ""CATEGORIZED_AS""}, {""entity_type"": ""LOCATION"", ""value"": ""front office area"", ""relation"": ""OCCURRED_AT""}, {""entity_type"": ""LOCATION"", ""value"": ""Mazak 703"", ""relation"": ""OCCURRED_AT""}, {""entity_type"": ""ORGANIZATION"", ""value"": ""members of the safety committee"", ""relation"": ""REPORTED_BY""}]"
713321,falls_slips,Employee was walking on the sidewalk in between S01 office and P01 (parking garage) and became distracted causing the employee to lose their footing and fall to their knees.  The fall caused a contusion just below the employees knee. The employee was seen by the on-site clinic and was released back to work with no restrictions.,"Work environment - Falls, slips and trips on same level (without potential to fall to lower level)",Injury - 1. First Aid Care,Injury,Customer Service,0.0357142857142857,2.0,56.0,"[{""entity_type"": ""LOCATION"", ""value"": ""Gremp Campus (Generation Park)"", ""relation"": ""OCCURRED_AT""}, {""entity_type"": ""LOCATION"", ""value"": ""Houston"", ""relation"": ""OCCURRED_AT""}, {""entity_type"": ""LOCATION"", ""value"": ""USA"", ""relation"": ""OCCURRED_AT""}, {""entity_type"": ""LOCATION"", ""value"": ""North America"", ""relation"": ""OCCURRED_AT""}, {""entity_type"": ""ORGANIZATION"", ""value"": ""TECHNIPFMC"", ""relation"": ""REPORTED_BY""}, {""entity_type"": ""ROOT_CAUSE_CATEGORY"", ""value"": ""Falls, slips and trips on same level (without potential to fall to lower level)"", ""relation"": ""CATEGORIZED_AS""}, {""entity_type"": ""LOCATION"", ""value"": ""S01 office"", ""relation"": ""OCCURRED_AT""}, {""entity_type"": ""LOCATION"", ""value"": ""P01"", ""relation"": ""OCCURRED_AT""}, {""entity_type"": ""INJURY_TYPE"", ""value"": ""contusion"", ""relation"": ""RESULTED_IN""}, {""entity_type"": ""ORGANIZATION"", ""value"": ""on-site clinic"", ""relation"": ""REPORTED_BY""}]"
725345,falls_slips,I.P was walking on the back deck near TR rail on starboard side his left foot slipped on a wet part of the deck causing his weight to roll on top of his ankle resulting in mild pain & swelling._x000D_ On discussion with the IP he stated that there had been water on the deck which may have contributed to the strength of support offered by the boots after absorbing the water. The absorbed water may have lessened the ability for the boot to provide support,"Work environment - Falls, slips and trips on same level (without potential to fall to lower level)",Injury - 1. First Aid Care,Injury,Flexible Pipe Installation,0.0348837209302325,3.0,86.0,"[{""entity_type"": ""LOCATION"", ""value"": ""Deep Orient"", ""relation"": ""OCCURRED_AT""}, {""entity_type"": ""LOCATION"", ""value"": ""Aberdeen"", ""relation"": ""OCCURRED_AT""}, {""entity_type"": ""LOCATION"", ""value"": ""UK"", ""relation"": ""OCCURRED_AT""}, {""entity_type"": ""LOCATION"", ""value"": ""Europe"", ""relation"": ""OCCURRED_AT""}, {""entity_type"": ""ORGANIZATION"", ""value"": ""WOODSIDE ENERGY LTD."", ""relation"": ""REPORTED_BY""}, {""entity_type"": ""ROOT_CAUSE_CATEGORY"", ""value"": ""Falls, slips and trips on same level (without potential to fall to lower level)"", ""relation"": ""CATEGORIZED_AS""}, {""entity_type"": ""LOCATION"", ""value"": ""back deck"", ""relation"": ""OCCURRED_AT""}, {""entity_type"": ""LOCATION"", ""value"": ""TR rail"", ""relation"": ""OCCURRED_AT""}, {""entity_type"": ""LOCATION"", ""value"": ""starboard side"", ""relation"": ""OCCURRED_AT""}, {""entity_type"": ""BODY_PART"", ""value"": ""left foot"", ""relation"": ""AFFECTED""}, {""entity_type"": ""INJURY_TYPE"", ""value"": ""mild pain & swelling"", ""relation"": ""RESULTED_IN""}, {""entity_type"": ""ORGANIZATION"", ""value"": ""IP"", ""relation"": ""REPORTED_BY""}, {""entity_type"": ""EQUIPMENT"", ""value"": ""boots"", ""relation"": ""INVOLVED""}]"
603365,falls_slips,A workshop technician has reported a near miss incident cause of dropped object due to strong wind and heavy rain. A zinc roof weighing 4kg with dimension (1.5ft x 11.5ft) was inadvertently dropped from roof top and fell over approximately 9 metres (30 feet) to the ground outside the Low Bay area. There was no personnel injury reported.,Work environment - Fall to lower level / fall to water / loose materials (e.g. silos with granulate),Financial Impact - 2. Minor impact on entity/asset figures,Financial Impact,Yards,0.0344827586206896,2.0,58.0,"[{""entity_type"": ""LOCATION"", ""value"": ""Labuan Storage"", ""relation"": ""OCCURRED_AT""}, {""entity_type"": ""LOCATION"", ""value"": ""Labuan"", ""relation"": ""OCCURRED_AT""}, {""entity_type"": ""LOCATION"", ""value"": ""Malaysia"", ""relation"": ""OCCURRED_AT""}, {""entity_type"": ""LOCATION"", ""value"": ""Asia Pacific"", ""relation"": ""OCCURRED_AT""}, {""entity_type"": ""ROOT_CAUSE_CATEGORY"", ""value"": ""Fall to lower level / fall to water / loose materials (e.g. silos with granulate)"", ""relation"": ""CATEGORIZED_AS""}, {""entity_type"": ""LOCATION"", ""value"": ""Low Bay area"", ""relation"": ""OCCURRED_AT""}]"
516341,falls_slips,"During the movement of the welding machine (POLITRON “S” 10kW – AC) with the use of the pallet, the welding machine wheel came to trave into a desnive on the floor, coming to fall over the pallet holes, causing thus defects to the equipment._x000D_ OBS: The operator that the machine was being transported in this way for some time.","Work environment - Falls, slips and trips on same level (without potential to fall to lower level)",Injury - 2. Medical Treatment Injury / Restricted Work Case / Loss of Consciousness,Injury,Other Manufacturing Activities,0.0338983050847457,2.0,59.0,"[{""entity_type"": ""LOCATION"", ""value"": ""Flexibras"", ""relation"": ""OCCURRED_AT""}, {""entity_type"": ""LOCATION"", ""value"": ""Acu"", ""relation"": ""OCCURRED_AT""}, {""entity_type"": ""LOCATION"", ""value"": ""Brazil"", ""relation"": ""OCCURRED_AT""}, {""entity_type"": ""LOCATION"", ""value"": ""South America"", ""relation"": ""OCCURRED_AT""}, {""entity_type"": ""ORGANIZATION"", ""value"": ""TECHNIPFMC"", ""relation"": ""REPORTED_BY""}, {""entity_type"": ""ROOT_CAUSE_CATEGORY"", ""value"": ""Falls, slips and trips on same level (without potential to fall to lower level)"", ""relation"": ""CATEGORIZED_AS""}, {""entity_type"": ""EQUIPMENT"", ""value"": ""welding machine"", ""relation"": ""INVOLVED""}, {""entity_type"": ""EQUIPMENT"", ""value"": ""POLITRON \u201cS\u201d 10kW \u2013 AC"", ""relation"": ""INVOLVED""}]"
573978,falls_slips,"While our Piling team working on the Test Pile at location Prime G Green Belt North side. The works have been carried out under proper coverage of safety and execution. As per our barricading panels been placed on the North & East side of the operating rig._x000D_  _x000D_ Our Barricading panel placed on the North & East, due to slightly heavy wind barricading fallen east side  had fallen on the nearby Fire monitor. Even though the panel slide gradually, that monitor couldn’t able to withstand and broken on the upstream of isolation valve, causing leakage of Fire water._x000D_ _x000D_ Further we observed that the broken monitor was not in the healthy state and it was totally corroded, which leads to failure. We doubt the same case may exist in other systems too. This is for your kind information and action please._x000D_ No injury/ property damage caused due to the incident.",Work environment - Fall to lower level / fall to water / loose materials (e.g. silos with granulate),Injury - 1. First Aid Care,Injury,Construction,0.0333333333333333,5.0,150.0,"[{""entity_type"": ""LOCATION"", ""value"": ""Visakhapatnam"", ""relation"": ""OCCURRED_AT""}, {""entity_type"": ""LOCATION"", ""value"": ""India"", ""relation"": ""OCCURRED_AT""}, {""entity_type"": ""LOCATION"", ""value"": ""India"", ""relation"": ""OCCURRED_AT""}, {""entity_type"": ""ORGANIZATION"", ""value"": ""HINDUSTAN PETROLEUM CORPORATION LIMITED"", ""relation"": ""REPORTED_BY""}, {""entity_type"": ""ROOT_CAUSE_CATEGORY"", ""value"": ""Fall to lower level / fall to water / loose materials (e.g. silos with granulate)"", ""relation"": ""CATEGORIZED_AS""}, {""entity_type"": ""ORGANIZATION"", ""value"": ""Piling team"", ""relation"": ""REPORTED_BY""}, {""entity_type"": ""LOCATION"", ""value"": ""Test Pile"", ""relation"": ""OCCURRED_AT""}, {""entity_type"": ""LOCATION"", ""value"": ""Prime G Green Belt"", ""relation"": ""OCCURRED_AT""}, {""entity_type"": ""LOCATION"", ""value"": ""north side"", ""relation"": ""OCCURRED_AT""}, {""entity_type"": ""LOCATION"", ""value"": ""North & East"", ""relation"": ""OCCURRED_AT""}, {""entity_type"": ""EQUIPMENT"", ""value"": ""Fire monitor"", ""relation"": ""INVOLVED""}, {""entity_type"": ""EQUIPMENT"", ""value"": ""isolation valve"", ""relation"": ""INVOLVED""}]"
22105,falls_slips,Whilst walking around an XT in the test booth the IP hit his leg off an anode on the lower tree frame.The impact resulted in a cut to the leg.,"Falls, slips and trips on same level (without potential to fall to lower level)",1 - Negligible,Injury/Illness,,0.0333333333333333,1.0,30.0,"[{""entity_type"": ""LOCATION"", ""value"": ""Dunfermline Manufacturing"", ""relation"": ""OCCURRED_AT""}, {""entity_type"": ""LOCATION"", ""value"": ""Dunfermline"", ""relation"": ""OCCURRED_AT""}, {""entity_type"": ""LOCATION"", ""value"": ""UK"", ""relation"": ""OCCURRED_AT""}, {""entity_type"": ""LOCATION"", ""value"": ""Europe"", ""relation"": ""OCCURRED_AT""}, {""entity_type"": ""ORGANIZATION"", ""value"": ""N/A - No Vendor"", ""relation"": ""REPORTED_BY""}, {""entity_type"": ""ROOT_CAUSE_CATEGORY"", ""value"": ""Falls, slips and trips on same level (without potential to fall to lower level)"", ""relation"": ""CATEGORIZED_AS""}, {""entity_type"": ""LOCATION"", ""value"": ""test booth"", ""relation"": ""OCCURRED_AT""}, {""entity_type"": ""ORGANIZATION"", ""value"": ""IP"", ""relation"": ""REPORTED_BY""}, {""entity_type"": ""BODY_PART"", ""value"": ""left leg"", ""relation"": ""AFFECTED""}, {""entity_type"": ""EQUIPMENT"", ""value"": ""anode"", ""relation"": ""INVOLVED""}, {""entity_type"": ""EQUIPMENT"", ""value"": ""lower tree frame"", ""relation"": ""INVOLVED""}, {""entity_type"": ""INJURY_TYPE"", ""value"": ""cut"", ""relation"": ""RESULTED_IN""}]"
622854,falls_slips,"The carist delivered 2 octabins gerbed on the G150. A few meters from the deposito area, the lower octabine broke up causing the basulation & fall of the upper octabine.",Work environment - Fall to lower level / fall to water / loose materials (e.g. silos with granulate),Injury - 1. First Aid Care,Injury,Storage,0.0333333333333333,1.0,30.0,"[{""entity_type"": ""LOCATION"", ""value"": ""Flexi France"", ""relation"": ""OCCURRED_AT""}, {""entity_type"": ""LOCATION"", ""value"": ""Le Trait"", ""relation"": ""OCCURRED_AT""}, {""entity_type"": ""LOCATION"", ""value"": ""France"", ""relation"": ""OCCURRED_AT""}, {""entity_type"": ""LOCATION"", ""value"": ""Europe"", ""relation"": ""OCCURRED_AT""}, {""entity_type"": ""ORGANIZATION"", ""value"": ""FLEXI FRANCE"", ""relation"": ""REPORTED_BY""}, {""entity_type"": ""ROOT_CAUSE_CATEGORY"", ""value"": ""Fall to lower level / fall to water / loose materials (e.g. silos with granulate)"", ""relation"": ""CATEGORIZED_AS""}, {""entity_type"": ""ORGANIZATION"", ""value"": ""The carist"", ""relation"": ""REPORTED_BY""}, {""entity_type"": ""EQUIPMENT"", ""value"": ""G150"", ""relation"": ""INVOLVED""}, {""entity_type"": ""LOCATION"", ""value"": ""deposito area"", ""relation"": ""OCCURRED_AT""}, {""entity_type"": ""BODY_PART"", ""value"": ""lower octabine"", ""relation"": ""AFFECTED""}, {""entity_type"": ""BODY_PART"", ""value"": ""upper octabine"", ""relation"": ""AFFECTED""}]"
710975,falls_slips,"During cable management at ground level, one helper stumble on uneven surface and fall on ground the foot was placed on the pedestal to elevate the cable and the leg slept, causing it to fall down and scratch its right leg. Due to which he was sent to First-Aid centre and gave minor treatment there and he went back to his work.","Work environment - Falls, slips and trips on same level (without potential to fall to lower level)",Injury - 2. Medical Treatment Injury / Restricted Work Case / Loss of Consciousness,Injury,Site Electrical,0.032258064516129,2.0,62.0,"[{""entity_type"": ""LOCATION"", ""value"": ""Sindri"", ""relation"": ""OCCURRED_AT""}, {""entity_type"": ""LOCATION"", ""value"": ""India"", ""relation"": ""OCCURRED_AT""}, {""entity_type"": ""LOCATION"", ""value"": ""India"", ""relation"": ""OCCURRED_AT""}, {""entity_type"": ""ORGANIZATION"", ""value"": ""HINDUSTAN URVARAK AND RASAYAN LIMITED"", ""relation"": ""REPORTED_BY""}, {""entity_type"": ""ROOT_CAUSE_CATEGORY"", ""value"": ""Falls, slips and trips on same level (without potential to fall to lower level)"", ""relation"": ""CATEGORIZED_AS""}, {""entity_type"": ""LOCATION"", ""value"": ""ground level"", ""relation"": ""OCCURRED_AT""}, {""entity_type"": ""BODY_PART"", ""value"": ""left foot"", ""relation"": ""AFFECTED""}, {""entity_type"": ""EQUIPMENT"", ""value"": ""pedestal"", ""relation"": ""INVOLVED""}, {""entity_type"": ""BODY_PART"", ""value"": ""left leg"", ""relation"": ""AFFECTED""}, {""entity_type"": ""ORGANIZATION"", ""value"": ""First Aid Center"", ""relation"": ""REPORTED_BY""}]"
502506,falls_slips,"Approx. 15.40Hrs 6 exterior Blast relief wall panels were blown out of their  fixed position  on the exterior wall of the module by the strong wind, some of the panels hit the adjacent Scaffolding on their decent causing damage to some Scaffold members.  The Scaffold had minor deformation in some areas but was not in any danger of collapse. _x000D_ No Injuries were reported",Work environment - Fall to lower level / fall to water / loose materials (e.g. silos with granulate),"Damage - 5. More than 5,000,000 Euros",Damage,Construction - Installation,0.03125,2.0,64.0,"[{""entity_type"": ""LOCATION"", ""value"": ""Tianjin"", ""relation"": ""OCCURRED_AT""}, {""entity_type"": ""LOCATION"", ""value"": ""China"", ""relation"": ""OCCURRED_AT""}, {""entity_type"": ""LOCATION"", ""value"": ""Asia Pacific"", ""relation"": ""OCCURRED_AT""}, {""entity_type"": ""ORGANIZATION"", ""value"": ""JSC YAMAL LNG"", ""relation"": ""REPORTED_BY""}, {""entity_type"": ""ROOT_CAUSE_CATEGORY"", ""value"": ""Fall to lower level / fall to water / loose materials (e.g. silos with granulate)"", ""relation"": ""CATEGORIZED_AS""}, {""entity_type"": ""LOCATION"", ""value"": ""exterior wall"", ""relation"": ""OCCURRED_AT""}, {""entity_type"": ""EQUIPMENT"", ""value"": ""scaffolding"", ""relation"": ""INVOLVED""}, {""entity_type"": ""EQUIPMENT"", ""value"": ""Scaffold"", ""relation"": ""INVOLVED""}]"
595979,falls_slips,"IP was transporting equipment on a rolling cart. When entering the shop doorway to traverse over threshold the part tip over impacting his finger, breaking the skin causing a cut on the finger.",Work environment - Fall to lower level / fall to water / loose materials (e.g. silos with granulate),Injury - 2. Medical Treatment Injury / Restricted Work Case / Loss of Consciousness,Injury,Manufacturing,0.0303030303030303,1.0,33.0,"[{""entity_type"": ""LOCATION"", ""value"": ""Gears Manufacturing"", ""relation"": ""OCCURRED_AT""}, {""entity_type"": ""LOCATION"", ""value"": ""Houston"", ""relation"": ""OCCURRED_AT""}, {""entity_type"": ""LOCATION"", ""value"": ""USA"", ""relation"": ""OCCURRED_AT""}, {""entity_type"": ""LOCATION"", ""value"": ""North America"", ""relation"": ""OCCURRED_AT""}, {""entity_type"": ""ORGANIZATION"", ""value"": ""TECHNIPFMC"", ""relation"": ""REPORTED_BY""}, {""entity_type"": ""ROOT_CAUSE_CATEGORY"", ""value"": ""Fall to lower level / fall to water / loose materials (e.g. silos with granulate)"", ""relation"": ""CATEGORIZED_AS""}, {""entity_type"": ""ORGANIZATION"", ""value"": ""IP"", ""relation"": ""REPORTED_BY""}, {""entity_type"": ""EQUIPMENT"", ""value"": ""rolling cart"", ""relation"": ""INVOLVED""}, {""entity_type"": ""LOCATION"", ""value"": ""shop doorway"", ""relation"": ""OCCURRED_AT""}, {""entity_type"": ""LOCATION"", ""value"": ""threshold"", ""relation"": ""OCCURRED_AT""}, {""entity_type"": ""BODY_PART"", ""value"": ""finger"", ""relation"": ""AFFECTED""}, {""entity_type"": ""INJURY_TYPE"", ""value"": ""breaking the skin"", ""relation"": ""RESULTED_IN""}, {""entity_type"": ""INJURY_TYPE"", ""value"": ""cut"", ""relation"": ""RESULTED_IN""}]"
27120,falls_slips,"Timing between 3-4 pm, an intern went to changing room. She slipped and fell on floor due to rainwater. Bump her right shoulder, and right hips. No serious injury/ swelling sustain by IP.","Falls, slips and trips on same level (without potential to fall to lower level)",1 - Negligible,Injury/Illness,,0.0303030303030303,1.0,33.0,"[{""entity_type"": ""LOCATION"", ""value"": ""Asiaflex Products"", ""relation"": ""OCCURRED_AT""}, {""entity_type"": ""LOCATION"", ""value"": ""Johor Bahru"", ""relation"": ""OCCURRED_AT""}, {""entity_type"": ""LOCATION"", ""value"": ""Malaysia"", ""relation"": ""OCCURRED_AT""}, {""entity_type"": ""LOCATION"", ""value"": ""Asia Pacific"", ""relation"": ""OCCURRED_AT""}, {""entity_type"": ""ORGANIZATION"", ""value"": ""N/A - No Vendor"", ""relation"": ""REPORTED_BY""}, {""entity_type"": ""ROOT_CAUSE_CATEGORY"", ""value"": ""Falls, slips and trips on same level (without potential to fall to lower level)"", ""relation"": ""CATEGORIZED_AS""}, {""entity_type"": ""LOCATION"", ""value"": ""changing room"", ""relation"": ""OCCURRED_AT""}, {""entity_type"": ""BODY_PART"", ""value"": ""shoulder"", ""relation"": ""AFFECTED""}, {""entity_type"": ""BODY_PART"", ""value"": ""hip"", ""relation"": ""AFFECTED""}, {""entity_type"": ""ORGANIZATION"", ""value"": ""IP"", ""relation"": ""REPORTED_BY""}]"
30188,dropped_objects,"During machining operation on the adopter “weldment” equipment. The diameter 0.565 drilling process was ongoing, while the drill depth was Z -1.5 inches. A hydro-grip adapter was used to hold the drill tool, but during the drilling process, the grip failed due to an adapter problem because of hydraulic system failure to feed the adopter with pressure which caused the drill tool broken. The drill tool was broken on speed 0.0015 fr and then due to the drill tool being moved from its original position and flying, hit the inside door glass caused damage to the window glass.",Uncontrolled moving objects/ parts (struck by other than machine parts and dropped objects),2 - Minor,Damage - Financial impact,Manufacturing-Machine Shop,0.0714285714285714,7.0,98.0,"[{""entity_type"": ""LOCATION"", ""value"": ""Surface Manufacturing Aftermarket & Training Facility"", ""relation"": ""OCCURRED_AT""}, {""entity_type"": ""LOCATION"", ""value"": ""Dhahran"", ""relation"": ""OCCURRED_AT""}, {""entity_type"": ""LOCATION"", ""value"": ""Saudi Arabia"", ""relation"": ""OCCURRED_AT""}, {""entity_type"": ""LOCATION"", ""value"": ""Middle East"", ""relation"": ""OCCURRED_AT""}, {""entity_type"": ""ORGANIZATION"", ""value"": ""N/A - No Vendor"", ""relation"": ""REPORTED_BY""}, {""entity_type"": ""ROOT_CAUSE_CATEGORY"", ""value"": ""Uncontrolled moving objects/ parts (struck by other than machine parts and dropped objects)"", ""relation"": ""CATEGORIZED_AS""}, {""entity_type"": ""EQUIPMENT"", ""value"": ""adopter"", ""relation"": ""INVOLVED""}]"
505259,dropped_objects,"While tightening of the bolt with help of spanner and hammer, the hammer slipped from hand and fell down on ground._x000D_ No injury/ property damage caused due to the incident.",Mechanical - Stored energy (dropped objects),Injury - 2. Medical Treatment Injury / Restricted Work Case / Loss of Consciousness,Injury,Site Mechanical And Piping,0.0666666666666666,2.0,30.0,"[{""entity_type"": ""LOCATION"", ""value"": ""Amalapuram"", ""relation"": ""OCCURRED_AT""}, {""entity_type"": ""LOCATION"", ""value"": ""India"", ""relation"": ""OCCURRED_AT""}, {""entity_type"": ""LOCATION"", ""value"": ""India"", ""relation"": ""OCCURRED_AT""}, {""entity_type"": ""ORGANIZATION"", ""value"": ""OIL AND NATURAL GAS CORPORATION LIMITED"", ""relation"": ""REPORTED_BY""}, {""entity_type"": ""ROOT_CAUSE_CATEGORY"", ""value"": ""Stored energy (dropped objects)"", ""relation"": ""CATEGORIZED_AS""}, {""entity_type"": ""EQUIPMENT"", ""value"": ""spanner"", ""relation"": ""INVOLVED""}, {""entity_type"": ""EQUIPMENT"", ""value"": ""hammer"", ""relation"": ""INVOLVED""}, {""entity_type"": ""LOCATION"", ""value"": ""ground"", ""relation"": ""OCCURRED_AT""}]"
531917,dropped_objects,"Steel pipe fell of the mafi because the ground is not even and because the dockers did not put wedges undemeath the steel pipe._x000D_ No injured persons, no damage on the pipe.",Mechanical - Uncontrolled moving objects/ parts (struck by other than machine parts and dropped objects),"Damage - 1. Less than 100,000 Euros",Damage,Yards,0.0625,2.0,32.0,"[{""entity_type"": ""LOCATION"", ""value"": ""Anvers Facility"", ""relation"": ""OCCURRED_AT""}, {""entity_type"": ""LOCATION"", ""value"": ""Anvers"", ""relation"": ""OCCURRED_AT""}, {""entity_type"": ""LOCATION"", ""value"": ""Belgium"", ""relation"": ""OCCURRED_AT""}, {""entity_type"": ""LOCATION"", ""value"": ""Europe"", ""relation"": ""OCCURRED_AT""}, {""entity_type"": ""ORGANIZATION"", ""value"": ""JSC YAMAL LNG"", ""relation"": ""REPORTED_BY""}, {""entity_type"": ""ROOT_CAUSE_CATEGORY"", ""value"": ""Uncontrolled moving objects/ parts (struck by other than machine parts and dropped objects)"", ""relation"": ""CATEGORIZED_AS""}, {""entity_type"": ""LOCATION"", ""value"": ""ground"", ""relation"": ""OCCURRED_AT""}, {""entity_type"": ""ORGANIZATION"", ""value"": ""dockers"", ""relation"": ""REPORTED_BY""}]"
509292,dropped_objects,"During lifting of an AG5 grinding machine (2.1 Kg) from the elevated scaffold platform with the help of 15mm rope (PP Type), machine got slipped and fell over the ground from a height of approx. 1.5 Mtr due to improper tying-off the grinding machine. _x000D_ _x000D_ The area underneath was soft barricaded and the Rigger was available nearby to control the unauthorized personnel entry. _x000D_ No injury/ property damage caused due to the incident.",Mechanical - Stored energy (dropped objects),Injury - 2. Medical Treatment Injury / Restricted Work Case / Loss of Consciousness,Injury,Site Material Handling And Storage,0.054054054054054,4.0,74.0,"[{""entity_type"": ""LOCATION"", ""value"": ""Cochin"", ""relation"": ""OCCURRED_AT""}, {""entity_type"": ""LOCATION"", ""value"": ""India"", ""relation"": ""OCCURRED_AT""}, {""entity_type"": ""LOCATION"", ""value"": ""India"", ""relation"": ""OCCURRED_AT""}, {""entity_type"": ""ORGANIZATION"", ""value"": ""AIR PRODUCTS"", ""relation"": ""REPORTED_BY""}, {""entity_type"": ""ROOT_CAUSE_CATEGORY"", ""value"": ""Stored energy (dropped objects)"", ""relation"": ""CATEGORIZED_AS""}, {""entity_type"": ""EQUIPMENT"", ""value"": ""AG5 grinding machine"", ""relation"": ""INVOLVED""}, {""entity_type"": ""EQUIPMENT"", ""value"": ""grinding machine"", ""relation"": ""INVOLVED""}]"
570478,dropped_objects,"GeoSkid 210131 pressure test failure. FMC Tech was three minutes into a twenty minute hydrostatic pressure test @ 10K CWP on GeoSkid 210131 when component separation occurred. GeoSkid was confined in an enclosed Test Cell, no personnel injury occurred. Root Cause appears to be worn Line Pipe threads. Please see pictures below, along with test chart.","Mechanical - Stored energy (pressure, tension)",Reputation - 1. Negligible - No impact,Reputation,Testing,0.0535714285714285,3.0,56.0,"[{""entity_type"": ""LOCATION"", ""value"": ""Broussard Service Base"", ""relation"": ""OCCURRED_AT""}, {""entity_type"": ""LOCATION"", ""value"": ""Broussard"", ""relation"": ""OCCURRED_AT""}, {""entity_type"": ""LOCATION"", ""value"": ""USA"", ""relation"": ""OCCURRED_AT""}, {""entity_type"": ""LOCATION"", ""value"": ""North America"", ""relation"": ""OCCURRED_AT""}, {""entity_type"": ""ORGANIZATION"", ""value"": ""HALLIBURTON"", ""relation"": ""REPORTED_BY""}, {""entity_type"": ""ROOT_CAUSE_CATEGORY"", ""value"": ""Stored energy (pressure, tension)"", ""relation"": ""CATEGORIZED_AS""}, {""entity_type"": ""EQUIPMENT"", ""value"": ""GeoSkid"", ""relation"": ""INVOLVED""}, {""entity_type"": ""ORGANIZATION"", ""value"": ""FMC Tech"", ""relation"": ""REPORTED_BY""}, {""entity_type"": ""LOCATION"", ""value"": ""Test Cell"", ""relation"": ""OCCURRED_AT""}]"
504664,dropped_objects,"While a crew remove the moisture on the panel, Panel encloser gland metal sheet (Size 620mmX2mmX100mm) fall from height (2.5 meter) through gap between GIS panel and cable cellar._x000D_ No injury/ property damage caused due to the incident.",Mechanical - Stored energy (dropped objects),Injury - 1. First Aid Care,Injury,Site Electrical,0.0526315789473684,2.0,38.0,"[{""entity_type"": ""LOCATION"", ""value"": ""Cochin"", ""relation"": ""OCCURRED_AT""}, {""entity_type"": ""LOCATION"", ""value"": ""India"", ""relation"": ""OCCURRED_AT""}, {""entity_type"": ""LOCATION"", ""value"": ""India"", ""relation"": ""OCCURRED_AT""}, {""entity_type"": ""ORGANIZATION"", ""value"": ""AIR PRODUCTS"", ""relation"": ""REPORTED_BY""}, {""entity_type"": ""ROOT_CAUSE_CATEGORY"", ""value"": ""Stored energy (dropped objects)"", ""relation"": ""CATEGORIZED_AS""}, {""entity_type"": ""EQUIPMENT"", ""value"": ""Panel encloser gland"", ""relation"": ""INVOLVED""}, {""entity_type"": ""ORGANIZATION"", ""value"": ""GIS"", ""relation"": ""REPORTED_BY""}, {""entity_type"": ""LOCATION"", ""value"": ""cable cellar"", ""relation"": ""OCCURRED_AT""}]"
672972,dropped_objects,A third Party winch truck operator was attempting to load a sand can onto the truck. He connected his yoke to the skid properly but when he pulled forward to straighten his cable he failed to put his winch line in neutral causing the cable to pull on the skid which caused the sand can to fall over.,Mechanical - Stored energy (dropped objects),Financial Impact - 3. Significant impact on entity/asset figures. Likely impact on (R)BU/GBU figures,Financial Impact,Support Service,0.0517241379310344,3.0,58.0,"[{""entity_type"": ""LOCATION"", ""value"": ""Minot Service Base"", ""relation"": ""OCCURRED_AT""}, {""entity_type"": ""LOCATION"", ""value"": ""Minot"", ""relation"": ""OCCURRED_AT""}, {""entity_type"": ""LOCATION"", ""value"": ""USA"", ""relation"": ""OCCURRED_AT""}, {""entity_type"": ""LOCATION"", ""value"": ""North America"", ""relation"": ""OCCURRED_AT""}, {""entity_type"": ""ORGANIZATION"", ""value"": ""CONOCOPHILLIPS"", ""relation"": ""REPORTED_BY""}, {""entity_type"": ""ROOT_CAUSE_CATEGORY"", ""value"": ""Stored energy (dropped objects)"", ""relation"": ""CATEGORIZED_AS""}, {""entity_type"": ""EQUIPMENT"", ""value"": ""winch truck"", ""relation"": ""INVOLVED""}, {""entity_type"": ""EQUIPMENT"", ""value"": ""sand can"", ""relation"": ""INVOLVED""}, {""entity_type"": ""EQUIPMENT"", ""value"": ""yoke"", ""relation"": ""INVOLVED""}, {""entity_type"": ""BODY_PART"", ""value"": ""SKID"", ""relation"": ""AFFECTED""}]"
577032,dropped_objects,"During transportation of two (2) Toe Preps, the 3rd Party Contract Driver had a near collision with another vehicle, resulting in the driver hard braking and swearing.  This action caused the load to shift damaging the equipment and trailer.",Mechanical - Uncontrolled moving objects/ parts (struck by other than machine parts and dropped objects),Injury - 5. Multiple Fatalities,Injury,Yards,0.0512820512820512,2.0,39.0,"[{""entity_type"": ""LOCATION"", ""value"": ""Odessa Service Base"", ""relation"": ""OCCURRED_AT""}, {""entity_type"": ""LOCATION"", ""value"": ""Odessa"", ""relation"": ""OCCURRED_AT""}, {""entity_type"": ""LOCATION"", ""value"": ""USA"", ""relation"": ""OCCURRED_AT""}, {""entity_type"": ""LOCATION"", ""value"": ""North America"", ""relation"": ""OCCURRED_AT""}, {""entity_type"": ""ORGANIZATION"", ""value"": ""TECHNIPFMC"", ""relation"": ""REPORTED_BY""}, {""entity_type"": ""ROOT_CAUSE_CATEGORY"", ""value"": ""Uncontrolled moving objects/ parts (struck by other than machine parts and dropped objects)"", ""relation"": ""CATEGORIZED_AS""}, {""entity_type"": ""EQUIPMENT"", ""value"": ""Toe Preps"", ""relation"": ""INVOLVED""}, {""entity_type"": ""ORGANIZATION"", ""value"": ""3rd Party Contract Driver"", ""relation"": ""REPORTED_BY""}]"
19594,dropped_objects,"While positioning an SFL Reel and Shipping Skid adjacent to an RDS, in preparation for loading the Reel into the RDS, the vessel rolled causing the load to swing into a wear pad mounted to one of the RDS guide plates. The contact between the RDS guide plate wear pad and the SFL Reel sheared the brass bolts that attached the pad to the structure and ejected the wear pad. The wear pad made light contact with a technician’s right upper thigh. who was standing approximately 12 ft away. No injuries were sustained, and first aid not required.",Uncontrolled moving objects/ parts (struck by other than machine parts and dropped objects),2 - Minor,Damage - Financial impact,Vessel / Yards-Marine Operations,0.0510204081632653,5.0,98.0,"[{""entity_type"": ""LOCATION"", ""value"": ""Guyana Service Base"", ""relation"": ""OCCURRED_AT""}, {""entity_type"": ""LOCATION"", ""value"": ""Georgetown"", ""relation"": ""OCCURRED_AT""}, {""entity_type"": ""LOCATION"", ""value"": ""Guyana"", ""relation"": ""OCCURRED_AT""}, {""entity_type"": ""LOCATION"", ""value"": ""South America"", ""relation"": ""OCCURRED_AT""}, {""entity_type"": ""ORGANIZATION"", ""value"": ""TECHNIPFMC"", ""relation"": ""REPORTED_BY""}, {""entity_type"": ""ROOT_CAUSE_CATEGORY"", ""value"": ""Uncontrolled moving objects/ parts (struck by other than machine parts and dropped objects)"", ""relation"": ""CATEGORIZED_AS""}, {""entity_type"": ""ORGANIZATION"", ""value"": ""SFL"", ""relation"": ""REPORTED_BY""}, {""entity_type"": ""EQUIPMENT"", ""value"": ""Shipping skid"", ""relation"": ""INVOLVED""}, {""entity_type"": ""ORGANIZATION"", ""value"": ""RDS"", ""relation"": ""REPORTED_BY""}, {""entity_type"": ""EQUIPMENT"", ""value"": ""wear pad"", ""relation"": ""INVOLVED""}, {""entity_type"": ""EQUIPMENT"", ""value"": ""SFL Reel"", ""relation"": ""INVOLVED""}, {""entity_type"": ""BODY_PART"", ""value"": ""right upper thigh"", ""relation"": ""AFFECTED""}]"
8914,dropped_objects,Cactus wellhead verified zero pressure before removing night cap from casing head. Backside pressure or improper landing caused pack off to release and fell out of casing head onto casing valves when cap was removed. Trapped pressure was released around night cap when they picked it up causing pressure release at wellhead employees stomach area. No one was hurt.,"Stored energy (pressure, tension)",1 - Negligible,Damage - Financial impact,Support Service-Wellhead preventive and corrective maintenance program at field,0.0508474576271186,3.0,59.0,"[{""entity_type"": ""LOCATION"", ""value"": ""Charleroi Speers Service Base"", ""relation"": ""OCCURRED_AT""}, {""entity_type"": ""LOCATION"", ""value"": ""Charleroi"", ""relation"": ""OCCURRED_AT""}, {""entity_type"": ""LOCATION"", ""value"": ""USA"", ""relation"": ""OCCURRED_AT""}, {""entity_type"": ""LOCATION"", ""value"": ""North America"", ""relation"": ""OCCURRED_AT""}, {""entity_type"": ""ROOT_CAUSE_CATEGORY"", ""value"": ""Stored energy (pressure, tension)"", ""relation"": ""CATEGORIZED_AS""}, {""entity_type"": ""ORGANIZATION"", ""value"": ""Cactus wellhead"", ""relation"": ""REPORTED_BY""}, {""entity_type"": ""EQUIPMENT"", ""value"": ""night cap"", ""relation"": ""INVOLVED""}, {""entity_type"": ""EQUIPMENT"", ""value"": ""casing head"", ""relation"": ""INVOLVED""}, {""entity_type"": ""BODY_PART"", ""value"": ""stomach area"", ""relation"": ""AFFECTED""}, {""entity_type"": ""INJURY_TYPE"", ""value"": ""No one was hurt"", ""relation"": ""RESULTED_IN""}]"
668846,dropped_objects,"Pressure testing was being conducted on a 9-5/8” TIW offline cement tool. During the hold time of the test, the part experience a catastrophic failure. A section of 9-5/8” L80 casing burst at 10,000 psi. The result of the ruptured part caused a section of blast shield to slide approximately three foot across the ground. No employees were injured.","Mechanical - Stored energy (pressure, tension)",Injury - 3. Lost Time Injury,Injury,Workshop Activities,0.0508474576271186,3.0,59.0,"[{""entity_type"": ""LOCATION"", ""value"": ""Odessa Service Base"", ""relation"": ""OCCURRED_AT""}, {""entity_type"": ""LOCATION"", ""value"": ""Odessa"", ""relation"": ""OCCURRED_AT""}, {""entity_type"": ""LOCATION"", ""value"": ""USA"", ""relation"": ""OCCURRED_AT""}, {""entity_type"": ""LOCATION"", ""value"": ""North America"", ""relation"": ""OCCURRED_AT""}, {""entity_type"": ""ORGANIZATION"", ""value"": ""TECHNIPFMC"", ""relation"": ""REPORTED_BY""}, {""entity_type"": ""ROOT_CAUSE_CATEGORY"", ""value"": ""Stored energy (pressure, tension)"", ""relation"": ""CATEGORIZED_AS""}, {""entity_type"": ""EQUIPMENT"", ""value"": ""9-5/8\u201d TIW"", ""relation"": ""INVOLVED""}, {""entity_type"": ""LOCATION"", ""value"": ""ground"", ""relation"": ""OCCURRED_AT""}]"
24704,dropped_objects,"Team was attempting to remove Connector Reaction ring from the Outer Cylinder using a winch with a Dillon scale attached. The winch rope wrapped around the Outer Cylinder of the connector with the Reaction Ring stabilized in drain slots  with studs . While attempting to unthread the connector, the winch rope failed at approx.  8,000 ft. lbs. When the rope failed, it caused the Dillon scale to fall to the concrete. This fall caused damaged to the Dillon scale.","Stored energy (pressure, tension)",2 - Minor,Injury/Illness,Vessel / Yards-Workshop Activities,0.050632911392405,4.0,79.0,"[{""entity_type"": ""LOCATION"", ""value"": ""Gremp Campus (Generation Park)"", ""relation"": ""OCCURRED_AT""}, {""entity_type"": ""LOCATION"", ""value"": ""Houston"", ""relation"": ""OCCURRED_AT""}, {""entity_type"": ""LOCATION"", ""value"": ""USA"", ""relation"": ""OCCURRED_AT""}, {""entity_type"": ""LOCATION"", ""value"": ""North America"", ""relation"": ""OCCURRED_AT""}, {""entity_type"": ""ORGANIZATION"", ""value"": ""Shell"", ""relation"": ""REPORTED_BY""}, {""entity_type"": ""ROOT_CAUSE_CATEGORY"", ""value"": ""Stored energy (pressure, tension)"", ""relation"": ""CATEGORIZED_AS""}, {""entity_type"": ""EQUIPMENT"", ""value"": ""winch"", ""relation"": ""INVOLVED""}, {""entity_type"": ""EQUIPMENT"", ""value"": ""Dillon scale"", ""relation"": ""INVOLVED""}]"
24332,dropped_objects,"Deep Orient at Sea in transit from AUS to Singapore.          During maintenance activities on the VLS tower – task VLS Tensioner Chains removal, rigging failed causing approx.13m length chain section to drop through the VLS tower onto the VLS table.",Uncontrolled moving objects/ parts (struck by other than machine parts and dropped objects),4 - Substantial,Injury/Illness,,0.05,2.0,40.0,"[{""entity_type"": ""LOCATION"", ""value"": ""Deep Orient"", ""relation"": ""OCCURRED_AT""}, {""entity_type"": ""LOCATION"", ""value"": ""Aberdeen"", ""relation"": ""OCCURRED_AT""}, {""entity_type"": ""LOCATION"", ""value"": ""UK"", ""relation"": ""OCCURRED_AT""}, {""entity_type"": ""LOCATION"", ""value"": ""Europe"", ""relation"": ""OCCURRED_AT""}, {""entity_type"": ""ORGANIZATION"", ""value"": ""N/A - No Vendor"", ""relation"": ""REPORTED_BY""}, {""entity_type"": ""ROOT_CAUSE_CATEGORY"", ""value"": ""Uncontrolled moving objects/ parts (struck by other than machine parts and dropped objects)"", ""relation"": ""CATEGORIZED_AS""}, {""entity_type"": ""LOCATION"", ""value"": ""Deep Orient at Sea"", ""relation"": ""OCCURRED_AT""}, {""entity_type"": ""ORGANIZATION"", ""value"": ""AUS"", ""relation"": ""REPORTED_BY""}, {""entity_type"": ""LOCATION"", ""value"": ""Singapore"", ""relation"": ""OCCURRED_AT""}, {""entity_type"": ""ORGANIZATION"", ""value"": ""VLS"", ""relation"": ""REPORTED_BY""}, {""entity_type"": ""EQUIPMENT"", ""value"": ""VLS Tensioner Chains"", ""relation"": ""INVOLVED""}, {""entity_type"": ""EQUIPMENT"", ""value"": ""VLS tower"", ""relation"": ""INVOLVED""}, {""entity_type"": ""EQUIPMENT"", ""value"": ""VLS table"", ""relation"": ""INVOLVED""}]"
695298,dropped_objects,"At around 5:30 p.m. on 19/10/2020, during the cable delivery maneuver to the COXON TIDE rebooter, there was the collapse between the ships causing damage to the false edge of the LH PLáCIDO and without any damage report by the COXON TIDE.",Mechanical - Uncontrolled moving objects/ parts (struck by other than machine parts and dropped objects),Financial Impact - 2. Minor impact on entity/asset figures,Financial Impact,Marine Operations,0.0476190476190476,2.0,42.0,"[{""entity_type"": ""LOCATION"", ""value"": ""SSV LH Placido"", ""relation"": ""OCCURRED_AT""}, {""entity_type"": ""LOCATION"", ""value"": ""Rio de Janeiro"", ""relation"": ""OCCURRED_AT""}, {""entity_type"": ""LOCATION"", ""value"": ""Brazil"", ""relation"": ""OCCURRED_AT""}, {""entity_type"": ""LOCATION"", ""value"": ""South America"", ""relation"": ""OCCURRED_AT""}, {""entity_type"": ""ORGANIZATION"", ""value"": ""PETROBRAS"", ""relation"": ""REPORTED_BY""}, {""entity_type"": ""ROOT_CAUSE_CATEGORY"", ""value"": ""Uncontrolled moving objects/ parts (struck by other than machine parts and dropped objects)"", ""relation"": ""CATEGORIZED_AS""}, {""entity_type"": ""ORGANIZATION"", ""value"": ""COXON TIDE"", ""relation"": ""REPORTED_BY""}, {""entity_type"": ""EQUIPMENT"", ""value"": ""LH PL\u00e1CIDO"", ""relation"": ""INVOLVED""}, {""entity_type"": ""EQUIPMENT"", ""value"": ""COXON TIDE"", ""relation"": ""INVOLVED""}]"
684504,dropped_objects,"While attempting to move a flow test metal skid with forklift, the moving skid caught a recycle container staged next to the build and causing the container to move and strike the building.  The incident caused a hole in the buildings exterior.",Mechanical - Uncontrolled moving objects/ parts (struck by other than machine parts and dropped objects),Financial Impact - 2. Minor impact on entity/asset figures,Financial Impact,Vessel / Yards,0.0476190476190476,2.0,42.0,"[{""entity_type"": ""LOCATION"", ""value"": ""Minot Service Base"", ""relation"": ""OCCURRED_AT""}, {""entity_type"": ""LOCATION"", ""value"": ""Minot"", ""relation"": ""OCCURRED_AT""}, {""entity_type"": ""LOCATION"", ""value"": ""USA"", ""relation"": ""OCCURRED_AT""}, {""entity_type"": ""LOCATION"", ""value"": ""North America"", ""relation"": ""OCCURRED_AT""}, {""entity_type"": ""ORGANIZATION"", ""value"": ""TECHNIPFMC"", ""relation"": ""REPORTED_BY""}, {""entity_type"": ""ROOT_CAUSE_CATEGORY"", ""value"": ""Uncontrolled moving objects/ parts (struck by other than machine parts and dropped objects)"", ""relation"": ""CATEGORIZED_AS""}, {""entity_type"": ""EQUIPMENT"", ""value"": ""forklift"", ""relation"": ""INVOLVED""}]"
19485,dropped_objects,"During the lowering of the main block to the deck, the main crane’s right tugger wire failed (being used as a block holdback). What appears to be the failure of the wire is the crane operator switched from constant tensioning to manual tensioning. The operator then moved the main block resulting in overloading of the wire. The secondary tugger wire held the block in place. The main block was approximately 40 feet in the air during the failure. No personnel were in the area when this event occurred",Uncontrolled moving objects/ parts (struck by other than machine parts and dropped objects),2 - Minor,Damage - Financial impact,Construction - Installation-Offshore Installation,0.0454545454545454,4.0,88.0,"[{""entity_type"": ""LOCATION"", ""value"": ""Energy Tower III"", ""relation"": ""OCCURRED_AT""}, {""entity_type"": ""LOCATION"", ""value"": ""Houston"", ""relation"": ""OCCURRED_AT""}, {""entity_type"": ""LOCATION"", ""value"": ""USA"", ""relation"": ""OCCURRED_AT""}, {""entity_type"": ""LOCATION"", ""value"": ""North America"", ""relation"": ""OCCURRED_AT""}, {""entity_type"": ""ORGANIZATION"", ""value"": ""OLYMPIC SHIPPING AS"", ""relation"": ""REPORTED_BY""}, {""entity_type"": ""ROOT_CAUSE_CATEGORY"", ""value"": ""Uncontrolled moving objects/ parts (struck by other than machine parts and dropped objects)"", ""relation"": ""CATEGORIZED_AS""}, {""entity_type"": ""EQUIPMENT"", ""value"": ""main block"", ""relation"": ""INVOLVED""}, {""entity_type"": ""LOCATION"", ""value"": ""deck"", ""relation"": ""OCCURRED_AT""}, {""entity_type"": ""EQUIPMENT"", ""value"": ""secondary tugger wire"", ""relation"": ""INVOLVED""}]"
22987,dropped_objects,"The forklift operator delivered a pallet of 3"" TSI 20 roughouts to a work cell location. The operator adjusted his fork position and started to lift the pallet of material to a cart. Upon doing so, the pallet started to collapse on the end, thus causing the parts to tip over and roll to the floor. The weight of the pallet was overloaded on the end and not centered. The pallet started collapsing approximately 4"" to 5"" off the ground. No one was in the line of fire.",Uncontrolled moving objects/ parts (struck by other than machine parts and dropped objects),2 - Minor,Injury/Illness,Vessel / Yards-Workshop Activities,0.0454545454545454,4.0,88.0,"[{""entity_type"": ""LOCATION"", ""value"": ""Stephenville Manufacturing"", ""relation"": ""OCCURRED_AT""}, {""entity_type"": ""LOCATION"", ""value"": ""Stephenville"", ""relation"": ""OCCURRED_AT""}, {""entity_type"": ""LOCATION"", ""value"": ""USA"", ""relation"": ""OCCURRED_AT""}, {""entity_type"": ""LOCATION"", ""value"": ""North America"", ""relation"": ""OCCURRED_AT""}, {""entity_type"": ""ORGANIZATION"", ""value"": ""TECHNIPFMC"", ""relation"": ""REPORTED_BY""}, {""entity_type"": ""ROOT_CAUSE_CATEGORY"", ""value"": ""Uncontrolled moving objects/ parts (struck by other than machine parts and dropped objects)"", ""relation"": ""CATEGORIZED_AS""}, {""entity_type"": ""LOCATION"", ""value"": ""work cell location"", ""relation"": ""OCCURRED_AT""}]"
737482,dropped_objects,While recovering ROV UHD84/FlyWOCS vessel heave contributed to_x000D_ uncontrolled landing of ROV with FlyWOCS skid attached._x000D_ It was determined the cause was an unforeseen change in sea state causing the lifted ROV to swing in an uncontrolled manner until the operator landed the equipment on deck. No personnel were present on the ROV landing platform during the event_x000D_ due to adherence to barriers and normal safety protocols.,Mechanical - Uncontrolled moving objects/ parts (struck by other than machine parts and dropped objects),Environment - 2. Limited Impact,Environment,ROV Operations,0.044776119402985,3.0,67.0,"[{""entity_type"": ""LOCATION"", ""value"": ""Missing Workplace: Workplace - Not Applicable and Location: United States - Oklahoma City. Please update lookup table."", ""relation"": ""OCCURRED_AT""}, {""entity_type"": ""ORGANIZATION"", ""value"": ""EXXONMOBIL"", ""relation"": ""REPORTED_BY""}, {""entity_type"": ""ROOT_CAUSE_CATEGORY"", ""value"": ""Uncontrolled moving objects/ parts (struck by other than machine parts and dropped objects)"", ""relation"": ""CATEGORIZED_AS""}, {""entity_type"": ""EQUIPMENT"", ""value"": ""ROV UHD84"", ""relation"": ""INVOLVED""}, {""entity_type"": ""ORGANIZATION"", ""value"": ""FlyWOCS"", ""relation"": ""REPORTED_BY""}, {""entity_type"": ""EQUIPMENT"", ""value"": ""ROV"", ""relation"": ""INVOLVED""}]"
13748,dropped_objects,Hall G  LIFT  The incident occurred during lifting the Workshop tool stand for TH & ITC using one Ton soft sling. The employee forgot to remove the nut from the screw anchor which secures the stand to the concrete floor causing the sling tensile to break due to overload.  The fault was spotted by the noise of breaking tensile and the lifting operation was terminated. There were no injuries,Uncontrolled moving objects/ parts (struck by other than machine parts and dropped objects),3 - Significant,Injury/Illness,Manufacturing-Transport / Handling / Packing,0.0434782608695652,3.0,69.0,"[{""entity_type"": ""LOCATION"", ""value"": ""Agotnes Facility"", ""relation"": ""OCCURRED_AT""}, {""entity_type"": ""LOCATION"", ""value"": ""Agotnes"", ""relation"": ""OCCURRED_AT""}, {""entity_type"": ""LOCATION"", ""value"": ""Norway"", ""relation"": ""OCCURRED_AT""}, {""entity_type"": ""LOCATION"", ""value"": ""Europe"", ""relation"": ""OCCURRED_AT""}, {""entity_type"": ""ROOT_CAUSE_CATEGORY"", ""value"": ""Uncontrolled moving objects/ parts (struck by other than machine parts and dropped objects)"", ""relation"": ""CATEGORIZED_AS""}, {""entity_type"": ""EQUIPMENT"", ""value"": ""Workshop tool stand"", ""relation"": ""INVOLVED""}, {""entity_type"": ""ORGANIZATION"", ""value"": ""TH & ITC"", ""relation"": ""REPORTED_BY""}, {""entity_type"": ""EQUIPMENT"", ""value"": ""one Ton soft sling"", ""relation"": ""INVOLVED""}, {""entity_type"": ""LOCATION"", ""value"": ""concrete floor"", ""relation"": ""OCCURRED_AT""}]"
684649,dropped_objects,"operator was unloading a pallet from a HGV Lorry in liberty yard. the operator lifted Pallet and began to reverse, however, due to the ground being uneven the pallet slid from one side of the forks, to the other, causing this to fall to the ground.",Mechanical - Uncontrolled moving objects/ parts (struck by other than machine parts and dropped objects),Financial Impact - 2. Minor impact on entity/asset figures,Financial Impact,Warehouse,0.0434782608695652,2.0,46.0,"[{""entity_type"": ""LOCATION"", ""value"": ""Dunfermline Manufacturing"", ""relation"": ""OCCURRED_AT""}, {""entity_type"": ""LOCATION"", ""value"": ""Dunfermline"", ""relation"": ""OCCURRED_AT""}, {""entity_type"": ""LOCATION"", ""value"": ""UK"", ""relation"": ""OCCURRED_AT""}, {""entity_type"": ""LOCATION"", ""value"": ""Europe"", ""relation"": ""OCCURRED_AT""}, {""entity_type"": ""ORGANIZATION"", ""value"": ""NEPTUNE E&P UK LTD"", ""relation"": ""REPORTED_BY""}, {""entity_type"": ""ROOT_CAUSE_CATEGORY"", ""value"": ""Uncontrolled moving objects/ parts (struck by other than machine parts and dropped objects)"", ""relation"": ""CATEGORIZED_AS""}, {""entity_type"": ""EQUIPMENT"", ""value"": ""HGV Lorry"", ""relation"": ""INVOLVED""}, {""entity_type"": ""LOCATION"", ""value"": ""liberty yard"", ""relation"": ""OCCURRED_AT""}]"
519377,dropped_objects,"One of the mooring rope deployed by Red Zed 1 (Stern Line) sheared off during Stern Alongside navigating. _x000D_ While maneuvering the Vessel to load out position a Starboard Stern Mooring Line was caught between stored line in the Storage Drum causing high tension development. This was partially caused by a Local Tug Boat repositioning allowing the vessel to Drive towards the Portside. The movement caused high tension causing the Mooring line to break off. _x000D_ When this happened, no one was close to the bollard area nor the winch house of the vessel.","Mechanical - Stored energy (pressure, tension)",Injury - 2. Medical Treatment Injury / Restricted Work Case / Loss of Consciousness,Injury,Yard - Spool Base Fabrication,0.0425531914893617,4.0,94.0,"[{""entity_type"": ""LOCATION"", ""value"": ""ALNG2 PJOE Yard"", ""relation"": ""OCCURRED_AT""}, {""entity_type"": ""LOCATION"", ""value"": ""Penglai"", ""relation"": ""OCCURRED_AT""}, {""entity_type"": ""LOCATION"", ""value"": ""China"", ""relation"": ""OCCURRED_AT""}, {""entity_type"": ""LOCATION"", ""value"": ""Asia Pacific"", ""relation"": ""OCCURRED_AT""}, {""entity_type"": ""ORGANIZATION"", ""value"": ""JSC YAMAL LNG"", ""relation"": ""REPORTED_BY""}, {""entity_type"": ""ROOT_CAUSE_CATEGORY"", ""value"": ""Stored energy (pressure, tension)"", ""relation"": ""CATEGORIZED_AS""}, {""entity_type"": ""EQUIPMENT"", ""value"": ""Storage Drum"", ""relation"": ""INVOLVED""}, {""entity_type"": ""LOCATION"", ""value"": ""port side"", ""relation"": ""OCCURRED_AT""}, {""entity_type"": ""EQUIPMENT"", ""value"": ""winch house"", ""relation"": ""INVOLVED""}]"
15383,dropped_objects,"During removal of hydraulic actuator from Xmas tree technician did not use guide sleeve stopper, or vented the hydraulic chamber causing pressure build up behind the guide sleeve resulting in the guide sleeve to pop out. No personnel in area or line of fire when incident happened.","Stored energy (pressure, tension)",2 - Minor,Injury/Illness,Vessel / Yards-Workshop Activities,0.0425531914893617,2.0,47.0,"[{""entity_type"": ""LOCATION"", ""value"": ""Tananger Facility"", ""relation"": ""OCCURRED_AT""}, {""entity_type"": ""LOCATION"", ""value"": ""Tananger"", ""relation"": ""OCCURRED_AT""}, {""entity_type"": ""LOCATION"", ""value"": ""Norway"", ""relation"": ""OCCURRED_AT""}, {""entity_type"": ""LOCATION"", ""value"": ""Europe"", ""relation"": ""OCCURRED_AT""}, {""entity_type"": ""ORGANIZATION"", ""value"": ""FMC SURFACE WELLHEAD NORWAY A/S"", ""relation"": ""REPORTED_BY""}, {""entity_type"": ""ROOT_CAUSE_CATEGORY"", ""value"": ""Stored energy (pressure, tension)"", ""relation"": ""CATEGORIZED_AS""}, {""entity_type"": ""EQUIPMENT"", ""value"": ""Hydraulic Actuator"", ""relation"": ""INVOLVED""}, {""entity_type"": ""LOCATION"", ""value"": ""Xmas tree"", ""relation"": ""OCCURRED_AT""}, {""entity_type"": ""EQUIPMENT"", ""value"": ""guide sleeve"", ""relation"": ""INVOLVED""}, {""entity_type"": ""EQUIPMENT"", ""value"": ""hydraulic chamber"", ""relation"": ""INVOLVED""}, {""entity_type"": ""LOCATION"", ""value"": ""area or line of fire"", ""relation"": ""OCCURRED_AT""}]"
527796,dropped_objects,A pipe support (Cleat) – 300X100X10mm; approx. 04 Kg) dropped from 08 mtrs height while performing fit up activity._x000D_ _x000D_ Safety net was partially open in area for spool erection._x000D_ Area underneath/ drop zone was clear and barricaded. _x000D_ _x000D_ No injury caused due to the incident.,Mechanical - Stored energy (dropped objects),Injury - 3. Lost Time Injury,Injury,Site Mechanical And Piping,0.0425531914893617,2.0,47.0,"[{""entity_type"": ""LOCATION"", ""value"": ""Amalapuram"", ""relation"": ""OCCURRED_AT""}, {""entity_type"": ""LOCATION"", ""value"": ""India"", ""relation"": ""OCCURRED_AT""}, {""entity_type"": ""LOCATION"", ""value"": ""India"", ""relation"": ""OCCURRED_AT""}, {""entity_type"": ""ORGANIZATION"", ""value"": ""OIL AND NATURAL GAS CORPORATION LIMITED"", ""relation"": ""REPORTED_BY""}, {""entity_type"": ""ROOT_CAUSE_CATEGORY"", ""value"": ""Stored energy (dropped objects)"", ""relation"": ""CATEGORIZED_AS""}, {""entity_type"": ""EQUIPMENT"", ""value"": ""Cleat"", ""relation"": ""INVOLVED""}, {""entity_type"": ""EQUIPMENT"", ""value"": ""safety net"", ""relation"": ""INVOLVED""}]"
726815,dropped_objects,"Environmental Conditions:_x000D_ The incident occurred at 10:50 on 26/08/2021. The vessel was at geographic location: 051°11’475”N 008°19’594”E; wind was ENE / 8kts; sea was assessed as 0.7m Hs,1.3m Hmax, Direction SW, visibility was good._x000D_ _x000D_ Task / Actions Leading up to the Incident:_x000D_ Location: Kinsale Seven Heads Well C. Depth: 100m._x000D_ During operation, 5F manipulator started leaking. Pressure was immediately turned off and ROV recovered to deck to fix leak. There was no pre-warning to this, no seepage in advance or alarms. This resulted in discharges to sea, approximately 2 liters with the Tellus M22. MSDS sheet attached_x000D_ _x000D_ Incident / Initial Findings:_x000D_ 5F “grabber function” was released and leak immediately stopped when we did this. Rov was recovered to the deck to top up with oil and fix 5F. TOFS was not done because this was equipment failure and not operator failure. The failure was internal, so nothing could have been done from our side to avoid this. We have prior to this done buddy checks on all hydraulic connections and none found. Cause of this failure was blown o-ring internal and a direct cause of nature of the job. Wear and tear._x000D_ _x000D_ Immediate Actions taken:_x000D_ All stop. Recovered ROV to surface. Investigated and rectified the leak. Topped up the system. Produced report.","Mechanical - Stored energy (pressure, tension)",Environment - 1. Minimal Impact,Environment,ROV Operations,0.041860465116279,9.0,215.0,"[{""entity_type"": ""LOCATION"", ""value"": ""North Sea Giant"", ""relation"": ""OCCURRED_AT""}, {""entity_type"": ""LOCATION"", ""value"": ""Aberdeen"", ""relation"": ""OCCURRED_AT""}, {""entity_type"": ""LOCATION"", ""value"": ""UK"", ""relation"": ""OCCURRED_AT""}, {""entity_type"": ""LOCATION"", ""value"": ""Europe"", ""relation"": ""OCCURRED_AT""}, {""entity_type"": ""ORGANIZATION"", ""value"": ""PSE KINSALE ENERGY LIMITED"", ""relation"": ""REPORTED_BY""}, {""entity_type"": ""ROOT_CAUSE_CATEGORY"", ""value"": ""Stored energy (pressure, tension)"", ""relation"": ""CATEGORIZED_AS""}, {""entity_type"": ""LOCATION"", ""value"": ""Kinsale Seven Heads Well C"", ""relation"": ""OCCURRED_AT""}, {""entity_type"": ""EQUIPMENT"", ""value"": ""5F Manipulator"", ""relation"": ""INVOLVED""}, {""entity_type"": ""EQUIPMENT"", ""value"": ""Tellus MX 22"", ""relation"": ""INVOLVED""}]"
714517,transportation,Employee ended his shift and was traveling back to the hotel on highway when 2 deer jumped out from the ditch and caused the accident.  Accident only caused vehicle damage.,Work environment - Motor Vehicle Road Accident,Financial Impact - 2. Minor impact on entity/asset figures,Financial Impact,Diving,0.0666666666666666,2.0,30.0,"[{""entity_type"": ""LOCATION"", ""value"": ""Minot Service Base"", ""relation"": ""OCCURRED_AT""}, {""entity_type"": ""LOCATION"", ""value"": ""Minot"", ""relation"": ""OCCURRED_AT""}, {""entity_type"": ""LOCATION"", ""value"": ""USA"", ""relation"": ""OCCURRED_AT""}, {""entity_type"": ""LOCATION"", ""value"": ""North America"", ""relation"": ""OCCURRED_AT""}, {""entity_type"": ""ORGANIZATION"", ""value"": ""TECHNIPFMC"", ""relation"": ""REPORTED_BY""}, {""entity_type"": ""ROOT_CAUSE_CATEGORY"", ""value"": ""Motor Vehicle Road Accident"", ""relation"": ""CATEGORIZED_AS""}, {""entity_type"": ""LOCATION"", ""value"": ""hotel"", ""relation"": ""OCCURRED_AT""}, {""entity_type"": ""LOCATION"", ""value"": ""highway"", ""relation"": ""OCCURRED_AT""}, {""entity_type"": ""LOCATION"", ""value"": ""DITCH"", ""relation"": ""OCCURRED_AT""}]"
709872,transportation,"While Maneuvering at site, due to miscalculation of the distance, a pick-up vehicle accidently hit a scaffold barricades which caused a minor damage to the vehicle front bumper._x000D_ No Injuries sustained.",Work environment - Motor Vehicle Worksite Accident,Financial Impact - 2. Minor impact on entity/asset figures,Financial Impact,Construction - Installation,0.064516129032258,2.0,31.0,"[{""entity_type"": ""LOCATION"", ""value"": ""Bahrain"", ""relation"": ""OCCURRED_AT""}, {""entity_type"": ""LOCATION"", ""value"": ""Middle East"", ""relation"": ""OCCURRED_AT""}, {""entity_type"": ""ORGANIZATION"", ""value"": ""THE BAHRAIN PETROLEUM COMPANY BSC"", ""relation"": ""REPORTED_BY""}, {""entity_type"": ""ROOT_CAUSE_CATEGORY"", ""value"": ""Motor Vehicle Worksite Accident"", ""relation"": ""CATEGORIZED_AS""}, {""entity_type"": ""LOCATION"", ""value"": ""Site"", ""relation"": ""OCCURRED_AT""}, {""entity_type"": ""EQUIPMENT"", ""value"": ""scaffold barricade"", ""relation"": ""INVOLVED""}, {""entity_type"": ""INJURY_TYPE"", ""value"": ""minor damage"", ""relation"": ""RESULTED_IN""}, {""entity_type"": ""BODY_PART"", ""value"": ""FRONT BUMPER"", ""relation"": ""AFFECTED""}]"
697544,transportation,"Employee was backing up into a parking stall (parking lot had a small decline grade, roads were wet, snow covered and icy). In doing so the truck had slid into a poll, causing damage to the passenger side of bumper causing bumper to dent and cause it to shift.",Work environment - Motor Vehicle Road Accident,Financial Impact - 2. Minor impact on entity/asset figures,Financial Impact,Vessel / Yards,0.0612244897959183,3.0,49.0,"[{""entity_type"": ""LOCATION"", ""value"": ""Missing Workplace: Workplace - Yards/Bases - Red Deer Service Base and Location: Canada - Grande Prairie. Please update lookup table."", ""relation"": ""OCCURRED_AT""}, {""entity_type"": ""ORGANIZATION"", ""value"": ""TECHNIPFMC"", ""relation"": ""REPORTED_BY""}, {""entity_type"": ""ROOT_CAUSE_CATEGORY"", ""value"": ""Motor Vehicle Road Accident"", ""relation"": ""CATEGORIZED_AS""}, {""entity_type"": ""LOCATION"", ""value"": ""PARKING STALL"", ""relation"": ""OCCURRED_AT""}, {""entity_type"": ""LOCATION"", ""value"": ""parking lot"", ""relation"": ""OCCURRED_AT""}, {""entity_type"": ""LOCATION"", ""value"": ""roads"", ""relation"": ""OCCURRED_AT""}, {""entity_type"": ""LOCATION"", ""value"": ""poll"", ""relation"": ""OCCURRED_AT""}, {""entity_type"": ""BODY_PART"", ""value"": ""passenger side"", ""relation"": ""AFFECTED""}, {""entity_type"": ""BODY_PART"", ""value"": ""BUMPER"", ""relation"": ""AFFECTED""}]"
709484,transportation,"While a Trailer Truck (53709) hit the Main entrance Gate while going outside due to the less clearance caused by another truck going inside. Truck stopped, NSH/TTSJV/BAPCO representative were informed._x000D_ No Injuries sustained._x000D_ Investigation Started.",Work environment - Motor Vehicle Worksite Accident,Financial Impact - 2. Minor impact on entity/asset figures,Financial Impact,Construction - Installation,0.0571428571428571,2.0,35.0,"[{""entity_type"": ""LOCATION"", ""value"": ""Bahrain"", ""relation"": ""OCCURRED_AT""}, {""entity_type"": ""LOCATION"", ""value"": ""Middle East"", ""relation"": ""OCCURRED_AT""}, {""entity_type"": ""ORGANIZATION"", ""value"": ""THE BAHRAIN PETROLEUM COMPANY BSC"", ""relation"": ""REPORTED_BY""}, {""entity_type"": ""ROOT_CAUSE_CATEGORY"", ""value"": ""Motor Vehicle Worksite Accident"", ""relation"": ""CATEGORIZED_AS""}, {""entity_type"": ""LOCATION"", ""value"": ""Main entrance Gate"", ""relation"": ""OCCURRED_AT""}, {""entity_type"": ""ORGANIZATION"", ""value"": ""NSH/TTSJV"", ""relation"": ""REPORTED_BY""}, {""entity_type"": ""ORGANIZATION"", ""value"": ""BAPCO"", ""relation"": ""REPORTED_BY""}]"
13779,transportation,the nightshift material handler was driving the forklift when he made contact with residue on the ground which caused him to skid into the container side wall. this caused a puncture to the metal side wall.,Motor Vehicle Worksite Accident,2 - Minor,Damage - Financial impact,Vessel / Yards-Yards,0.0555555555555555,2.0,36.0,"[{""entity_type"": ""LOCATION"", ""value"": ""Dunfermline Manufacturing"", ""relation"": ""OCCURRED_AT""}, {""entity_type"": ""LOCATION"", ""value"": ""Dunfermline"", ""relation"": ""OCCURRED_AT""}, {""entity_type"": ""LOCATION"", ""value"": ""UK"", ""relation"": ""OCCURRED_AT""}, {""entity_type"": ""LOCATION"", ""value"": ""Europe"", ""relation"": ""OCCURRED_AT""}, {""entity_type"": ""ORGANIZATION"", ""value"": ""FMC DUNFERMLINE SUBSEA PDT A"", ""relation"": ""REPORTED_BY""}, {""entity_type"": ""ROOT_CAUSE_CATEGORY"", ""value"": ""Motor Vehicle Worksite Accident"", ""relation"": ""CATEGORIZED_AS""}, {""entity_type"": ""EQUIPMENT"", ""value"": ""forklift"", ""relation"": ""INVOLVED""}, {""entity_type"": ""LOCATION"", ""value"": ""container side wall"", ""relation"": ""OCCURRED_AT""}, {""entity_type"": ""INJURY_TYPE"", ""value"": ""puncture"", ""relation"": ""RESULTED_IN""}]"
684339,transportation,18t Flat Bed vehicle contracted to technipFMC Dunfermline was making a return trip to Dunfermline from offiste storage facility when failure of securing strap resulted in strap falling from vehicle and making contact with a 3rd party vehicle travelling in the opposite direction causing minor damage. No persons were injured and contractor insurance company will deal direct with 3rd party involved.,Work environment - Motor Vehicle Road Accident,Injury - 2. Medical Treatment Injury / Restricted Work Case / Loss of Consciousness,Injury,Transport / Handling / Packing,0.0491803278688524,3.0,61.0,"[{""entity_type"": ""LOCATION"", ""value"": ""Dunfermline Manufacturing"", ""relation"": ""OCCURRED_AT""}, {""entity_type"": ""LOCATION"", ""value"": ""Dunfermline"", ""relation"": ""OCCURRED_AT""}, {""entity_type"": ""LOCATION"", ""value"": ""UK"", ""relation"": ""OCCURRED_AT""}, {""entity_type"": ""LOCATION"", ""value"": ""Europe"", ""relation"": ""OCCURRED_AT""}, {""entity_type"": ""ORGANIZATION"", ""value"": ""FMC TECHNOLOGIES LIMITED DUNFERMLINE"", ""relation"": ""REPORTED_BY""}, {""entity_type"": ""ROOT_CAUSE_CATEGORY"", ""value"": ""Motor Vehicle Road Accident"", ""relation"": ""CATEGORIZED_AS""}, {""entity_type"": ""ORGANIZATION"", ""value"": ""TECHNIPFMC"", ""relation"": ""REPORTED_BY""}, {""entity_type"": ""LOCATION"", ""value"": ""Dunfermline"", ""relation"": ""OCCURRED_AT""}, {""entity_type"": ""ORGANIZATION"", ""value"": ""contractor insurance company"", ""relation"": ""REPORTED_BY""}]"
11674,transportation,"Warehouse technician was to place goods in shed #47, on yard. Technician placed the pallet and when reversing out of gate, the mast hit gate, and this resulted in property damage.  Gate hit because forklift driver forgot to lower mast on forklift.",Motor Vehicle Worksite Accident,2 - Minor,Damage - Financial impact,Vessel / Yards-Warehouse,0.0476190476190476,2.0,42.0,"[{""entity_type"": ""LOCATION"", ""value"": ""Tananger Facility"", ""relation"": ""OCCURRED_AT""}, {""entity_type"": ""LOCATION"", ""value"": ""Tananger"", ""relation"": ""OCCURRED_AT""}, {""entity_type"": ""LOCATION"", ""value"": ""Norway"", ""relation"": ""OCCURRED_AT""}, {""entity_type"": ""LOCATION"", ""value"": ""Europe"", ""relation"": ""OCCURRED_AT""}, {""entity_type"": ""ORGANIZATION"", ""value"": ""FMC SURFACE WELLHEAD NORWAY A/S"", ""relation"": ""REPORTED_BY""}, {""entity_type"": ""ROOT_CAUSE_CATEGORY"", ""value"": ""Motor Vehicle Worksite Accident"", ""relation"": ""CATEGORIZED_AS""}, {""entity_type"": ""ORGANIZATION"", ""value"": ""Warehouse"", ""relation"": ""REPORTED_BY""}, {""entity_type"": ""LOCATION"", ""value"": ""shed #47"", ""relation"": ""OCCURRED_AT""}, {""entity_type"": ""LOCATION"", ""value"": ""yard"", ""relation"": ""OCCURRED_AT""}, {""entity_type"": ""LOCATION"", ""value"": ""gate"", ""relation"": ""OCCURRED_AT""}, {""entity_type"": ""BODY_PART"", ""value"": ""mast"", ""relation"": ""AFFECTED""}, {""entity_type"": ""EQUIPMENT"", ""value"": ""forklift"", ""relation"": ""INVOLVED""}]"
713539,transportation,"The vehicle was in the traffic Jam and suddenly the vehicle that was in front started reverse maneuver and bumped Bollore vehicle, the incident resulted in damage on the vehicle hood. No human damage has resulted has resulted from the incident only material damage.",Work environment - Motor Vehicle Road Accident,Financial Impact - 2. Minor impact on entity/asset figures,Financial Impact,HSE,0.0454545454545454,2.0,44.0,"[{""entity_type"": ""LOCATION"", ""value"": ""Mozambique Office"", ""relation"": ""OCCURRED_AT""}, {""entity_type"": ""LOCATION"", ""value"": ""Maputo"", ""relation"": ""OCCURRED_AT""}, {""entity_type"": ""LOCATION"", ""value"": ""Mozambique"", ""relation"": ""OCCURRED_AT""}, {""entity_type"": ""LOCATION"", ""value"": ""Africa"", ""relation"": ""OCCURRED_AT""}, {""entity_type"": ""ORGANIZATION"", ""value"": ""ENI EAST AFRICA SPA"", ""relation"": ""REPORTED_BY""}, {""entity_type"": ""ROOT_CAUSE_CATEGORY"", ""value"": ""Motor Vehicle Road Accident"", ""relation"": ""CATEGORIZED_AS""}, {""entity_type"": ""LOCATION"", ""value"": ""traffic Jam"", ""relation"": ""OCCURRED_AT""}, {""entity_type"": ""ORGANIZATION"", ""value"": ""Bollore"", ""relation"": ""REPORTED_BY""}, {""entity_type"": ""BODY_PART"", ""value"": ""vehicle hood"", ""relation"": ""AFFECTED""}]"
598304,transportation,United Vision loaded out a SCM Running tool from S15 Dock B. Load securement was inadequate. The driver made a right turn on the feeder of the Beltway from W. Lake Houston Pkwy. His straps failed and the load dropped off the truck. SIF,Work environment - Motor Vehicle Worksite Accident,Reputation - 2. Minor - Isolated and short term complains from local community - Impact on Client's relationship at contractual level,Reputation,Load-Out,0.0454545454545454,2.0,44.0,"[{""entity_type"": ""LOCATION"", ""value"": ""Gremp Campus (Generation Park)"", ""relation"": ""OCCURRED_AT""}, {""entity_type"": ""LOCATION"", ""value"": ""Houston"", ""relation"": ""OCCURRED_AT""}, {""entity_type"": ""LOCATION"", ""value"": ""USA"", ""relation"": ""OCCURRED_AT""}, {""entity_type"": ""LOCATION"", ""value"": ""North America"", ""relation"": ""OCCURRED_AT""}, {""entity_type"": ""ORGANIZATION"", ""value"": ""PETROBRAS"", ""relation"": ""REPORTED_BY""}, {""entity_type"": ""ROOT_CAUSE_CATEGORY"", ""value"": ""Motor Vehicle Worksite Accident"", ""relation"": ""CATEGORIZED_AS""}, {""entity_type"": ""ORGANIZATION"", ""value"": ""United Vision"", ""relation"": ""REPORTED_BY""}, {""entity_type"": ""EQUIPMENT"", ""value"": ""SCM Running tool"", ""relation"": ""INVOLVED""}, {""entity_type"": ""LOCATION"", ""value"": ""S15 Dock B"", ""relation"": ""OCCURRED_AT""}, {""entity_type"": ""LOCATION"", ""value"": ""W. Lake Houston Pkwy"", ""relation"": ""OCCURRED_AT""}, {""entity_type"": ""ORGANIZATION"", ""value"": ""SIF"", ""relation"": ""REPORTED_BY""}]"
590915,transportation,"While Company car stop due to traffic jam in the public road, suddenly a dump truck came from rear left of the car and hit the rear body part of the car and caused the car's body dented and broke the glass. No personnel injury.",Work environment - Motor Vehicle Road Accident,Injury - 3. Lost Time Injury,Injury,Site / Traffic routes,0.0444444444444444,2.0,45.0,"[{""entity_type"": ""LOCATION"", ""value"": ""Jakarta Service Base"", ""relation"": ""OCCURRED_AT""}, {""entity_type"": ""LOCATION"", ""value"": ""Jakarta"", ""relation"": ""OCCURRED_AT""}, {""entity_type"": ""LOCATION"", ""value"": ""Indonesia"", ""relation"": ""OCCURRED_AT""}, {""entity_type"": ""LOCATION"", ""value"": ""Asia Pacific"", ""relation"": ""OCCURRED_AT""}, {""entity_type"": ""ORGANIZATION"", ""value"": ""TECHNIPFMC"", ""relation"": ""REPORTED_BY""}, {""entity_type"": ""ROOT_CAUSE_CATEGORY"", ""value"": ""Motor Vehicle Road Accident"", ""relation"": ""CATEGORIZED_AS""}, {""entity_type"": ""ORGANIZATION"", ""value"": ""Company car"", ""relation"": ""REPORTED_BY""}, {""entity_type"": ""LOCATION"", ""value"": ""public road"", ""relation"": ""OCCURRED_AT""}, {""entity_type"": ""BODY_PART"", ""value"": ""rear body part"", ""relation"": ""AFFECTED""}, {""entity_type"": ""INJURY_TYPE"", ""value"": ""No personnel injury"", ""relation"": ""RESULTED_IN""}]"
22123,transportation,Transportation Company hauling XT miscalculated the height as he went under the overpass. The XT made contact with the overpass causing damage to the XT. Investigation into damage is ongoing. ** NOT A TFMC OWNED CASE. TRACKING DUE TO OUR XT BEING INVOLVED IN THE INCIDENT**,Motor Vehicle Road Accident,2 - Minor,Damage - Financial impact,Manufacturing-Site / Traffic routes,0.0434782608695652,2.0,46.0,"[{""entity_type"": ""LOCATION"", ""value"": ""Gremp Campus (Generation Park)"", ""relation"": ""OCCURRED_AT""}, {""entity_type"": ""LOCATION"", ""value"": ""Houston"", ""relation"": ""OCCURRED_AT""}, {""entity_type"": ""LOCATION"", ""value"": ""USA"", ""relation"": ""OCCURRED_AT""}, {""entity_type"": ""LOCATION"", ""value"": ""North America"", ""relation"": ""OCCURRED_AT""}, {""entity_type"": ""ORGANIZATION"", ""value"": ""BEACON OILFIELD SERVICE, LLC"", ""relation"": ""REPORTED_BY""}, {""entity_type"": ""ROOT_CAUSE_CATEGORY"", ""value"": ""Motor Vehicle Road Accident"", ""relation"": ""CATEGORIZED_AS""}, {""entity_type"": ""ORGANIZATION"", ""value"": ""transportation company"", ""relation"": ""REPORTED_BY""}, {""entity_type"": ""LOCATION"", ""value"": ""overpass"", ""relation"": ""OCCURRED_AT""}, {""entity_type"": ""ORGANIZATION"", ""value"": ""TECHNIPFMC"", ""relation"": ""REPORTED_BY""}]"
612068,transportation,"I was traveling away from site on Deleware Ranch lease road during a rain storm, extremely limited visibility also due to fog when after coming down a hill the road veers hard on a ninety degree turn. I applied brakes and due to the wet mud and clay from the lease road slid straight not being able to make the hard turn causing me to go through a fence.",Work environment - Motor Vehicle Worksite Accident,Injury - 1. First Aid Care,Injury,Construction,0.0434782608695652,3.0,69.0,"[{""entity_type"": ""LOCATION"", ""value"": ""Odessa Service Base"", ""relation"": ""OCCURRED_AT""}, {""entity_type"": ""LOCATION"", ""value"": ""Odessa"", ""relation"": ""OCCURRED_AT""}, {""entity_type"": ""LOCATION"", ""value"": ""USA"", ""relation"": ""OCCURRED_AT""}, {""entity_type"": ""LOCATION"", ""value"": ""North America"", ""relation"": ""OCCURRED_AT""}, {""entity_type"": ""ORGANIZATION"", ""value"": ""TECHNIPFMC"", ""relation"": ""REPORTED_BY""}, {""entity_type"": ""ROOT_CAUSE_CATEGORY"", ""value"": ""Motor Vehicle Worksite Accident"", ""relation"": ""CATEGORIZED_AS""}, {""entity_type"": ""LOCATION"", ""value"": ""Deleware Ranch lease road"", ""relation"": ""OCCURRED_AT""}]"
15361,transportation,"COMPANY VEHICLE LD3830 WAS TRAVELING EAST ON I2- WHEN A RECKLESS DRIVER CAUSED OUR COMPANY VEHICLE AND A SEMI TRUCK TO SWERVE OUT OF THE WAY.  WHILE AVOIDING A COLLISION, OUR VEHICLE GRAZED A CONCRETE BARRIER, CAUSING MINIMAL DAMAGE (SCRATCHES MOSTLY) TO DRIVER SIDE OF VEHICLE.",Motor Vehicle Road Accident,1 - Negligible,Damage - Financial impact,Support Service-HSE,0.0434782608695652,2.0,46.0,"[{""entity_type"": ""LOCATION"", ""value"": ""Odessa Service Base"", ""relation"": ""OCCURRED_AT""}, {""entity_type"": ""LOCATION"", ""value"": ""Odessa"", ""relation"": ""OCCURRED_AT""}, {""entity_type"": ""LOCATION"", ""value"": ""USA"", ""relation"": ""OCCURRED_AT""}, {""entity_type"": ""LOCATION"", ""value"": ""North America"", ""relation"": ""OCCURRED_AT""}, {""entity_type"": ""ORGANIZATION"", ""value"": ""FMC TECHNOLOGIES SURFACE INTEGRATED SERVICES, INC."", ""relation"": ""REPORTED_BY""}, {""entity_type"": ""ROOT_CAUSE_CATEGORY"", ""value"": ""Motor Vehicle Road Accident"", ""relation"": ""CATEGORIZED_AS""}]"
670229,transportation,"During a movement of an equipment within a skid, the trail passed through a place where the soil was visiblely unstable due to the rain. With the balance of the road due to the soil desnive, coming asssim the Skid shocked with the galp's rainbow damaging it.",Work environment - Motor Vehicle Worksite Accident,Financial Impact - 2. Minor impact on entity/asset figures,Financial Impact,Site Material Handling And Storage,0.0425531914893617,2.0,47.0,"[{""entity_type"": ""LOCATION"", ""value"": ""Cabiunas Base"", ""relation"": ""OCCURRED_AT""}, {""entity_type"": ""LOCATION"", ""value"": ""Macae"", ""relation"": ""OCCURRED_AT""}, {""entity_type"": ""LOCATION"", ""value"": ""Brazil"", ""relation"": ""OCCURRED_AT""}, {""entity_type"": ""LOCATION"", ""value"": ""South America"", ""relation"": ""OCCURRED_AT""}, {""entity_type"": ""ORGANIZATION"", ""value"": ""TECHNIPFMC"", ""relation"": ""REPORTED_BY""}, {""entity_type"": ""ROOT_CAUSE_CATEGORY"", ""value"": ""Motor Vehicle Worksite Accident"", ""relation"": ""CATEGORIZED_AS""}, {""entity_type"": ""EQUIPMENT"", ""value"": ""skid"", ""relation"": ""INVOLVED""}]"
737452,transportation,"When backing up, driver to proceed North out of the campsite the driver failed to do a vehicle walk around and the passenger side door and running board collided with a rock approximately 26"" in height.  This caused damage to the running board, door panel and quarter panel.",Work environment - Motor Vehicle Road Accident,Financial Impact - 1. No impact on entity/asset figures,Financial Impact,Vessel / Yards,0.0416666666666666,2.0,48.0,"[{""entity_type"": ""LOCATION"", ""value"": ""Brighton Service Base"", ""relation"": ""OCCURRED_AT""}, {""entity_type"": ""LOCATION"", ""value"": ""Brighton"", ""relation"": ""OCCURRED_AT""}, {""entity_type"": ""LOCATION"", ""value"": ""USA"", ""relation"": ""OCCURRED_AT""}, {""entity_type"": ""LOCATION"", ""value"": ""North America"", ""relation"": ""OCCURRED_AT""}, {""entity_type"": ""ORGANIZATION"", ""value"": ""FMC TECHNOLOGIES SURFACE INTEGRATED SERVICES, INC."", ""relation"": ""REPORTED_BY""}, {""entity_type"": ""ROOT_CAUSE_CATEGORY"", ""value"": ""Motor Vehicle Road Accident"", ""relation"": ""CATEGORIZED_AS""}, {""entity_type"": ""LOCATION"", ""value"": ""campsite"", ""relation"": ""OCCURRED_AT""}, {""entity_type"": ""EQUIPMENT"", ""value"": ""running board"", ""relation"": ""INVOLVED""}]"
669148,transportation,"Shop Technician had been clearing snow in Skid steer on West side of building. When technician went to exit the machine, the wind blew the door open and the flex of the glass caused it to break. Immediate action was taken, cleaned up broken glass. Personal will be in tomorrow to look or possibly repair glass._x000D_ High gust of winds was the cause of the incident causing door to blow open pass its threshold.",Work environment - Motor Vehicle Worksite Accident,Injury - 2. Medical Treatment Injury / Restricted Work Case / Loss of Consciousness,Injury,Yards,0.0405405405405405,3.0,74.0,"[{""entity_type"": ""LOCATION"", ""value"": ""Mount Pearl Facility"", ""relation"": ""OCCURRED_AT""}, {""entity_type"": ""LOCATION"", ""value"": ""Mount Pearl"", ""relation"": ""OCCURRED_AT""}, {""entity_type"": ""LOCATION"", ""value"": ""Canada"", ""relation"": ""OCCURRED_AT""}, {""entity_type"": ""LOCATION"", ""value"": ""North America"", ""relation"": ""OCCURRED_AT""}, {""entity_type"": ""ORGANIZATION"", ""value"": ""TechnipFMC Canada Ltd."", ""relation"": ""REPORTED_BY""}, {""entity_type"": ""ROOT_CAUSE_CATEGORY"", ""value"": ""Motor Vehicle Worksite Accident"", ""relation"": ""CATEGORIZED_AS""}, {""entity_type"": ""LOCATION"", ""value"": ""Skid steer"", ""relation"": ""OCCURRED_AT""}, {""entity_type"": ""LOCATION"", ""value"": ""West side of the building"", ""relation"": ""OCCURRED_AT""}]"
685377,transportation,as the oceaneering van was heading to to the exit gate it drove over a piece of loose grating causing it to kick up and damage the Ad blue tank on the underside of the vehicle. this caused the Ad blue to empty along the yard surface towards the exit gate.,Work environment - Motor Vehicle Worksite Accident,Financial Impact - 2. Minor impact on entity/asset figures,Financial Impact,Manufacturing,0.0392156862745098,2.0,51.0,"[{""entity_type"": ""LOCATION"", ""value"": ""Dunfermline Manufacturing"", ""relation"": ""OCCURRED_AT""}, {""entity_type"": ""LOCATION"", ""value"": ""Dunfermline"", ""relation"": ""OCCURRED_AT""}, {""entity_type"": ""LOCATION"", ""value"": ""UK"", ""relation"": ""OCCURRED_AT""}, {""entity_type"": ""LOCATION"", ""value"": ""Europe"", ""relation"": ""OCCURRED_AT""}, {""entity_type"": ""ORGANIZATION"", ""value"": ""FMC TECHNOLOGIES LIMITED DUNFERMLINE"", ""relation"": ""REPORTED_BY""}, {""entity_type"": ""ROOT_CAUSE_CATEGORY"", ""value"": ""Motor Vehicle Worksite Accident"", ""relation"": ""CATEGORIZED_AS""}, {""entity_type"": ""LOCATION"", ""value"": ""exit gate"", ""relation"": ""OCCURRED_AT""}, {""entity_type"": ""ORGANIZATION"", ""value"": ""Ad blue"", ""relation"": ""REPORTED_BY""}]"
705936,containment_loss,"While lifting air cooler by Sarens LR1280, in unit 18 area 05, due to mechanical failure hydraulic oil hose rupture occurred which caused minor oil spill. The lifting team used drip tray and sand to prevent spread and contamination of soil.",Substances  - Hazardous liquids (exposure to / spill / loss of containment /pollution),Environment - 1. Minimal Impact,Environment,Construction - Installation,0.0975609756097561,4.0,41.0,"[{""entity_type"": ""LOCATION"", ""value"": ""Bahrain"", ""relation"": ""OCCURRED_AT""}, {""entity_type"": ""LOCATION"", ""value"": ""Middle East"", ""relation"": ""OCCURRED_AT""}, {""entity_type"": ""ORGANIZATION"", ""value"": ""THE BAHRAIN PETROLEUM COMPANY BSC"", ""relation"": ""REPORTED_BY""}, {""entity_type"": ""ROOT_CAUSE_CATEGORY"", ""value"": ""Hazardous liquids (exposure to / spill / loss of containment /pollution)"", ""relation"": ""CATEGORIZED_AS""}, {""entity_type"": ""EQUIPMENT"", ""value"": ""air cooler"", ""relation"": ""INVOLVED""}, {""entity_type"": ""EQUIPMENT"", ""value"": ""Sarens LR1280"", ""relation"": ""INVOLVED""}, {""entity_type"": ""LOCATION"", ""value"": ""unit 18 area 05"", ""relation"": ""OCCURRED_AT""}, {""entity_type"": ""ORGANIZATION"", ""value"": ""Lifting team"", ""relation"": ""REPORTED_BY""}, {""entity_type"": ""EQUIPMENT"", ""value"": ""drip tray"", ""relation"": ""INVOLVED""}]"
740483,containment_loss,During Subsea operations a seal failed on the Pipe Lifting Tool owned by Connector Subsea Solutions (CSS). Approximately 1.8 liters of Tellus MX 22 was released. The failed seal did not result in any damage to subsea equipment or client assets.,Substances  - Hazardous liquids (exposure to / spill / loss of containment /pollution),Financial Impact - 1. No impact on entity/asset figures,Financial Impact,Vessel / Yards,0.073170731707317,3.0,41.0,"[{""entity_type"": ""LOCATION"", ""value"": ""USA"", ""relation"": ""OCCURRED_AT""}, {""entity_type"": ""LOCATION"", ""value"": ""North America"", ""relation"": ""OCCURRED_AT""}, {""entity_type"": ""ORGANIZATION"", ""value"": ""Shell"", ""relation"": ""REPORTED_BY""}, {""entity_type"": ""ROOT_CAUSE_CATEGORY"", ""value"": ""Hazardous liquids (exposure to / spill / loss of containment /pollution)"", ""relation"": ""CATEGORIZED_AS""}, {""entity_type"": ""EQUIPMENT"", ""value"": ""pipe lifting tool"", ""relation"": ""INVOLVED""}, {""entity_type"": ""ORGANIZATION"", ""value"": ""Connector Subsea Solutions"", ""relation"": ""REPORTED_BY""}, {""entity_type"": ""ORGANIZATION"", ""value"": ""CSS"", ""relation"": ""REPORTED_BY""}]"
701588,containment_loss,"The overload was caused due to an improvised connection between a tube and mango inside the channel at Highbay. The rear broke down and there was the disconnection of the line, causing the leakage of water at the site, within the area with the container, overloading the industrial waste tank of the assembly and test area. To contain the immediate overload was made the mango connection again to prevent the arrival of more water and was requested a vacuum path for drainage of the effluent.",Substances  - Hazardous liquids (exposure to / spill / loss of containment /pollution),Environment - 2. Limited Impact,Environment,HSE,0.0588235294117647,5.0,85.0,"[{""entity_type"": ""LOCATION"", ""value"": ""Fassub Industrial Plant"", ""relation"": ""OCCURRED_AT""}, {""entity_type"": ""LOCATION"", ""value"": ""Rio de Janeiro"", ""relation"": ""OCCURRED_AT""}, {""entity_type"": ""LOCATION"", ""value"": ""Brazil"", ""relation"": ""OCCURRED_AT""}, {""entity_type"": ""LOCATION"", ""value"": ""South America"", ""relation"": ""OCCURRED_AT""}, {""entity_type"": ""ORGANIZATION"", ""value"": ""TECHNIPFMC"", ""relation"": ""REPORTED_BY""}, {""entity_type"": ""ROOT_CAUSE_CATEGORY"", ""value"": ""Hazardous liquids (exposure to / spill / loss of containment /pollution)"", ""relation"": ""CATEGORIZED_AS""}, {""entity_type"": ""LOCATION"", ""value"": ""High Bay"", ""relation"": ""OCCURRED_AT""}]"
10175,containment_loss,It was observed that the ground surface where the Kenworth truck was parked appeared saturated with oil. Closer observation revealed that the fuel filter had malfunctioned resulting in the fuel leaking into the ground surface.,Hazardous liquids (exposure to / spill / loss of containment /pollution),2 - Minor,Environment,Vessel / Yards-Warehouse,0.0571428571428571,2.0,35.0,"[{""entity_type"": ""LOCATION"", ""value"": ""Guyana Service Base"", ""relation"": ""OCCURRED_AT""}, {""entity_type"": ""LOCATION"", ""value"": ""Georgetown"", ""relation"": ""OCCURRED_AT""}, {""entity_type"": ""LOCATION"", ""value"": ""Guyana"", ""relation"": ""OCCURRED_AT""}, {""entity_type"": ""LOCATION"", ""value"": ""South America"", ""relation"": ""OCCURRED_AT""}, {""entity_type"": ""ORGANIZATION"", ""value"": ""TECHNIPFMC"", ""relation"": ""REPORTED_BY""}, {""entity_type"": ""ROOT_CAUSE_CATEGORY"", ""value"": ""Hazardous liquids (exposure to / spill / loss of containment /pollution)"", ""relation"": ""CATEGORIZED_AS""}, {""entity_type"": ""LOCATION"", ""value"": ""ground surface"", ""relation"": ""OCCURRED_AT""}, {""entity_type"": ""EQUIPMENT"", ""value"": ""fuel filter"", ""relation"": ""INVOLVED""}]"
578192,containment_loss,"0626hrs while conducting NAP14 annulus unloading operations, Baker Hughes reported that one of the N2 tanks on the back deck of Skandi Vinland had failed._x000D_ The failure consisted of a section of the outer shell of the N2 tank (the tanks have outer and inner shells) collapsing, leaving a large hole (approx 0.5m x 0.5m). Operators in the vicinity of the tank reported hearing a loud ‘pop’ and that the tank shell had collapsed in on itself._x000D_ It is believed that the exhaust from a neighboring tank could have been intermittently discharging small quantities of liquid N2 onto the outer shell of the tank, causing it to become brittle. As the annulus between the two shells is a vacuum, it is understood that the vacuum caused the brittle steel to fail._x000D_ To confirm, no personnel were injured and no liquid nitrogen was released due to the failure of the outer shell.",Substances  - Hazardous liquids (exposure to / spill / loss of containment /pollution),Environment - 1. Minimal Impact,Environment,Operations,0.0529801324503311,8.0,151.0,"[{""entity_type"": ""LOCATION"", ""value"": ""Kelsey Drive Building"", ""relation"": ""OCCURRED_AT""}, {""entity_type"": ""LOCATION"", ""value"": ""St. John's"", ""relation"": ""OCCURRED_AT""}, {""entity_type"": ""LOCATION"", ""value"": ""Canada"", ""relation"": ""OCCURRED_AT""}, {""entity_type"": ""LOCATION"", ""value"": ""North America"", ""relation"": ""OCCURRED_AT""}, {""entity_type"": ""ORGANIZATION"", ""value"": ""HUSKY ENERGY (EAST COAST OPERATIONS)"", ""relation"": ""REPORTED_BY""}, {""entity_type"": ""ROOT_CAUSE_CATEGORY"", ""value"": ""Hazardous liquids (exposure to / spill / loss of containment /pollution)"", ""relation"": ""CATEGORIZED_AS""}, {""entity_type"": ""ORGANIZATION"", ""value"": ""BAKER HUGHES"", ""relation"": ""REPORTED_BY""}, {""entity_type"": ""EQUIPMENT"", ""value"": ""N2 tanks"", ""relation"": ""INVOLVED""}, {""entity_type"": ""LOCATION"", ""value"": ""Skandi Vinland"", ""relation"": ""OCCURRED_AT""}]"
615745,containment_loss,"Due to an operational failure occurred in the water and oil separator box (SAO) of the Desparafine area, there was a leakage of approximately 30 liters of oil water, coming to the Victory Bay._x000D_ Immediately the Individual Emergency Plan of the Flexibrás Terminal was activated.",Substances  - Hazardous liquids (exposure to / spill / loss of containment /pollution),Environment - 1. Minimal Impact,Environment,Support Service,0.0444444444444444,2.0,45.0,"[{""entity_type"": ""LOCATION"", ""value"": ""Vitoria Logistics Base"", ""relation"": ""OCCURRED_AT""}, {""entity_type"": ""LOCATION"", ""value"": ""Vitoria"", ""relation"": ""OCCURRED_AT""}, {""entity_type"": ""LOCATION"", ""value"": ""Brazil"", ""relation"": ""OCCURRED_AT""}, {""entity_type"": ""LOCATION"", ""value"": ""South America"", ""relation"": ""OCCURRED_AT""}, {""entity_type"": ""ORGANIZATION"", ""value"": ""TECHNIPFMC"", ""relation"": ""REPORTED_BY""}, {""entity_type"": ""ROOT_CAUSE_CATEGORY"", ""value"": ""Hazardous liquids (exposure to / spill / loss of containment /pollution)"", ""relation"": ""CATEGORIZED_AS""}, {""entity_type"": ""LOCATION"", ""value"": ""Desparafine area"", ""relation"": ""OCCURRED_AT""}, {""entity_type"": ""LOCATION"", ""value"": ""Victory Bay"", ""relation"": ""OCCURRED_AT""}, {""entity_type"": ""ORGANIZATION"", ""value"": ""Flexibr\u00e1s Terminal"", ""relation"": ""REPORTED_BY""}]"
698269,containment_loss,"While re-starting the DG after fueling after various attempts to give the command to DG control panel, it got malfunctioned. The generator kept cranking several times due to malfunctioning and ended up erupting heavy smoke out of it. Immediately the electrician took off the battery connections to DG , which finally stopped the engine and stop the smoke coming out of it._x000D_ No Damage / No Injuries sustained.","Substances  - Hazardous gases, vapours, aerosols (exposure to / spill / loss of containment /pollution)",Financial Impact - 2. Minor impact on entity/asset figures,Financial Impact,Construction - Installation,0.0441176470588235,3.0,68.0,"[{""entity_type"": ""LOCATION"", ""value"": ""Bahrain"", ""relation"": ""OCCURRED_AT""}, {""entity_type"": ""LOCATION"", ""value"": ""Middle East"", ""relation"": ""OCCURRED_AT""}, {""entity_type"": ""ORGANIZATION"", ""value"": ""THE BAHRAIN PETROLEUM COMPANY BSC"", ""relation"": ""REPORTED_BY""}, {""entity_type"": ""ROOT_CAUSE_CATEGORY"", ""value"": ""Hazardous gases, vapours, aerosols (exposure to / spill / loss of containment /pollution)"", ""relation"": ""CATEGORIZED_AS""}, {""entity_type"": ""EQUIPMENT"", ""value"": ""generator"", ""relation"": ""INVOLVED""}]"
688554,containment_loss,Track hoe was traveling in the stalk rack to get in to position for spooling operations.  While traveling there was a hydraulic failure causing approximately 5 gallons of fluid to come in contact with the ground.  The operator immediately shutdown the unit when notified of the leak.  The equipment was only traveling and was not carrying a load at the time of the failure. Maintenance called and spill pads immediately placed under the unit till the leak could be caped. No potential for injury or exposure due to no personnel in the area.,Substances  - Hazardous liquids (exposure to / spill / loss of containment /pollution),Environment - 1. Minimal Impact,Environment,Yard - Spool Base Fabrication,0.043010752688172,4.0,93.0,"[{""entity_type"": ""LOCATION"", ""value"": ""Theodore Spoolbase"", ""relation"": ""OCCURRED_AT""}, {""entity_type"": ""LOCATION"", ""value"": ""Theodore"", ""relation"": ""OCCURRED_AT""}, {""entity_type"": ""LOCATION"", ""value"": ""USA"", ""relation"": ""OCCURRED_AT""}, {""entity_type"": ""LOCATION"", ""value"": ""North America"", ""relation"": ""OCCURRED_AT""}, {""entity_type"": ""ORGANIZATION"", ""value"": ""Shell"", ""relation"": ""REPORTED_BY""}, {""entity_type"": ""ROOT_CAUSE_CATEGORY"", ""value"": ""Hazardous liquids (exposure to / spill / loss of containment /pollution)"", ""relation"": ""CATEGORIZED_AS""}, {""entity_type"": ""EQUIPMENT"", ""value"": ""track hoe"", ""relation"": ""INVOLVED""}, {""entity_type"": ""ORGANIZATION"", ""value"": ""Maintenance"", ""relation"": ""REPORTED_BY""}]"
567597,containment_loss,"Leakage of hydraulic oil in 250MT crane, due to burst flexible hose. The leaked oil was contained on deck and in crane._x000D_ A hydraulic leakage occurred in the main 250Ton crane, due to the breakdown of a flexible crane. The leakage was contained in the crane and crane.",Substances  - Hazardous liquids (exposure to / spill / loss of containment /pollution),Environment - 1. Minimal Impact,Environment,Flexible Pipe Installation,0.0416666666666666,2.0,48.0,"[{""entity_type"": ""LOCATION"", ""value"": ""Top Coral Do Atlantico (PLSV1)"", ""relation"": ""OCCURRED_AT""}, {""entity_type"": ""LOCATION"", ""value"": ""Rio de Janeiro"", ""relation"": ""OCCURRED_AT""}, {""entity_type"": ""LOCATION"", ""value"": ""Brazil"", ""relation"": ""OCCURRED_AT""}, {""entity_type"": ""LOCATION"", ""value"": ""South America"", ""relation"": ""OCCURRED_AT""}, {""entity_type"": ""ORGANIZATION"", ""value"": ""PETROBRAS"", ""relation"": ""REPORTED_BY""}, {""entity_type"": ""ROOT_CAUSE_CATEGORY"", ""value"": ""Hazardous liquids (exposure to / spill / loss of containment /pollution)"", ""relation"": ""CATEGORIZED_AS""}, {""entity_type"": ""EQUIPMENT"", ""value"": ""crane"", ""relation"": ""INVOLVED""}, {""entity_type"": ""LOCATION"", ""value"": ""deck"", ""relation"": ""OCCURRED_AT""}]"
740643,containment_loss,"During Subsea operations a release of fluid was noticed on the Pipe Lifting Tool #3 owned by Connector Subsea Solutions (CSS). Approximately 0.25 liters of Tellus MX 22 was released. The release of fluid, and subsequent tool failure, did not result in any damage to subsea equipment or client assets.",Substances  - Hazardous liquids (exposure to / spill / loss of containment /pollution),Financial Impact - 1. No impact on entity/asset figures,Financial Impact,Vessel / Yards,0.04,2.0,50.0,"[{""entity_type"": ""LOCATION"", ""value"": ""USA"", ""relation"": ""OCCURRED_AT""}, {""entity_type"": ""LOCATION"", ""value"": ""North America"", ""relation"": ""OCCURRED_AT""}, {""entity_type"": ""ORGANIZATION"", ""value"": ""Shell"", ""relation"": ""REPORTED_BY""}, {""entity_type"": ""ROOT_CAUSE_CATEGORY"", ""value"": ""Hazardous liquids (exposure to / spill / loss of containment /pollution)"", ""relation"": ""CATEGORIZED_AS""}, {""entity_type"": ""EQUIPMENT"", ""value"": ""pipe lifting tool"", ""relation"": ""INVOLVED""}, {""entity_type"": ""ORGANIZATION"", ""value"": ""Connector Subsea Solutions"", ""relation"": ""REPORTED_BY""}]"
740644,containment_loss,During Subsea operations a release of fluid was noticed on the Pipe LIfting Tool #2 owned by Connector Subsea Solutions (CSS).  Approximately .75 liters of Tellus MX 22 was released.  The release of fluid and failure of the tool did not result in any damage to subsea equipment or client assets.,Substances  - Hazardous liquids (exposure to / spill / loss of containment /pollution),Financial Impact - 1. No impact on entity/asset figures,Financial Impact,Vessel / Yards,0.0392156862745098,2.0,51.0,"[{""entity_type"": ""LOCATION"", ""value"": ""USA"", ""relation"": ""OCCURRED_AT""}, {""entity_type"": ""LOCATION"", ""value"": ""North America"", ""relation"": ""OCCURRED_AT""}, {""entity_type"": ""ORGANIZATION"", ""value"": ""Shell"", ""relation"": ""REPORTED_BY""}, {""entity_type"": ""ROOT_CAUSE_CATEGORY"", ""value"": ""Hazardous liquids (exposure to / spill / loss of containment /pollution)"", ""relation"": ""CATEGORIZED_AS""}, {""entity_type"": ""EQUIPMENT"", ""value"": ""pipe lifting tool"", ""relation"": ""INVOLVED""}, {""entity_type"": ""ORGANIZATION"", ""value"": ""Connector Subsea Solutions"", ""relation"": ""REPORTED_BY""}, {""entity_type"": ""EQUIPMENT"", ""value"": ""Tellus MX 22"", ""relation"": ""INVOLVED""}]"
538807,containment_loss,"While doing Hydraulic oil flushing activity of 411B skid and it was connected with line along with flexible line for recirculating the oil. During the process when the motor was started the two inch line disconnected due to improper fixing of clamp on hose junction point, resulted splash of oil at surroundings.",Substances  - Hazardous liquids (exposure to / spill / loss of containment /pollution),Environment - 1. Minimal Impact,Environment,Construction - Installation,0.0384615384615384,2.0,52.0,"[{""entity_type"": ""LOCATION"", ""value"": ""Mangalore"", ""relation"": ""OCCURRED_AT""}, {""entity_type"": ""LOCATION"", ""value"": ""India"", ""relation"": ""OCCURRED_AT""}, {""entity_type"": ""LOCATION"", ""value"": ""India"", ""relation"": ""OCCURRED_AT""}, {""entity_type"": ""ORGANIZATION"", ""value"": ""JBF PETROCHEMICALS LIMITED"", ""relation"": ""REPORTED_BY""}, {""entity_type"": ""ROOT_CAUSE_CATEGORY"", ""value"": ""Hazardous liquids (exposure to / spill / loss of containment /pollution)"", ""relation"": ""CATEGORIZED_AS""}, {""entity_type"": ""EQUIPMENT"", ""value"": ""411B skid"", ""relation"": ""INVOLVED""}, {""entity_type"": ""LOCATION"", ""value"": ""surroundings"", ""relation"": ""OCCURRED_AT""}]"
521519,containment_loss,"On 19th December at 09:45, a truck was carrying materials from Jetty to the Kaombo storage area. The truck failed to ascend the slope coming from the Jetty, the driver tried three times but the truck didn't have capacity to ascend the slope. The truck driver contacted OPS team leader to provide an Excavator CAT 385C to provide support and pull the truck. In the process of pulling the truck, one of the Excavator Hydraulic hoses burst causing a leakage of approximately 20 liters of hydraulic oil to the ground. A lack of communication between the excavator operator and the truck driver, neither of them had radios, caused the excavator to start pulling the truck while the truck brakes were still ""ON"". This situation caused an overload of pressure in the excavator hydraulic system eventually leading to burst a hose.",Substances  - Hazardous liquids (exposure to / spill / loss of containment /pollution),Environment - 1. Minimal Impact,Environment,Spoolbase Operations,0.0357142857142857,5.0,140.0,"[{""entity_type"": ""LOCATION"", ""value"": ""Luanda Service Base"", ""relation"": ""OCCURRED_AT""}, {""entity_type"": ""LOCATION"", ""value"": ""Luanda"", ""relation"": ""OCCURRED_AT""}, {""entity_type"": ""LOCATION"", ""value"": ""Angola"", ""relation"": ""OCCURRED_AT""}, {""entity_type"": ""LOCATION"", ""value"": ""Africa"", ""relation"": ""OCCURRED_AT""}, {""entity_type"": ""ORGANIZATION"", ""value"": ""ANGOFLEX INDUSTRIAL LIMITADA"", ""relation"": ""REPORTED_BY""}, {""entity_type"": ""ROOT_CAUSE_CATEGORY"", ""value"": ""Hazardous liquids (exposure to / spill / loss of containment /pollution)"", ""relation"": ""CATEGORIZED_AS""}, {""entity_type"": ""EQUIPMENT"", ""value"": ""truck"", ""relation"": ""INVOLVED""}, {""entity_type"": ""LOCATION"", ""value"": ""Jetty"", ""relation"": ""OCCURRED_AT""}, {""entity_type"": ""LOCATION"", ""value"": ""Kaombo storage area"", ""relation"": ""OCCURRED_AT""}, {""entity_type"": ""ORGANIZATION"", ""value"": ""OPS team leader"", ""relation"": ""REPORTED_BY""}, {""entity_type"": ""EQUIPMENT"", ""value"": ""Excavator CAT 385C"", ""relation"": ""INVOLVED""}, {""entity_type"": ""EQUIPMENT"", ""value"": ""excavator"", ""relation"": ""INVOLVED""}]"
512639,containment_loss,"Background:_x000D_ The Deep Orient is conducting Subsea Installation operations on the Prelude OIC2. On 08/10/2016 ROV XLX74 experienced an incident where the Forward Port Lateral Thruster Hydraulic Hose B2 ruptured during subsea operations causing loss of power to the thrusters and 3ltes of hydraulic oil to be lost to the sea (Synergi report 511732 refers). Another hose failure of the same hydraulic hose occurred on XLX 75 on 10/10/2016 (Synergi no.511956 refers). In both incidents the cause has been suspected as due to poor routing of the hydraulic hose on the vehicle which is causing the hose to rupture internally._x000D_ _x000D_ Environmental Conditions:_x000D_ Vessel maintaining position with good visibility at night, calm sea with significant wave height of 0.5m. Wind speed 4KN. Subsea visibility conditions were workable with a current of 1.7KN on the surface DP desk monitor. _x000D_ _x000D_ Task / Actions Leading up to the Incident:_x000D_ ROV XLX75 had completed disconnection of brace rigging on MJ1. The ROV was then in preparation to commence connecting tagging rigging to brace._x000D_ _x000D_ Incident/Initial findings:_x000D_ At 19:10 at depth of 50m during operations to initiate Tag lines to Spreader bar for recovery to surface, the current at the working depth had increased which was hampering ROV XLX 75 ability to maintain required position/station to conduct works. _x000D_ Whilst trying to maintain station at the worksite and keep the ROV in a safe position the ROV had to be operated at 100% joystick control and full system pressure. _x000D_ During these manoeuvres the Port Aft (Lower) Lateral Thruster Hose ruptured and failed._x000D_ At time of hose failure the works had been suspended due to an unexpected excessive current, spreader was then lowered to 100m to check conditions, current improving.._x000D_ ROV XLX75 team made preparations to return defective sub to TMS, conditions at 50m not suitable to recover ROV to TMS, lowered TMS to 170m effecting safe recovery of ROV; ROV XLX on deck 19:44_x000D_ _x000D_ It is estimated that approx. 3 litres of T32 hydraulic oil was discharged from the vehicle into the sea during the event._x000D_ _x000D_ The immediate cause of the loss of hydraulic oil has been determined as a Port Aft (Lower) Lateral Thruster Hose failure._x000D_ _x000D_ It has been identified that the hydraulic hose has failed in the same area as 2 previous incidents which has further confirmed a routing issue with the hoses._x000D_ _x000D_ The hydraulic hose used on both vehicles is a Parker 471 ST Hydraulic Hose with 2-wire braided compact construction See details below._x000D_ _x000D_ Evidence of planned maintenance and pre-dive checks have identified that there were no externally visual signs of wear, deformity or damage to the hose._x000D_ _x000D_ RIS Regional Manager TMOS/Subsea Operations APAC has been advised of all incidents.",Substances  - Hazardous liquids (exposure to / spill / loss of containment /pollution),Environment - 1. Minimal Impact,Environment,ROV Operations,0.0350109409190372,16.0,457.0,"[{""entity_type"": ""LOCATION"", ""value"": ""Deep Orient"", ""relation"": ""OCCURRED_AT""}, {""entity_type"": ""LOCATION"", ""value"": ""Aberdeen"", ""relation"": ""OCCURRED_AT""}, {""entity_type"": ""LOCATION"", ""value"": ""UK"", ""relation"": ""OCCURRED_AT""}, {""entity_type"": ""LOCATION"", ""value"": ""Europe"", ""relation"": ""OCCURRED_AT""}, {""entity_type"": ""ORGANIZATION"", ""value"": ""SHELL AUSTRALIA PTY LTD"", ""relation"": ""REPORTED_BY""}, {""entity_type"": ""ROOT_CAUSE_CATEGORY"", ""value"": ""Hazardous liquids (exposure to / spill / loss of containment /pollution)"", ""relation"": ""CATEGORIZED_AS""}, {""entity_type"": ""ORGANIZATION"", ""value"": ""The Deep orient"", ""relation"": ""REPORTED_BY""}, {""entity_type"": ""EQUIPMENT"", ""value"": ""ROV XLX74"", ""relation"": ""INVOLVED""}, {""entity_type"": ""ORGANIZATION"", ""value"": ""Synergi"", ""relation"": ""REPORTED_BY""}, {""entity_type"": ""EQUIPMENT"", ""value"": ""ROV XLX94"", ""relation"": ""INVOLVED""}, {""entity_type"": ""EQUIPMENT"", ""value"": ""Port Aft (Lower) Lateral Thruster Hose"", ""relation"": ""INVOLVED""}, {""entity_type"": ""LOCATION"", ""value"": ""TMS"", ""relation"": ""OCCURRED_AT""}, {""entity_type"": ""EQUIPMENT"", ""value"": ""Parker 471 ST Hydraulic Hose"", ""relation"": ""INVOLVED""}, {""entity_type"": ""ORGANIZATION"", ""value"": ""TMOS/Subsea Operations APAC"", ""relation"": ""REPORTED_BY""}]"
17551,containment_loss,"In connection with activities in hall D, there was some oil spillage (20L) on the floor. That's because someone forgot to close the return valve on the HPU. The return hose was then placed in a 10-litre bucket, which then became full and overflowed. This is because of the siphoned effect. This mess has happened throughout the night.",Hazardous liquids (exposure to / spill / loss of containment /pollution),1 - Negligible,Environment,Support Service-HSE,0.0344827586206896,2.0,58.0,"[{""entity_type"": ""LOCATION"", ""value"": ""Horten Facility"", ""relation"": ""OCCURRED_AT""}, {""entity_type"": ""LOCATION"", ""value"": ""Horten"", ""relation"": ""OCCURRED_AT""}, {""entity_type"": ""LOCATION"", ""value"": ""Norway"", ""relation"": ""OCCURRED_AT""}, {""entity_type"": ""LOCATION"", ""value"": ""Europe"", ""relation"": ""OCCURRED_AT""}, {""entity_type"": ""ORGANIZATION"", ""value"": ""TOTAL E&P NORGE AS"", ""relation"": ""REPORTED_BY""}, {""entity_type"": ""ROOT_CAUSE_CATEGORY"", ""value"": ""Hazardous liquids (exposure to / spill / loss of containment /pollution)"", ""relation"": ""CATEGORIZED_AS""}, {""entity_type"": ""LOCATION"", ""value"": ""hall D"", ""relation"": ""OCCURRED_AT""}, {""entity_type"": ""EQUIPMENT"", ""value"": ""return valve"", ""relation"": ""INVOLVED""}, {""entity_type"": ""ORGANIZATION"", ""value"": ""HPU"", ""relation"": ""REPORTED_BY""}, {""entity_type"": ""EQUIPMENT"", ""value"": ""return hose"", ""relation"": ""INVOLVED""}]"
666338,high_causal_any,"We had an ESD shut down due to a HiHi level that triggered an ESD shut in.  The ESD failed to close and caused the PRV to activate.  No injuries, spills, or damage to equipment occurred due to the PRV operating properly.",Mechanical - Equipment condition,Environment - 3. Adverse Impact,Environment,Vessel / Yards,0.119047619047619,5.0,42.0,"[{""entity_type"": ""LOCATION"", ""value"": ""Minot Service Base"", ""relation"": ""OCCURRED_AT""}, {""entity_type"": ""LOCATION"", ""value"": ""Minot"", ""relation"": ""OCCURRED_AT""}, {""entity_type"": ""LOCATION"", ""value"": ""USA"", ""relation"": ""OCCURRED_AT""}, {""entity_type"": ""LOCATION"", ""value"": ""North America"", ""relation"": ""OCCURRED_AT""}, {""entity_type"": ""ORGANIZATION"", ""value"": ""CONOCOPHILLIPS"", ""relation"": ""REPORTED_BY""}, {""entity_type"": ""ROOT_CAUSE_CATEGORY"", ""value"": ""Equipment condition"", ""relation"": ""CATEGORIZED_AS""}, {""entity_type"": ""EQUIPMENT"", ""value"": ""ESD"", ""relation"": ""INVOLVED""}, {""entity_type"": ""EQUIPMENT"", ""value"": ""PRV"", ""relation"": ""INVOLVED""}, {""entity_type"": ""INJURY_TYPE"", ""value"": ""injuries"", ""relation"": ""RESULTED_IN""}, {""entity_type"": ""INJURY_TYPE"", ""value"": ""spills"", ""relation"": ""RESULTED_IN""}]"
516010,high_causal_any,"During manually shifting of portable scaffold (1.5MX1M) by four number of manpower, due to uneven surface and unbalancing it was tilted on ground._x000D_ No injury/ property damage caused due to the incident.",Ergonomics - Manual handling,Injury - 2. Medical Treatment Injury / Restricted Work Case / Loss of Consciousness,Injury,Site Civil & Structural,0.09375,3.0,32.0,"[{""entity_type"": ""LOCATION"", ""value"": ""Amalapuram"", ""relation"": ""OCCURRED_AT""}, {""entity_type"": ""LOCATION"", ""value"": ""India"", ""relation"": ""OCCURRED_AT""}, {""entity_type"": ""LOCATION"", ""value"": ""India"", ""relation"": ""OCCURRED_AT""}, {""entity_type"": ""ORGANIZATION"", ""value"": ""OIL AND NATURAL GAS CORP.LTD"", ""relation"": ""REPORTED_BY""}, {""entity_type"": ""ROOT_CAUSE_CATEGORY"", ""value"": ""Manual handling"", ""relation"": ""CATEGORIZED_AS""}, {""entity_type"": ""EQUIPMENT"", ""value"": ""portable scaffold"", ""relation"": ""INVOLVED""}, {""entity_type"": ""LOCATION"", ""value"": ""ground"", ""relation"": ""OCCURRED_AT""}]"
577267,high_causal_any,"On 16.03.2018, approximately at 1:15 am operator notice Under roller at take up Sp17 suddenly stop. Failure alarm triggered at under roller and cause the machine automatically stop. Further inspection by operator found harting cable was damage due to stuck underneath of under roller.",Basic Organisational - Equipment Suitability,Financial Impact - 2. Minor impact on entity/asset figures,Financial Impact,Profiling,0.0909090909090909,4.0,44.0,"[{""entity_type"": ""LOCATION"", ""value"": ""Asiaflex Products"", ""relation"": ""OCCURRED_AT""}, {""entity_type"": ""LOCATION"", ""value"": ""Johor Bahru"", ""relation"": ""OCCURRED_AT""}, {""entity_type"": ""LOCATION"", ""value"": ""Malaysia"", ""relation"": ""OCCURRED_AT""}, {""entity_type"": ""LOCATION"", ""value"": ""Asia Pacific"", ""relation"": ""OCCURRED_AT""}, {""entity_type"": ""ORGANIZATION"", ""value"": ""ASIAFLEX PRODUCTS SDN. BHD."", ""relation"": ""REPORTED_BY""}, {""entity_type"": ""ROOT_CAUSE_CATEGORY"", ""value"": ""Equipment Suitability"", ""relation"": ""CATEGORIZED_AS""}, {""entity_type"": ""EQUIPMENT"", ""value"": ""Under roller"", ""relation"": ""INVOLVED""}, {""entity_type"": ""EQUIPMENT"", ""value"": ""harting cable"", ""relation"": ""INVOLVED""}]"
10629,high_causal_any,"Fire Alarm was triggered due to a battery failure within the Data Centre. This failure caused the data centre to fill with smoke, triggering the fire alarm and the evacuation of the site. Fire Brigade arrived on-site, assessed the situation and supported the extraction of the smoke and determined that no fire was present. Site was handed back and investigation started.",Electrical,2 - Minor,Damage - Financial impact,Support Service-Information Technology,0.081967213114754,5.0,61.0,"[{""entity_type"": ""LOCATION"", ""value"": ""Dunfermline Manufacturing"", ""relation"": ""OCCURRED_AT""}, {""entity_type"": ""LOCATION"", ""value"": ""Dunfermline"", ""relation"": ""OCCURRED_AT""}, {""entity_type"": ""LOCATION"", ""value"": ""UK"", ""relation"": ""OCCURRED_AT""}, {""entity_type"": ""LOCATION"", ""value"": ""Europe"", ""relation"": ""OCCURRED_AT""}, {""entity_type"": ""ORGANIZATION"", ""value"": ""N/A - No Vendor"", ""relation"": ""REPORTED_BY""}, {""entity_type"": ""ROOT_CAUSE_CATEGORY"", ""value"": ""Electrical"", ""relation"": ""CATEGORIZED_AS""}, {""entity_type"": ""LOCATION"", ""value"": ""Data Centre"", ""relation"": ""OCCURRED_AT""}, {""entity_type"": ""ORGANIZATION"", ""value"": ""Fire Brigade"", ""relation"": ""REPORTED_BY""}, {""entity_type"": ""LOCATION"", ""value"": ""Site"", ""relation"": ""OCCURRED_AT""}]"
18387,high_causal_any,"The fire alarm got activated due to melting of an electrical cable at RPDB-05 which caused smoke to arise the fifth floor, evacuating all staff members to the safe assembly area. The incident resulted in no injuries or damage to property.",,1 - Negligible,Damage - Financial impact,,0.073170731707317,3.0,41.0,"[{""entity_type"": ""LOCATION"", ""value"": ""Incubation Space"", ""relation"": ""OCCURRED_AT""}, {""entity_type"": ""LOCATION"", ""value"": ""Hyderabad"", ""relation"": ""OCCURRED_AT""}, {""entity_type"": ""LOCATION"", ""value"": ""India"", ""relation"": ""OCCURRED_AT""}, {""entity_type"": ""LOCATION"", ""value"": ""India"", ""relation"": ""OCCURRED_AT""}, {""entity_type"": ""ORGANIZATION"", ""value"": ""FMC TECHNOLOGIES INDIA PRIVATE LIMITED"", ""relation"": ""REPORTED_BY""}, {""entity_type"": ""LOCATION"", ""value"": ""RPDB-05"", ""relation"": ""OCCURRED_AT""}, {""entity_type"": ""LOCATION"", ""value"": ""fifth floor"", ""relation"": ""OCCURRED_AT""}, {""entity_type"": ""LOCATION"", ""value"": ""safe assembly area"", ""relation"": ""OCCURRED_AT""}, {""entity_type"": ""INJURY_TYPE"", ""value"": ""no injuries"", ""relation"": ""RESULTED_IN""}]"
731186,high_causal_any,"A lock washer has failed on a pipe stand, causing the ID barrel to slip. When the stand failed, the saddle frame shifted approximately 100mm. The saddle frame had been tethered and supported in multiple locations, that prevented any further movement",Basic Organisational - Equipment Suitability,Injury - 2. Medical Treatment Injury / Restricted Work Case / Loss of Consciousness,Injury,Yard - Spool Base Fabrication,0.073170731707317,3.0,41.0,"[{""entity_type"": ""LOCATION"", ""value"": ""Henderson Service Base"", ""relation"": ""OCCURRED_AT""}, {""entity_type"": ""LOCATION"", ""value"": ""Henderson"", ""relation"": ""OCCURRED_AT""}, {""entity_type"": ""LOCATION"", ""value"": ""Australia"", ""relation"": ""OCCURRED_AT""}, {""entity_type"": ""LOCATION"", ""value"": ""Asia Pacific"", ""relation"": ""OCCURRED_AT""}, {""entity_type"": ""ORGANIZATION"", ""value"": ""CHEVRON AUSTRALIA PTY LTD"", ""relation"": ""REPORTED_BY""}, {""entity_type"": ""ROOT_CAUSE_CATEGORY"", ""value"": ""Equipment Suitability"", ""relation"": ""CATEGORIZED_AS""}, {""entity_type"": ""EQUIPMENT"", ""value"": ""lock washer"", ""relation"": ""INVOLVED""}, {""entity_type"": ""EQUIPMENT"", ""value"": ""pipe stand"", ""relation"": ""INVOLVED""}, {""entity_type"": ""BODY_PART"", ""value"": ""saddle frame"", ""relation"": ""AFFECTED""}, {""entity_type"": ""LOCATION"", ""value"": ""multiple locations"", ""relation"": ""OCCURRED_AT""}]"
27423,high_causal_any,"While lifting the GSTC wall panel using Hydra, it accidentally struck the HSE obeya wall, causing damage to the external POP and resulting in a crack at the bottom. Fortunately, this incident only resulted in property damage, with no personal injuries.",Lifting ops error,1 - Negligible,Damage - Financial impact,Manufacturing-Mechanical Lifting,0.073170731707317,3.0,41.0,"[{""entity_type"": ""LOCATION"", ""value"": ""Hyderabad Engineering & Test Center"", ""relation"": ""OCCURRED_AT""}, {""entity_type"": ""LOCATION"", ""value"": ""Hyderabad"", ""relation"": ""OCCURRED_AT""}, {""entity_type"": ""LOCATION"", ""value"": ""India"", ""relation"": ""OCCURRED_AT""}, {""entity_type"": ""LOCATION"", ""value"": ""India"", ""relation"": ""OCCURRED_AT""}, {""entity_type"": ""ORGANIZATION"", ""value"": ""FMC TECHNOLOGIES INDIA PRIVATE LIMITED"", ""relation"": ""REPORTED_BY""}, {""entity_type"": ""ROOT_CAUSE_CATEGORY"", ""value"": ""Lifting ops error"", ""relation"": ""CATEGORIZED_AS""}, {""entity_type"": ""ORGANIZATION"", ""value"": ""GSTC"", ""relation"": ""REPORTED_BY""}, {""entity_type"": ""EQUIPMENT"", ""value"": ""hydra"", ""relation"": ""INVOLVED""}, {""entity_type"": ""ORGANIZATION"", ""value"": ""HSE"", ""relation"": ""REPORTED_BY""}, {""entity_type"": ""BODY_PART"", ""value"": ""bottom"", ""relation"": ""AFFECTED""}, {""entity_type"": ""INJURY_TYPE"", ""value"": ""property damage"", ""relation"": ""RESULTED_IN""}, {""entity_type"": ""INJURY_TYPE"", ""value"": ""personal injuries"", ""relation"": ""RESULTED_IN""}]"
29141,high_causal_any,"While moving a TV with its stand in the office, a lady pushed the TV, causing the stand to topple backward. As the TV fell, she instinctively grabbed onto it, which pulled her forward causing her forehead to come into contact of the TV frame edge, causing her to scraped her forehead, resulting in a minor graze.",,2 - Minor,Injury/Illness,,0.0701754385964912,4.0,57.0,"[{""entity_type"": ""LOCATION"", ""value"": ""Nusajaya Campus 2"", ""relation"": ""OCCURRED_AT""}, {""entity_type"": ""LOCATION"", ""value"": ""Iskandar Puteri"", ""relation"": ""OCCURRED_AT""}, {""entity_type"": ""LOCATION"", ""value"": ""Malaysia"", ""relation"": ""OCCURRED_AT""}, {""entity_type"": ""LOCATION"", ""value"": ""Asia Pacific"", ""relation"": ""OCCURRED_AT""}, {""entity_type"": ""ORGANIZATION"", ""value"": ""N/A - No Vendor"", ""relation"": ""REPORTED_BY""}, {""entity_type"": ""EQUIPMENT"", ""value"": ""stand"", ""relation"": ""INVOLVED""}, {""entity_type"": ""LOCATION"", ""value"": ""office"", ""relation"": ""OCCURRED_AT""}, {""entity_type"": ""BODY_PART"", ""value"": ""forehead"", ""relation"": ""AFFECTED""}, {""entity_type"": ""INJURY_TYPE"", ""value"": ""graze"", ""relation"": ""RESULTED_IN""}]"
517453,high_causal_any,"A temporary U/G live cable (415 V, 3 phase) supplying power to main gate, Training hall & First Aid center was damage while excavating for storm water drain._x000D_ The main MCB tripped due to the damage._x000D_ No injury caused due to the incident.",Basic Organizational - Hazard Identification & Risk Assessment,Injury - 2. Medical Treatment Injury / Restricted Work Case / Loss of Consciousness,Injury,Construction,0.0697674418604651,3.0,43.0,"[{""entity_type"": ""LOCATION"", ""value"": ""Amalapuram"", ""relation"": ""OCCURRED_AT""}, {""entity_type"": ""LOCATION"", ""value"": ""India"", ""relation"": ""OCCURRED_AT""}, {""entity_type"": ""LOCATION"", ""value"": ""India"", ""relation"": ""OCCURRED_AT""}, {""entity_type"": ""ORGANIZATION"", ""value"": ""OIL AND NATURAL GAS CORP.LTD"", ""relation"": ""REPORTED_BY""}, {""entity_type"": ""ROOT_CAUSE_CATEGORY"", ""value"": ""Hazard Identification & Risk Assessment"", ""relation"": ""CATEGORIZED_AS""}, {""entity_type"": ""LOCATION"", ""value"": ""main gate"", ""relation"": ""OCCURRED_AT""}, {""entity_type"": ""LOCATION"", ""value"": ""Training hall"", ""relation"": ""OCCURRED_AT""}, {""entity_type"": ""ORGANIZATION"", ""value"": ""First Aid Center"", ""relation"": ""REPORTED_BY""}]"
29474,high_causal_any,"On 27/6/2025 at around 11:45 am during the operation of the Insulation line, a failure was detected on the Underoller (UR). Upon further inspection, it was found that the UR had run over the Harting Cable, resulting in damage to the cable’s external insulation and internal wire. This cable damage was determined to have cause the UR’s failure",Equipment condition,2 - Minor,Damage - Financial impact,Flexible-Production,0.0689655172413793,4.0,58.0,"[{""entity_type"": ""LOCATION"", ""value"": ""Asiaflex Products"", ""relation"": ""OCCURRED_AT""}, {""entity_type"": ""LOCATION"", ""value"": ""Johor Bahru"", ""relation"": ""OCCURRED_AT""}, {""entity_type"": ""LOCATION"", ""value"": ""Malaysia"", ""relation"": ""OCCURRED_AT""}, {""entity_type"": ""LOCATION"", ""value"": ""Asia Pacific"", ""relation"": ""OCCURRED_AT""}, {""entity_type"": ""ORGANIZATION"", ""value"": ""ASIAFLEX PRODUCTS SDN. BHD."", ""relation"": ""REPORTED_BY""}, {""entity_type"": ""ROOT_CAUSE_CATEGORY"", ""value"": ""Equipment condition"", ""relation"": ""CATEGORIZED_AS""}]"
649533,high_causal_any,"AT TS V Welding M/c Booth, one 50 sq. mm welding M/c return lid started burning, resulting smoke came out. Due to rain moisture accumulated in cable resulted burning. Immediately fire extinguisher charged to stop the smoke._x000D_  No injury caused due to the incident.",Mechanical - Equipment condition,Injury - 1. First Aid Care,Injury,Construction - Installation,0.0681818181818181,3.0,44.0,"[{""entity_type"": ""LOCATION"", ""value"": ""Bongaigaon"", ""relation"": ""OCCURRED_AT""}, {""entity_type"": ""LOCATION"", ""value"": ""India"", ""relation"": ""OCCURRED_AT""}, {""entity_type"": ""LOCATION"", ""value"": ""India"", ""relation"": ""OCCURRED_AT""}, {""entity_type"": ""ORGANIZATION"", ""value"": ""INDIAN OIL CORPORATION LIMITED"", ""relation"": ""REPORTED_BY""}, {""entity_type"": ""ROOT_CAUSE_CATEGORY"", ""value"": ""Equipment condition"", ""relation"": ""CATEGORIZED_AS""}, {""entity_type"": ""ORGANIZATION"", ""value"": ""AT TS V Welding"", ""relation"": ""REPORTED_BY""}, {""entity_type"": ""EQUIPMENT"", ""value"": ""M/c return lid"", ""relation"": ""INVOLVED""}, {""entity_type"": ""EQUIPMENT"", ""value"": ""fire extinguisher"", ""relation"": ""INVOLVED""}]"
708077,high_causal_any,"While lowering the man lift which was engaged in structure erection activity, the basket hit its jib arm due to mechanical failure causing them to damage. The manlift basket then was lowered slowly to the ground and the activity was suspended for further investigation.",Mechanical - Equipment condition,Financial Impact - 2. Minor impact on entity/asset figures,Financial Impact,Construction - Installation,0.0681818181818181,3.0,44.0,"[{""entity_type"": ""LOCATION"", ""value"": ""Bahrain"", ""relation"": ""OCCURRED_AT""}, {""entity_type"": ""LOCATION"", ""value"": ""Middle East"", ""relation"": ""OCCURRED_AT""}, {""entity_type"": ""ORGANIZATION"", ""value"": ""THE BAHRAIN PETROLEUM COMPANY BSC"", ""relation"": ""REPORTED_BY""}, {""entity_type"": ""ROOT_CAUSE_CATEGORY"", ""value"": ""Equipment condition"", ""relation"": ""CATEGORIZED_AS""}, {""entity_type"": ""EQUIPMENT"", ""value"": ""basket"", ""relation"": ""INVOLVED""}, {""entity_type"": ""BODY_PART"", ""value"": ""jib arm"", ""relation"": ""AFFECTED""}, {""entity_type"": ""INJURY_TYPE"", ""value"": ""mechanical failure"", ""relation"": ""RESULTED_IN""}, {""entity_type"": ""LOCATION"", ""value"": ""ground"", ""relation"": ""OCCURRED_AT""}]"
588917,high_causal_any,"While shifting structural beams using tele-handler from laydown area to site for erection, boom extension caused overloading resulting in beams slipping from fork. No injuries or no property damages reported.",Basic Organizational - Inadequate Supervision,Financial Impact - 2. Minor impact on entity/asset figures,Financial Impact,Construction,0.0666666666666666,2.0,30.0,"[{""entity_type"": ""LOCATION"", ""value"": ""Dubai Service Base"", ""relation"": ""OCCURRED_AT""}, {""entity_type"": ""LOCATION"", ""value"": ""Dubai"", ""relation"": ""OCCURRED_AT""}, {""entity_type"": ""LOCATION"", ""value"": ""UAE"", ""relation"": ""OCCURRED_AT""}, {""entity_type"": ""LOCATION"", ""value"": ""Middle East"", ""relation"": ""OCCURRED_AT""}, {""entity_type"": ""ORGANIZATION"", ""value"": ""ENOC PROCESSING COMPANY L.L.C (EPCL)"", ""relation"": ""REPORTED_BY""}, {""entity_type"": ""ROOT_CAUSE_CATEGORY"", ""value"": ""Inadequate Supervision"", ""relation"": ""CATEGORIZED_AS""}, {""entity_type"": ""EQUIPMENT"", ""value"": ""telehandler"", ""relation"": ""INVOLVED""}, {""entity_type"": ""LOCATION"", ""value"": ""laydown area"", ""relation"": ""OCCURRED_AT""}, {""entity_type"": ""LOCATION"", ""value"": ""Site"", ""relation"": ""OCCURRED_AT""}, {""entity_type"": ""INJURY_TYPE"", ""value"": ""overloading"", ""relation"": ""RESULTED_IN""}, {""entity_type"": ""EQUIPMENT"", ""value"": ""forks"", ""relation"": ""INVOLVED""}, {""entity_type"": ""INJURY_TYPE"", ""value"": ""no injuries"", ""relation"": ""RESULTED_IN""}]"
506752,high_causal_any,During removal of rebar scrap by JCB bucket one of the rebar (approx. 2 ft. length) suddenly struck the nearby Tree._x000D_ No injury/ property damage caused due to the incident.,Basic Organizational - Hazard Identification & Risk Assessment,Environment - 1. Minimal Impact,Environment,Site Civil & Structural,0.0666666666666666,2.0,30.0,"[{""entity_type"": ""LOCATION"", ""value"": ""Amalapuram"", ""relation"": ""OCCURRED_AT""}, {""entity_type"": ""LOCATION"", ""value"": ""India"", ""relation"": ""OCCURRED_AT""}, {""entity_type"": ""LOCATION"", ""value"": ""India"", ""relation"": ""OCCURRED_AT""}, {""entity_type"": ""ORGANIZATION"", ""value"": ""OIL AND NATURAL GAS CORPORATION LIMITED"", ""relation"": ""REPORTED_BY""}, {""entity_type"": ""ROOT_CAUSE_CATEGORY"", ""value"": ""Hazard Identification & Risk Assessment"", ""relation"": ""CATEGORIZED_AS""}, {""entity_type"": ""EQUIPMENT"", ""value"": ""JCB"", ""relation"": ""INVOLVED""}, {""entity_type"": ""EQUIPMENT"", ""value"": ""bucket"", ""relation"": ""INVOLVED""}, {""entity_type"": ""LOCATION"", ""value"": ""tree"", ""relation"": ""OCCURRED_AT""}]"
677837,high_causal_any,"On the evening of 4/28/2020, severe weather impacted the Houma area. High winds resulted in a small scaffold framed enclosure covering Gly-Tech pumping equipment to overturn (causing no damage to equipment or assets), and also caused a “Big Top” tent to shift and partially collapse. Both were located east of the Ruby platform. The shift of the tent resulted in damage to two unoccupied personal vehicles belonging to sub-contractors, which were parked under the “Big Top” tent, and the tent frame was damaged as well. It was later discovered that the high winds caused a chart recorder, located on Ruby’s production deck, to fall over, which caused damage. This event resulted in no injuries to employees or any other known damages.",Work environment - Climate (Heat/Cold/Humidity),Financial Impact - 1. No impact on entity/asset figures,Financial Impact,Construction,0.0661157024793388,8.0,121.0,"[{""entity_type"": ""LOCATION"", ""value"": ""Houma"", ""relation"": ""OCCURRED_AT""}, {""entity_type"": ""LOCATION"", ""value"": ""USA"", ""relation"": ""OCCURRED_AT""}, {""entity_type"": ""LOCATION"", ""value"": ""North America"", ""relation"": ""OCCURRED_AT""}, {""entity_type"": ""ORGANIZATION"", ""value"": ""BHP BILLITON (TRINIDAD - 3A) LTD"", ""relation"": ""REPORTED_BY""}, {""entity_type"": ""ROOT_CAUSE_CATEGORY"", ""value"": ""Climate (Heat/Cold/Humidity)"", ""relation"": ""CATEGORIZED_AS""}, {""entity_type"": ""LOCATION"", ""value"": ""Houma area"", ""relation"": ""OCCURRED_AT""}, {""entity_type"": ""ORGANIZATION"", ""value"": ""Gly-Tech"", ""relation"": ""REPORTED_BY""}, {""entity_type"": ""EQUIPMENT"", ""value"": ""pumping equipment"", ""relation"": ""INVOLVED""}, {""entity_type"": ""ORGANIZATION"", ""value"": ""Ruby"", ""relation"": ""REPORTED_BY""}, {""entity_type"": ""EQUIPMENT"", ""value"": ""chart recorder"", ""relation"": ""INVOLVED""}, {""entity_type"": ""LOCATION"", ""value"": ""Production Deck"", ""relation"": ""OCCURRED_AT""}]"
27,high_causal_any,"The fire installation (Argon) in the server room lacked maintenance, due to the fact that no IT employee is on site anymore. Because of this malfuctioning of the installation, it  caused over heating of the server room. (Aircon was shut down) This resulted in an alarm on the alarm panel and a report to the Security contractor. No direct line reported this to facility employee or supplier/contractor. This could have resulted in a fire.  The Fire installation (Minimax) in the server room does not report a malfunction to the control room.",Planning and coordination of works,3 - Significant,Damage - Financial impact,Construction - Installation-Site Electrical,0.0659340659340659,6.0,91.0,"[{""entity_type"": ""LOCATION"", ""value"": ""Arnhem Offices"", ""relation"": ""OCCURRED_AT""}, {""entity_type"": ""LOCATION"", ""value"": ""Arnhem"", ""relation"": ""OCCURRED_AT""}, {""entity_type"": ""LOCATION"", ""value"": ""Netherlands"", ""relation"": ""OCCURRED_AT""}, {""entity_type"": ""LOCATION"", ""value"": ""Europe"", ""relation"": ""OCCURRED_AT""}, {""entity_type"": ""ORGANIZATION"", ""value"": ""FMC SEPARATION SYSTEMS BV - ARNHEM"", ""relation"": ""REPORTED_BY""}, {""entity_type"": ""ROOT_CAUSE_CATEGORY"", ""value"": ""Planning and coordination of works"", ""relation"": ""CATEGORIZED_AS""}, {""entity_type"": ""EQUIPMENT"", ""value"": ""Argon"", ""relation"": ""INVOLVED""}, {""entity_type"": ""LOCATION"", ""value"": ""server room"", ""relation"": ""OCCURRED_AT""}, {""entity_type"": ""EQUIPMENT"", ""value"": ""aircond"", ""relation"": ""INVOLVED""}, {""entity_type"": ""EQUIPMENT"", ""value"": ""alarm panel"", ""relation"": ""INVOLVED""}, {""entity_type"": ""ORGANIZATION"", ""value"": ""security contractor"", ""relation"": ""REPORTED_BY""}, {""entity_type"": ""EQUIPMENT"", ""value"": ""Minimax"", ""relation"": ""INVOLVED""}, {""entity_type"": ""LOCATION"", ""value"": ""Control Room"", ""relation"": ""OCCURRED_AT""}]"
636891,high_causal_any,On date 24th May 2019 @ 16:00 Hrs. subcontractor's temporary Winch Machine Shed of Prilling Tower was partially collapsed due to gust of wind & rain. No personnel injury is reported,"Environment- Over-consumption of energy, natural resources (water, ...)",Injury - 2. Medical Treatment Injury / Restricted Work Case / Loss of Consciousness,Injury,Construction - Installation,0.064516129032258,2.0,31.0,"[{""entity_type"": ""LOCATION"", ""value"": ""Sindri"", ""relation"": ""OCCURRED_AT""}, {""entity_type"": ""LOCATION"", ""value"": ""India"", ""relation"": ""OCCURRED_AT""}, {""entity_type"": ""LOCATION"", ""value"": ""India"", ""relation"": ""OCCURRED_AT""}, {""entity_type"": ""ORGANIZATION"", ""value"": ""HINDUSTAN URVARAK AND RASAYAN LIMITED"", ""relation"": ""REPORTED_BY""}, {""entity_type"": ""ROOT_CAUSE_CATEGORY"", ""value"": ""Environment- Over-consumption of energy, natural resources (water, ...)"", ""relation"": ""CATEGORIZED_AS""}, {""entity_type"": ""ORGANIZATION"", ""value"": ""subcontractor"", ""relation"": ""REPORTED_BY""}, {""entity_type"": ""LOCATION"", ""value"": ""Prilling Tower"", ""relation"": ""OCCURRED_AT""}, {""entity_type"": ""INJURY_TYPE"", ""value"": ""gust of wind & rain"", ""relation"": ""RESULTED_IN""}]"
646137,high_causal_any,"During welding at TS-4 area one 50 sq.mm return lid of welding cable started burning, resulting the some portion of welding cable got burnt._x000D_ No injury caused due to the incident.",Basic Organizational - Inadequate Supervision,Injury - 1. First Aid Care,Injury,Construction - Installation,0.064516129032258,2.0,31.0,"[{""entity_type"": ""LOCATION"", ""value"": ""Bongaigaon"", ""relation"": ""OCCURRED_AT""}, {""entity_type"": ""LOCATION"", ""value"": ""India"", ""relation"": ""OCCURRED_AT""}, {""entity_type"": ""LOCATION"", ""value"": ""India"", ""relation"": ""OCCURRED_AT""}, {""entity_type"": ""ORGANIZATION"", ""value"": ""INDIAN OIL CORPORATION LIMITED"", ""relation"": ""REPORTED_BY""}, {""entity_type"": ""ROOT_CAUSE_CATEGORY"", ""value"": ""Inadequate Supervision"", ""relation"": ""CATEGORIZED_AS""}, {""entity_type"": ""LOCATION"", ""value"": ""TS-4"", ""relation"": ""OCCURRED_AT""}, {""entity_type"": ""EQUIPMENT"", ""value"": ""return lid"", ""relation"": ""INVOLVED""}, {""entity_type"": ""EQUIPMENT"", ""value"": ""welding cable"", ""relation"": ""INVOLVED""}]"
531824,high_causal_any,Due to the tide or a change In ballast of the vessel the ramp used for transport parted a bit causing an edge between the sloped and the vertical sections. This was noticed late by the forklift operator who intended to bring a pallet on board of the vessel causing him to bump into this edge. No personal harm or damage was caused.,Work environment - Access/Egress,"Damage - 2. More than 100,000 Euros less than 500,000 Euros",Damage,Yards,0.0634920634920634,4.0,63.0,"[{""entity_type"": ""LOCATION"", ""value"": ""Anvers Facility"", ""relation"": ""OCCURRED_AT""}, {""entity_type"": ""LOCATION"", ""value"": ""Anvers"", ""relation"": ""OCCURRED_AT""}, {""entity_type"": ""LOCATION"", ""value"": ""Belgium"", ""relation"": ""OCCURRED_AT""}, {""entity_type"": ""LOCATION"", ""value"": ""Europe"", ""relation"": ""OCCURRED_AT""}, {""entity_type"": ""ORGANIZATION"", ""value"": ""JSC YAMAL LNG"", ""relation"": ""REPORTED_BY""}, {""entity_type"": ""ROOT_CAUSE_CATEGORY"", ""value"": ""Access/Egress"", ""relation"": ""CATEGORIZED_AS""}]"
674967,high_causal_any,"While loading tubing heads onto a flat bed trailer, the lifting strap failed, resulting in the tubing heads falling and hitting the handles to 4 valves. The lifting strap failed due to being cut by the edges of the forks of the telehandler. The lifting strap was not secured to the lifting shackle, which is the correct method for lifting material with the telehandler. Crew was unable to find lifting point because it is located in an uncommon location.","Basic Organizational - Standard Operating Procedures, Procedures & Work instructions",Financial Impact - 2. Minor impact on entity/asset figures,Financial Impact,Yards,0.0632911392405063,5.0,79.0,"[{""entity_type"": ""LOCATION"", ""value"": ""Brighton Service Base"", ""relation"": ""OCCURRED_AT""}, {""entity_type"": ""LOCATION"", ""value"": ""Brighton"", ""relation"": ""OCCURRED_AT""}, {""entity_type"": ""LOCATION"", ""value"": ""USA"", ""relation"": ""OCCURRED_AT""}, {""entity_type"": ""LOCATION"", ""value"": ""North America"", ""relation"": ""OCCURRED_AT""}, {""entity_type"": ""ORGANIZATION"", ""value"": ""TECHNIPFMC USA, INC."", ""relation"": ""REPORTED_BY""}, {""entity_type"": ""ROOT_CAUSE_CATEGORY"", ""value"": ""Standard Operating Procedures, Procedures & Work instructions"", ""relation"": ""CATEGORIZED_AS""}, {""entity_type"": ""EQUIPMENT"", ""value"": ""tubing head"", ""relation"": ""INVOLVED""}, {""entity_type"": ""EQUIPMENT"", ""value"": ""lifting strap"", ""relation"": ""INVOLVED""}, {""entity_type"": ""EQUIPMENT"", ""value"": ""telehandler"", ""relation"": ""INVOLVED""}, {""entity_type"": ""ORGANIZATION"", ""value"": ""crew"", ""relation"": ""REPORTED_BY""}, {""entity_type"": ""LOCATION"", ""value"": ""uncommon location"", ""relation"": ""OCCURRED_AT""}]"
17437,high_causal_any,water Ingress due to substantial downpour of rain (while the building was unoccupied) caused the fuses in a distribution board to blow and then the breaker to trip. All safety features worked as planned however the scorching of the Distribution Board could have led to increased fire risk.,Electrical,2 - Minor,Damage - Financial impact,Construction - Installation-Operations,0.0625,3.0,48.0,"[{""entity_type"": ""LOCATION"", ""value"": ""Dunfermline Manufacturing"", ""relation"": ""OCCURRED_AT""}, {""entity_type"": ""LOCATION"", ""value"": ""Dunfermline"", ""relation"": ""OCCURRED_AT""}, {""entity_type"": ""LOCATION"", ""value"": ""UK"", ""relation"": ""OCCURRED_AT""}, {""entity_type"": ""LOCATION"", ""value"": ""Europe"", ""relation"": ""OCCURRED_AT""}, {""entity_type"": ""ORGANIZATION"", ""value"": ""FMC TECHNOLOGIES LIMITED"", ""relation"": ""REPORTED_BY""}, {""entity_type"": ""ROOT_CAUSE_CATEGORY"", ""value"": ""Electrical"", ""relation"": ""CATEGORIZED_AS""}, {""entity_type"": ""EQUIPMENT"", ""value"": ""fuses"", ""relation"": ""INVOLVED""}, {""entity_type"": ""ORGANIZATION"", ""value"": ""distribution board"", ""relation"": ""REPORTED_BY""}]"
25521,high_causal_any,"At 10:30 am a M1324 150-2589 was beginning dynamic test. The spline failed causing the bolts to break off the gear adapter,  the drive shaft was still engaged spinning unconnected from the pump. Causing the drive shaft to whip uncontrolled,  then causing the u-joint adapter to break.  This all occurred in a bunker. No associate was in the line of fire. Property damage investigation is ongoing.",,2 - Minor,Damage - Financial impact,,0.0606060606060606,4.0,66.0,"[{""entity_type"": ""LOCATION"", ""value"": ""Stephenville Manufacturing"", ""relation"": ""OCCURRED_AT""}, {""entity_type"": ""LOCATION"", ""value"": ""Stephenville"", ""relation"": ""OCCURRED_AT""}, {""entity_type"": ""LOCATION"", ""value"": ""USA"", ""relation"": ""OCCURRED_AT""}, {""entity_type"": ""LOCATION"", ""value"": ""North America"", ""relation"": ""OCCURRED_AT""}, {""entity_type"": ""ORGANIZATION"", ""value"": ""TECHNIPFMC"", ""relation"": ""REPORTED_BY""}, {""entity_type"": ""EQUIPMENT"", ""value"": ""M1324 150-2589"", ""relation"": ""INVOLVED""}, {""entity_type"": ""LOCATION"", ""value"": ""bunker"", ""relation"": ""OCCURRED_AT""}]"
713559,high_causal_any,"While pouring concrete for Pump Foundation 045P0003B, formwork got failed due to anchor bolt broken in bottom side. Suddenly spillage of concrete starts, immediately pouring stopped and concrete spill cleaned from the area.",Basic Organizational - Inadequate Supervision,Environment - 2. Limited Impact,Environment,Construction - Installation,0.0606060606060606,2.0,33.0,"[{""entity_type"": ""LOCATION"", ""value"": ""Bahrain"", ""relation"": ""OCCURRED_AT""}, {""entity_type"": ""LOCATION"", ""value"": ""Middle East"", ""relation"": ""OCCURRED_AT""}, {""entity_type"": ""ORGANIZATION"", ""value"": ""THE BAHRAIN PETROLEUM COMPANY BSC"", ""relation"": ""REPORTED_BY""}, {""entity_type"": ""ROOT_CAUSE_CATEGORY"", ""value"": ""Inadequate Supervision"", ""relation"": ""CATEGORIZED_AS""}, {""entity_type"": ""EQUIPMENT"", ""value"": ""Pump Foundation 045P0003B"", ""relation"": ""INVOLVED""}, {""entity_type"": ""EQUIPMENT"", ""value"": ""formwork"", ""relation"": ""INVOLVED""}]"
658569,high_causal_any,"Team of civil helpers were carrying framed generator section of concrete vibrator over scaffold access. When descending the stairs, the engine mount bolt failed causing the engine to shift, a workers finger was caught between frame and engine resulting in finger injury. First aid applied and hospital utilized for treatment.",Ergonomics - Manual handling,Injury - 1. First Aid Care,Injury,,0.06,3.0,50.0,"[{""entity_type"": ""LOCATION"", ""value"": ""Bahrain"", ""relation"": ""OCCURRED_AT""}, {""entity_type"": ""LOCATION"", ""value"": ""Middle East"", ""relation"": ""OCCURRED_AT""}, {""entity_type"": ""ORGANIZATION"", ""value"": ""THE BAHRAIN PETROLEUM COMPANY BSC"", ""relation"": ""REPORTED_BY""}, {""entity_type"": ""ROOT_CAUSE_CATEGORY"", ""value"": ""Manual handling"", ""relation"": ""CATEGORIZED_AS""}, {""entity_type"": ""ORGANIZATION"", ""value"": ""Team of civil helpers"", ""relation"": ""REPORTED_BY""}, {""entity_type"": ""LOCATION"", ""value"": ""scaffolding access"", ""relation"": ""OCCURRED_AT""}, {""entity_type"": ""LOCATION"", ""value"": ""stairs"", ""relation"": ""OCCURRED_AT""}, {""entity_type"": ""EQUIPMENT"", ""value"": ""engine"", ""relation"": ""INVOLVED""}, {""entity_type"": ""BODY_PART"", ""value"": ""workers finger"", ""relation"": ""AFFECTED""}, {""entity_type"": ""BODY_PART"", ""value"": ""finger"", ""relation"": ""AFFECTED""}]"
508719,high_causal_any,Swollen finger due to pregnancy. Rings on ring finger causing restriction to blood flow. Ice packs administered to take swelling down. Advised to consult GP. Referred to hospital where the rings were cut off.,,Injury - 2. Medical Treatment Injury / Restricted Work Case / Loss of Consciousness,Injury,Support Service,0.0588235294117647,2.0,34.0,"[{""entity_type"": ""LOCATION"", ""value"": ""Westhill Office"", ""relation"": ""OCCURRED_AT""}, {""entity_type"": ""LOCATION"", ""value"": ""Westhill"", ""relation"": ""OCCURRED_AT""}, {""entity_type"": ""LOCATION"", ""value"": ""UK"", ""relation"": ""OCCURRED_AT""}, {""entity_type"": ""LOCATION"", ""value"": ""Europe"", ""relation"": ""OCCURRED_AT""}, {""entity_type"": ""BODY_PART"", ""value"": ""finger"", ""relation"": ""AFFECTED""}, {""entity_type"": ""EQUIPMENT"", ""value"": ""ice pack"", ""relation"": ""INVOLVED""}, {""entity_type"": ""LOCATION"", ""value"": ""hospital"", ""relation"": ""OCCURRED_AT""}]"
675782,high_causal_any,One of the jumping compactor (Plant ID. PT05065) were tipped over due to mechanical failure as a result an oil overflow and subsequent smoke release. No one injured and there is no property damage.,Mechanical - Equipment condition,Financial Impact - 2. Minor impact on entity/asset figures,Financial Impact,Construction - Installation,0.0588235294117647,2.0,34.0,"[{""entity_type"": ""LOCATION"", ""value"": ""Bahrain"", ""relation"": ""OCCURRED_AT""}, {""entity_type"": ""LOCATION"", ""value"": ""Middle East"", ""relation"": ""OCCURRED_AT""}, {""entity_type"": ""ORGANIZATION"", ""value"": ""THE BAHRAIN PETROLEUM COMPANY BSC"", ""relation"": ""REPORTED_BY""}, {""entity_type"": ""ROOT_CAUSE_CATEGORY"", ""value"": ""Equipment condition"", ""relation"": ""CATEGORIZED_AS""}, {""entity_type"": ""EQUIPMENT"", ""value"": ""jumping compactor"", ""relation"": ""INVOLVED""}, {""entity_type"": ""ORGANIZATION"", ""value"": ""Plant ID. PT05065"", ""relation"": ""REPORTED_BY""}, {""entity_type"": ""INJURY_TYPE"", ""value"": ""mechanical failure"", ""relation"": ""RESULTED_IN""}, {""entity_type"": ""INJURY_TYPE"", ""value"": ""oil overflow"", ""relation"": ""RESULTED_IN""}, {""entity_type"": ""INJURY_TYPE"", ""value"": ""No one injured"", ""relation"": ""RESULTED_IN""}]"
9521,replacement,Observed crane maintenance team performed loading the dead weight blocks on the truck after load test and the truck operator was found standing on the truck close to the suspended load. Intervened and informed the driver to come out of the truck. Stop work authority issued.,,,,,,,46.0,"[{""entity_type"": ""LOCATION"", ""value"": ""Abu Dhabi Service Base"", ""relation"": ""OCCURRED_AT""}, {""entity_type"": ""LOCATION"", ""value"": ""Abu Dhabi"", ""relation"": ""OCCURRED_AT""}, {""entity_type"": ""LOCATION"", ""value"": ""UAE"", ""relation"": ""OCCURRED_AT""}, {""entity_type"": ""LOCATION"", ""value"": ""Middle East"", ""relation"": ""OCCURRED_AT""}, {""entity_type"": ""ORGANIZATION"", ""value"": ""TECHNIPFMC"", ""relation"": ""REPORTED_BY""}, {""entity_type"": ""ROOT_CAUSE_CATEGORY"", ""value"": ""Inadequate Supervision"", ""relation"": ""CATEGORIZED_AS""}, {""entity_type"": ""ORGANIZATION"", ""value"": ""crane maintenance team"", ""relation"": ""REPORTED_BY""}, {""entity_type"": ""EQUIPMENT"", ""value"": ""truck"", ""relation"": ""INVOLVED""}]"
739812,replacement,Description/summary of Incident:_x000D_ While investigating the faulty operator’s seat of in the NOV 250 ton crane cab the left arm rest was lifted up for access while looking for the fault. The arm rest unexpectedly came down and contacted the Injured person on the left side of his head resulting in the left temporal area sustaining an minor abrasion. _x000D_ _x000D_ Current situation / Immediate actions: _x000D_ Consultation with vessel medic - Wound cleaning and dressing applied_x000D_ Follow up consultation to be completed_x000D_ _x000D_ Further Investigation:_x000D_ Further investigation has proven that the arm rest cannot be mechanically locked in this position and needs to be held back or tied back to prevent reoccurrence.,,,,,,,113.0,"[{""entity_type"": ""LOCATION"", ""value"": ""Skandi Vitoria"", ""relation"": ""OCCURRED_AT""}, {""entity_type"": ""LOCATION"", ""value"": ""Rio de Janeiro"", ""relation"": ""OCCURRED_AT""}, {""entity_type"": ""LOCATION"", ""value"": ""Brazil"", ""relation"": ""OCCURRED_AT""}, {""entity_type"": ""LOCATION"", ""value"": ""South America"", ""relation"": ""OCCURRED_AT""}, {""entity_type"": ""ORGANIZATION"", ""value"": ""TULLOW GHANA, LTD."", ""relation"": ""REPORTED_BY""}, {""entity_type"": ""ROOT_CAUSE_CATEGORY"", ""value"": ""Difficult/Hindered operability of tools and equipment"", ""relation"": ""CATEGORIZED_AS""}, {""entity_type"": ""EQUIPMENT"", ""value"": ""left arm rest"", ""relation"": ""INVOLVED""}, {""entity_type"": ""BODY_PART"", ""value"": ""left side of his head"", ""relation"": ""AFFECTED""}, {""entity_type"": ""BODY_PART"", ""value"": ""left temporal area"", ""relation"": ""AFFECTED""}, {""entity_type"": ""EQUIPMENT"", ""value"": ""arm rest"", ""relation"": ""INVOLVED""}]"
663039,replacement,"2 off technicians assigned task of assembling and pressure testing a 10k spool as part of the refurbishment process. _x000D_ The process involves installation of test flanges and torqueing to specified figure to allow for safe testing. _x000D_ It was during the rig-down of the aforementioned that the incident occurred. The task was approximately 60% completed when the technicians came across a stud/nuts that were particularly tight. To clarify during the operation of untorquing, one technician operates the pump the other handles the wrench itself, moving from stud to stud once loosened. Verbal communication is vital during this operation. It was during the removal of the tight stud/nuts that the incident occurred, with technician sustaining cut to index finger on left hand from being trapped between reaction arm and nut. _x000D_ Job stopped immediately and technician taken to hospital for treatment.",,,,,,,141.0,"[{""entity_type"": ""LOCATION"", ""value"": ""Dyce Service Base"", ""relation"": ""OCCURRED_AT""}, {""entity_type"": ""LOCATION"", ""value"": ""Aberdeen"", ""relation"": ""OCCURRED_AT""}, {""entity_type"": ""LOCATION"", ""value"": ""UK"", ""relation"": ""OCCURRED_AT""}, {""entity_type"": ""LOCATION"", ""value"": ""Europe"", ""relation"": ""OCCURRED_AT""}, {""entity_type"": ""ORGANIZATION"", ""value"": ""TECHNIPFMC"", ""relation"": ""REPORTED_BY""}, {""entity_type"": ""ROOT_CAUSE_CATEGORY"", ""value"": ""Standard Operating Procedures, Procedures & Work instructions"", ""relation"": ""CATEGORIZED_AS""}, {""entity_type"": ""INJURY_TYPE"", ""value"": ""cut"", ""relation"": ""RESULTED_IN""}, {""entity_type"": ""BODY_PART"", ""value"": ""finger"", ""relation"": ""AFFECTED""}, {""entity_type"": ""BODY_PART"", ""value"": ""left hand"", ""relation"": ""AFFECTED""}, {""entity_type"": ""LOCATION"", ""value"": ""hospital"", ""relation"": ""OCCURRED_AT""}]"
9701,replacement,"While changing the s-seals on the TRT, the IP penetrated through his gloves and into his thumb with a pick that he was using to remove a seal.    The IP advised his supervisor the following morning of the incident (no first aid required), and his supervisor requested that the IP inform the client rep and the medic on board for documentation purposes only.",,,,,,,63.0,"[{""entity_type"": ""LOCATION"", ""value"": ""Gremp Campus (Generation Park)"", ""relation"": ""OCCURRED_AT""}, {""entity_type"": ""LOCATION"", ""value"": ""Houston"", ""relation"": ""OCCURRED_AT""}, {""entity_type"": ""LOCATION"", ""value"": ""USA"", ""relation"": ""OCCURRED_AT""}, {""entity_type"": ""LOCATION"", ""value"": ""North America"", ""relation"": ""OCCURRED_AT""}, {""entity_type"": ""ORGANIZATION"", ""value"": ""SHELL OFFSHORE INC."", ""relation"": ""REPORTED_BY""}, {""entity_type"": ""EQUIPMENT"", ""value"": ""gloves"", ""relation"": ""INVOLVED""}, {""entity_type"": ""BODY_PART"", ""value"": ""thumb"", ""relation"": ""AFFECTED""}, {""entity_type"": ""EQUIPMENT"", ""value"": ""pick"", ""relation"": ""INVOLVED""}]"
20278,replacement,At 13:04hrs Thursday 4th April ROV UHD 17 was in the process of conduction dredging operations inside the 500m zone of the Judy platform when one the ROV pilots noted a compensator alarm indicating an oil leak on the vehicle. The team reported this immediately to the Bridge and relevant personnel before gaining permission to recover the ROV back to deck to allow inspection and identify the source of the leak. It has been estimated that an approx. volume of 50ml was lost to the sea from a loose fitting on the ROV’s hydraulic shackle.   UHD 17 was recovered to deck and was inspected by the ROV pilot techs and ROV Superintendent. The source of the leak was identified allowing a decision to be made to remove the ROV hydraulic shackle from the vehicle as it was not required during this phase of operation. (Note - The Hyd ROV shackle use used for carrying equipment etc on the vehicle). UHD 17 was redeployed at 13:31 hrs,,,,,,,166.0,"[{""entity_type"": ""LOCATION"", ""value"": ""Deep Arctic"", ""relation"": ""OCCURRED_AT""}, {""entity_type"": ""LOCATION"", ""value"": ""Aberdeen"", ""relation"": ""OCCURRED_AT""}, {""entity_type"": ""LOCATION"", ""value"": ""UK"", ""relation"": ""OCCURRED_AT""}, {""entity_type"": ""LOCATION"", ""value"": ""Europe"", ""relation"": ""OCCURRED_AT""}, {""entity_type"": ""ORGANIZATION"", ""value"": ""N/A - No Vendor"", ""relation"": ""REPORTED_BY""}, {""entity_type"": ""ROOT_CAUSE_CATEGORY"", ""value"": ""Unprotected/unguarded moving machine parts (struck by/caught by)"", ""relation"": ""CATEGORIZED_AS""}, {""entity_type"": ""LOCATION"", ""value"": ""Judy Platform"", ""relation"": ""OCCURRED_AT""}, {""entity_type"": ""ORGANIZATION"", ""value"": ""Bridge"", ""relation"": ""REPORTED_BY""}, {""entity_type"": ""LOCATION"", ""value"": ""deck"", ""relation"": ""OCCURRED_AT""}, {""entity_type"": ""EQUIPMENT"", ""value"": ""hydraulic shackle"", ""relation"": ""INVOLVED""}]"
9716,replacement,"During a planned test of lifting capacity at the quayside with the front-end loader, the lift arm and sling was not in correct position to lift the stalk end which meant that the back end of the FEL tilted. The driver immediately aborted the test and safely put the pipe down. This test was performed to check lifting capacity as the end of the stalk was to be spooled onboard Deep Energy, and there was no crane support on primary side near the vessel. The spooling supervisor stopped the operation and called in a more experienced supervisor to confer on what to do. This supervisor came to the quayside, and the sling and lifting arm was in correct position for the last part of the spooling to commence safely.",,,,,,,129.0,"[{""entity_type"": ""LOCATION"", ""value"": ""Orkanger Spoolbase"", ""relation"": ""OCCURRED_AT""}, {""entity_type"": ""LOCATION"", ""value"": ""Orkanger"", ""relation"": ""OCCURRED_AT""}, {""entity_type"": ""LOCATION"", ""value"": ""Norway"", ""relation"": ""OCCURRED_AT""}, {""entity_type"": ""LOCATION"", ""value"": ""Europe"", ""relation"": ""OCCURRED_AT""}, {""entity_type"": ""ORGANIZATION"", ""value"": ""MARDAHL INDUSTRI AS"", ""relation"": ""REPORTED_BY""}, {""entity_type"": ""ROOT_CAUSE_CATEGORY"", ""value"": ""Standard Operating Procedures, Procedures & Work instructions"", ""relation"": ""CATEGORIZED_AS""}, {""entity_type"": ""LOCATION"", ""value"": ""quayside"", ""relation"": ""OCCURRED_AT""}, {""entity_type"": ""EQUIPMENT"", ""value"": ""Front-end loader"", ""relation"": ""INVOLVED""}, {""entity_type"": ""EQUIPMENT"", ""value"": ""lift arm and sling"", ""relation"": ""INVOLVED""}, {""entity_type"": ""LOCATION"", ""value"": ""Deep Energy"", ""relation"": ""OCCURRED_AT""}, {""entity_type"": ""LOCATION"", ""value"": ""primary side"", ""relation"": ""OCCURRED_AT""}, {""entity_type"": ""EQUIPMENT"", ""value"": ""sling and lifting arm"", ""relation"": ""INVOLVED""}]"
10959,replacement,"One FST used a pneumatic wire brush to clean the CHS bowl in preparation for installing the casing slip hanger. During operation, the Rotary brush detached from the machine. There was no damage to the FST or the apparatus when the brush fell into the CHS bowl. There was no other employees in the area, and FST was wearing the face shield and all necessary PPE.  Why did it happen? Reason – The Machine was used continuedly,  Was not checked the condition  What needs to be done differently? when using such rotating equipment, the condition of the tool should be periodically examined and confirmed.",,,,,,,104.0,"[{""entity_type"": ""LOCATION"", ""value"": ""Abu Dhabi Service Base"", ""relation"": ""OCCURRED_AT""}, {""entity_type"": ""LOCATION"", ""value"": ""Abu Dhabi"", ""relation"": ""OCCURRED_AT""}, {""entity_type"": ""LOCATION"", ""value"": ""UAE"", ""relation"": ""OCCURRED_AT""}, {""entity_type"": ""LOCATION"", ""value"": ""Middle East"", ""relation"": ""OCCURRED_AT""}, {""entity_type"": ""ORGANIZATION"", ""value"": ""TECHNIPFMC"", ""relation"": ""REPORTED_BY""}, {""entity_type"": ""ORGANIZATION"", ""value"": ""FST"", ""relation"": ""REPORTED_BY""}, {""entity_type"": ""EQUIPMENT"", ""value"": ""pneumatic wire brush"", ""relation"": ""INVOLVED""}, {""entity_type"": ""EQUIPMENT"", ""value"": ""machine"", ""relation"": ""INVOLVED""}]"
560863,replacement,"Op at the end of the day realizes me and explains me that during the afternoon, he felt a right knee pain by descending from the car._x000D_ Op explains me that since the week's debut he felt a slight knee pain and that AM, he heard a declic at the drop from the car at the moment or he put his foot to the ground._x000D_ Op moves hard.",,,,,,,68.0,"[{""entity_type"": ""LOCATION"", ""value"": ""Flexi France"", ""relation"": ""OCCURRED_AT""}, {""entity_type"": ""LOCATION"", ""value"": ""Le Trait"", ""relation"": ""OCCURRED_AT""}, {""entity_type"": ""LOCATION"", ""value"": ""France"", ""relation"": ""OCCURRED_AT""}, {""entity_type"": ""LOCATION"", ""value"": ""Europe"", ""relation"": ""OCCURRED_AT""}, {""entity_type"": ""ORGANIZATION"", ""value"": ""FLEXI FRANCE"", ""relation"": ""REPORTED_BY""}, {""entity_type"": ""ROOT_CAUSE_CATEGORY"", ""value"": ""Posture (constraint or restricted environment)"", ""relation"": ""CATEGORIZED_AS""}, {""entity_type"": ""BODY_PART"", ""value"": ""Knee"", ""relation"": ""AFFECTED""}, {""entity_type"": ""LOCATION"", ""value"": ""car"", ""relation"": ""OCCURRED_AT""}]"
30357,replacement,"On?Tuesday, 05 August 2025, at approximately?15:10, the?TFMC HSES representative?was notified by the?Base I Security Team?regarding a vehicle incident. A?TFMC Hyundai vehicle?(license plate?LD-93-78-HS) collided with a?SONILS truck?while reversing in the parking area near the compressor. The SONILS truck was refueling at the time of the incident.",,,,,,,45.0,"[{""entity_type"": ""LOCATION"", ""value"": ""Luanda Service Base"", ""relation"": ""OCCURRED_AT""}, {""entity_type"": ""LOCATION"", ""value"": ""Luanda"", ""relation"": ""OCCURRED_AT""}, {""entity_type"": ""LOCATION"", ""value"": ""Angola"", ""relation"": ""OCCURRED_AT""}, {""entity_type"": ""LOCATION"", ""value"": ""Africa"", ""relation"": ""OCCURRED_AT""}, {""entity_type"": ""ORGANIZATION"", ""value"": ""TECHNIPFMC ANGOLA LIMITADA"", ""relation"": ""REPORTED_BY""}, {""entity_type"": ""ROOT_CAUSE_CATEGORY"", ""value"": ""Hazard Identification & Risk Assessment"", ""relation"": ""CATEGORIZED_AS""}, {""entity_type"": ""ORGANIZATION"", ""value"": ""TECHNIPFMC"", ""relation"": ""REPORTED_BY""}, {""entity_type"": ""ORGANIZATION"", ""value"": ""Base I Security Team"", ""relation"": ""REPORTED_BY""}, {""entity_type"": ""ORGANIZATION"", ""value"": ""SONILS"", ""relation"": ""REPORTED_BY""}, {""entity_type"": ""EQUIPMENT"", ""value"": ""compressor"", ""relation"": ""INVOLVED""}]"
622808,replacement,"While moving a pallet containing three fluid barrels from the fluid storage area to high bay via forklift, the driver struck a pothole causing two of the three barrels to fall off of the pallet.  The fluid barrels were secured to the pallet using cord strap but the strap came loose from the impact and slid off of the rounded edge of the barrel.",,,,,,,64.0,"[{""entity_type"": ""LOCATION"", ""value"": ""Gears Manufacturing"", ""relation"": ""OCCURRED_AT""}, {""entity_type"": ""LOCATION"", ""value"": ""Houston"", ""relation"": ""OCCURRED_AT""}, {""entity_type"": ""LOCATION"", ""value"": ""USA"", ""relation"": ""OCCURRED_AT""}, {""entity_type"": ""LOCATION"", ""value"": ""North America"", ""relation"": ""OCCURRED_AT""}, {""entity_type"": ""ORGANIZATION"", ""value"": ""TECHNIPFMC"", ""relation"": ""REPORTED_BY""}, {""entity_type"": ""ROOT_CAUSE_CATEGORY"", ""value"": ""Motor Vehicle Worksite Accident"", ""relation"": ""CATEGORIZED_AS""}, {""entity_type"": ""LOCATION"", ""value"": ""fluid storage area"", ""relation"": ""OCCURRED_AT""}, {""entity_type"": ""LOCATION"", ""value"": ""High Bay"", ""relation"": ""OCCURRED_AT""}, {""entity_type"": ""EQUIPMENT"", ""value"": ""forklift"", ""relation"": ""INVOLVED""}, {""entity_type"": ""LOCATION"", ""value"": ""pot hole"", ""relation"": ""OCCURRED_AT""}]"
23607,replacement,An operator was moving a portable Flushing Rig but failed to disconnect all the cables. The remaining cable was connected to the 400v power supply. The movement caused the casing to become damaged. An Agility was raised. Maintenance barriered the supply off. Facilities will lock off using LOTO.,,,,,,,48.0,"[{""entity_type"": ""LOCATION"", ""value"": ""Dunfermline Manufacturing"", ""relation"": ""OCCURRED_AT""}, {""entity_type"": ""LOCATION"", ""value"": ""Dunfermline"", ""relation"": ""OCCURRED_AT""}, {""entity_type"": ""LOCATION"", ""value"": ""UK"", ""relation"": ""OCCURRED_AT""}, {""entity_type"": ""LOCATION"", ""value"": ""Europe"", ""relation"": ""OCCURRED_AT""}, {""entity_type"": ""ORGANIZATION"", ""value"": ""FMC TECHNOLOGIES LIMITED DUNFERMLINE"", ""relation"": ""REPORTED_BY""}, {""entity_type"": ""EQUIPMENT"", ""value"": ""portable Flushing Rig"", ""relation"": ""INVOLVED""}, {""entity_type"": ""ORGANIZATION"", ""value"": ""Facilities"", ""relation"": ""REPORTED_BY""}]"
364,replacement,IP offshore went to the rig medic with eye irritation. Medic flushed eye and provided OTC pain medication.  *update 2/22/2022 IP reported significant improvement.,,,,,,,24.0,"[{""entity_type"": ""LOCATION"", ""value"": ""Gremp Campus (Generation Park)"", ""relation"": ""OCCURRED_AT""}, {""entity_type"": ""LOCATION"", ""value"": ""Houston"", ""relation"": ""OCCURRED_AT""}, {""entity_type"": ""LOCATION"", ""value"": ""USA"", ""relation"": ""OCCURRED_AT""}, {""entity_type"": ""LOCATION"", ""value"": ""North America"", ""relation"": ""OCCURRED_AT""}, {""entity_type"": ""ORGANIZATION"", ""value"": ""SHELL OFFSHORE INC."", ""relation"": ""REPORTED_BY""}, {""entity_type"": ""ROOT_CAUSE_CATEGORY"", ""value"": ""Biological - Animals, Bacteria, Viruses and Funguses"", ""relation"": ""CATEGORIZED_AS""}, {""entity_type"": ""ORGANIZATION"", ""value"": ""IP"", ""relation"": ""REPORTED_BY""}, {""entity_type"": ""EQUIPMENT"", ""value"": ""rig"", ""relation"": ""INVOLVED""}, {""entity_type"": ""BODY_PART"", ""value"": ""eye"", ""relation"": ""AFFECTED""}]"
7499,replacement,"During the material release activity, the collaborator was carrying out the cutting of the lacking fits of a pallet, after the activity, the same was pulling the fits to discharge. At this time, one of them came to reach the collaborator's right front, causing a cutting at the height of the coat. The collaborator went to the medical ambulatory, where he received first aid care and was released to return to the area.Note:The collaborator was using Kevlar gloves indicated in the IPAR of the activity;",,,,,,,85.0,"[{""entity_type"": ""LOCATION"", ""value"": ""Acu"", ""relation"": ""OCCURRED_AT""}, {""entity_type"": ""LOCATION"", ""value"": ""Brazil"", ""relation"": ""OCCURRED_AT""}, {""entity_type"": ""LOCATION"", ""value"": ""South America"", ""relation"": ""OCCURRED_AT""}, {""entity_type"": ""ORGANIZATION"", ""value"": ""TECHNIPFMC"", ""relation"": ""REPORTED_BY""}, {""entity_type"": ""ROOT_CAUSE_CATEGORY"", ""value"": ""Uncontrolled moving objects/ parts (struck by other than machine parts and dropped objects)"", ""relation"": ""CATEGORIZED_AS""}, {""entity_type"": ""BODY_PART"", ""value"": ""front"", ""relation"": ""AFFECTED""}, {""entity_type"": ""LOCATION"", ""value"": ""medical ambulatory"", ""relation"": ""OCCURRED_AT""}, {""entity_type"": ""EQUIPMENT"", ""value"": ""Kevlar gloves"", ""relation"": ""INVOLVED""}]"
544858,replacement,"On July 11th, 2017 at approx. 1700 the Sea Hunter light diving craft was being moored at position 4S alongside the Sea Rose FPSO. The detector FRC was assisting with the operation. The bow line had already been attached and the FRC was assisting with the connection of the 2 stern lines. The FRC crew had attached the first stern line to the FPSO festoon line and were in the process of transferring the loose end to the deck personnel on the LDC. The loose end was handed to the LDC crew on the starboard aft of the LDC then whilst the LDC crew were in the process of transferring it to the port aft bollard the FRC crew threw the excess slack into the water. The LDC deck crew came up quickly on the rope but not in time to prevent the bite getting sucked into the starboard jet drive intake._x000D_ At this point the starboard engine stalled out. The LDC crew pulled up as much of the slack rope that they could and secured it to the aft railing. The LDC crew completed disconnection of the bow line and then proceeded to returned to the Maersk Detector for recovery back onboard._x000D_ When the LDC was approx. 50M from the Detector it would appear that the tail end of the rope that was sucked into the starboard jet drive became caught in the port jet drive and was pulled clear of the starboard side. The starboard engine was restarted and was the primary means of propulsion for recovering the LDC back to the Detector.",,,,,,,265.0,"[{""entity_type"": ""LOCATION"", ""value"": ""Kelsey Drive Building"", ""relation"": ""OCCURRED_AT""}, {""entity_type"": ""LOCATION"", ""value"": ""St. John's"", ""relation"": ""OCCURRED_AT""}, {""entity_type"": ""LOCATION"", ""value"": ""Canada"", ""relation"": ""OCCURRED_AT""}, {""entity_type"": ""LOCATION"", ""value"": ""North America"", ""relation"": ""OCCURRED_AT""}, {""entity_type"": ""ORGANIZATION"", ""value"": ""HUSKY ENERGY (EAST COAST OPERATIONS)"", ""relation"": ""REPORTED_BY""}, {""entity_type"": ""ROOT_CAUSE_CATEGORY"", ""value"": ""SIMOPS (coordination with 3rd Parties)"", ""relation"": ""CATEGORIZED_AS""}, {""entity_type"": ""ORGANIZATION"", ""value"": ""Sea Hunter"", ""relation"": ""REPORTED_BY""}, {""entity_type"": ""LOCATION"", ""value"": ""position 4S"", ""relation"": ""OCCURRED_AT""}, {""entity_type"": ""ORGANIZATION"", ""value"": ""FRC"", ""relation"": ""REPORTED_BY""}]"
645371,replacement,As the material handler was moving the crate into the S07 delivery lane he noticed the lane had 2 lifts in it and no room for material being dropped off. He asked person in charge of the area where to place the crate and was told to place in S05 for the time being. While trying to position the crate long ways as close as possible to S07 lane. As he was maneuvering the crate he tilted slightly back causing the tips of the forks to raise up lifting one side of the crate causing the crate to flip on its side. material did not fall onto concrete floor but did partially roll out of the crate and onto the lid of the crate causing no damage to the part.,,,,,,,130.0,"[{""entity_type"": ""LOCATION"", ""value"": ""Gremp Campus (Generation Park)"", ""relation"": ""OCCURRED_AT""}, {""entity_type"": ""LOCATION"", ""value"": ""Houston"", ""relation"": ""OCCURRED_AT""}, {""entity_type"": ""LOCATION"", ""value"": ""USA"", ""relation"": ""OCCURRED_AT""}, {""entity_type"": ""LOCATION"", ""value"": ""North America"", ""relation"": ""OCCURRED_AT""}, {""entity_type"": ""ORGANIZATION"", ""value"": ""TECHNIPFMC"", ""relation"": ""REPORTED_BY""}, {""entity_type"": ""ROOT_CAUSE_CATEGORY"", ""value"": ""Uncontrolled moving objects/ parts (struck by other than machine parts and dropped objects)"", ""relation"": ""CATEGORIZED_AS""}, {""entity_type"": ""LOCATION"", ""value"": ""S07 delivery lane"", ""relation"": ""OCCURRED_AT""}, {""entity_type"": ""LOCATION"", ""value"": ""S05"", ""relation"": ""OCCURRED_AT""}, {""entity_type"": ""LOCATION"", ""value"": ""S07"", ""relation"": ""OCCURRED_AT""}, {""entity_type"": ""EQUIPMENT"", ""value"": ""forks"", ""relation"": ""INVOLVED""}]"
599277,replacement,"ACC Wheel Loader (Plate No.: 74461, Driver: Usman Ghani) hit with other subcontractor (Albana) 3 Ton Pickup (Plate No. 43447, Driver: Muhammad Pervaiz) while reversing the wheel Loader and damaged the left headlight of the pickup when pickup was parked on the Road 4 behind the Wheel loader._x000D_ It was found during investigation that flagman was available with the wheel loader to assist the maneuvering of heavy equipment in the area but he was far behind from the equipment & the operator could not be guided from that distance.",,,,,,,89.0,"[{""entity_type"": ""LOCATION"", ""value"": ""Dubai Service Base"", ""relation"": ""OCCURRED_AT""}, {""entity_type"": ""LOCATION"", ""value"": ""Dubai"", ""relation"": ""OCCURRED_AT""}, {""entity_type"": ""LOCATION"", ""value"": ""UAE"", ""relation"": ""OCCURRED_AT""}, {""entity_type"": ""LOCATION"", ""value"": ""Middle East"", ""relation"": ""OCCURRED_AT""}, {""entity_type"": ""ORGANIZATION"", ""value"": ""ENOC PROCESSING COMPANY L.L.C (EPCL)"", ""relation"": ""REPORTED_BY""}, {""entity_type"": ""ROOT_CAUSE_CATEGORY"", ""value"": ""Hazard Identification & Risk Assessment"", ""relation"": ""CATEGORIZED_AS""}, {""entity_type"": ""EQUIPMENT"", ""value"": ""ACC Wheel Loader"", ""relation"": ""INVOLVED""}, {""entity_type"": ""ORGANIZATION"", ""value"": ""Albana"", ""relation"": ""REPORTED_BY""}, {""entity_type"": ""EQUIPMENT"", ""value"": ""3 Ton Pickup"", ""relation"": ""INVOLVED""}, {""entity_type"": ""LOCATION"", ""value"": ""Road 4"", ""relation"": ""OCCURRED_AT""}, {""entity_type"": ""EQUIPMENT"", ""value"": ""wheel loader"", ""relation"": ""INVOLVED""}]"
701215,replacement,"On Wednesday 09th of December 2020, a trailer stacked with steel beams arrived at Site from vendor’s yard to download the material in Area D1. The trailer entered the site from gate 2 with a very poor stacking technique, with no side stoppers and the belt of the tie-down ratchet had knots in it. _x000D_ At 10:00 hrs. (approx.), the driver started to release the tie-down ratchet holding the unstable steel beams to the trailer from the left side, at a certain point, the remaining belts couldn’t bear the force generated by the unstable load and got cut causing the fall of almost all steel beams from the trailer to the ground on the right side of the trailer , luckily nobody got injured.",,,,,,,124.0,"[{""entity_type"": ""LOCATION"", ""value"": ""Heliopolis Facility"", ""relation"": ""OCCURRED_AT""}, {""entity_type"": ""LOCATION"", ""value"": ""Heliopolis"", ""relation"": ""OCCURRED_AT""}, {""entity_type"": ""LOCATION"", ""value"": ""Egypt"", ""relation"": ""OCCURRED_AT""}, {""entity_type"": ""LOCATION"", ""value"": ""Africa"", ""relation"": ""OCCURRED_AT""}, {""entity_type"": ""ORGANIZATION"", ""value"": ""MIDDLE EAST OIL REFINERY (MIDOR)"", ""relation"": ""REPORTED_BY""}, {""entity_type"": ""ROOT_CAUSE_CATEGORY"", ""value"": ""Stored energy (dropped objects)"", ""relation"": ""CATEGORIZED_AS""}, {""entity_type"": ""LOCATION"", ""value"": ""Site"", ""relation"": ""OCCURRED_AT""}, {""entity_type"": ""LOCATION"", ""value"": ""Area 1"", ""relation"": ""OCCURRED_AT""}, {""entity_type"": ""LOCATION"", ""value"": ""Gate 2"", ""relation"": ""OCCURRED_AT""}, {""entity_type"": ""EQUIPMENT"", ""value"": ""tie-down ratchet"", ""relation"": ""INVOLVED""}]"
29101,replacement,"An operator was walking up the steps to the platform of his machine. The mat on the deck had shifted and was hanging off the edge of the platform. The operator caught his boot on the mat as he stepped up onto the deck causing him to misstep as he reached the top of the platform. The operator regained his balance, adjusted the mat back into place, and reported the event.",,,,,,,71.0,"[{""entity_type"": ""LOCATION"", ""value"": ""Stephenville Manufacturing"", ""relation"": ""OCCURRED_AT""}, {""entity_type"": ""LOCATION"", ""value"": ""Stephenville"", ""relation"": ""OCCURRED_AT""}, {""entity_type"": ""LOCATION"", ""value"": ""USA"", ""relation"": ""OCCURRED_AT""}, {""entity_type"": ""LOCATION"", ""value"": ""North America"", ""relation"": ""OCCURRED_AT""}, {""entity_type"": ""ORGANIZATION"", ""value"": ""TECHNIPFMC"", ""relation"": ""REPORTED_BY""}, {""entity_type"": ""ROOT_CAUSE_CATEGORY"", ""value"": ""Access/Egress"", ""relation"": ""CATEGORIZED_AS""}, {""entity_type"": ""LOCATION"", ""value"": ""platform"", ""relation"": ""OCCURRED_AT""}, {""entity_type"": ""EQUIPMENT"", ""value"": ""MAT"", ""relation"": ""INVOLVED""}, {""entity_type"": ""LOCATION"", ""value"": ""deck"", ""relation"": ""OCCURRED_AT""}]"
672947,replacement,"On 02.03.2020, Castoro 6 was in standby due to weather condition._x000D_ At 22:35 while entering the office, the IP, without holding the door handle and without paying attention to potential office door movements since was left free after opening, placed his right hand on the opening and the door returned to its position due to ship’s movement, pinching his right hand middle finger._x000D_ The IP visited the C6 clinic where he received the first aid treatment. After the medical examination, the doctor on-board diagnosed the IP with small hematoma of right hand middle figure and no fracture, allowing the IP to return to work._x000D_ The potential Pinch Point hazard of the door was already highlighted by pinch point sticker posted on the door frame.",,,,,,,124.0,"[{""entity_type"": ""LOCATION"", ""value"": ""Milan Offices"", ""relation"": ""OCCURRED_AT""}, {""entity_type"": ""LOCATION"", ""value"": ""Milan"", ""relation"": ""OCCURRED_AT""}, {""entity_type"": ""LOCATION"", ""value"": ""Italy"", ""relation"": ""OCCURRED_AT""}, {""entity_type"": ""LOCATION"", ""value"": ""Europe"", ""relation"": ""OCCURRED_AT""}, {""entity_type"": ""ORGANIZATION"", ""value"": ""TRANS ADRIATIC PIPELINE AG"", ""relation"": ""REPORTED_BY""}, {""entity_type"": ""ROOT_CAUSE_CATEGORY"", ""value"": ""Unfamiliar personnel"", ""relation"": ""CATEGORIZED_AS""}, {""entity_type"": ""ORGANIZATION"", ""value"": ""Castoro 6"", ""relation"": ""REPORTED_BY""}, {""entity_type"": ""LOCATION"", ""value"": ""office"", ""relation"": ""OCCURRED_AT""}, {""entity_type"": ""BODY_PART"", ""value"": ""left hand"", ""relation"": ""AFFECTED""}, {""entity_type"": ""BODY_PART"", ""value"": ""finger"", ""relation"": ""AFFECTED""}, {""entity_type"": ""ORGANIZATION"", ""value"": ""C6 clinic"", ""relation"": ""REPORTED_BY""}]"
539764,replacement,IP has suffered sprained on his left leg ankle. While going down from 1st floor using working platform IP misstep to conduit pipe and sprained his left ankle leg. Immediate actions: The IP has been send to CMF to receive first aid treatment and straight away send to hospital Kota Tinggi to X-Ray. No bone fractured or cracked can be found. The conduit pipe immediately been remove.,,,,,,,67.0,"[{""entity_type"": ""LOCATION"", ""value"": ""Pengerang"", ""relation"": ""OCCURRED_AT""}, {""entity_type"": ""LOCATION"", ""value"": ""Malaysia"", ""relation"": ""OCCURRED_AT""}, {""entity_type"": ""LOCATION"", ""value"": ""Asia Pacific"", ""relation"": ""OCCURRED_AT""}, {""entity_type"": ""ORGANIZATION"", ""value"": ""PETRONAS"", ""relation"": ""REPORTED_BY""}, {""entity_type"": ""ROOT_CAUSE_CATEGORY"", ""value"": ""Access/Egress"", ""relation"": ""CATEGORIZED_AS""}, {""entity_type"": ""BODY_PART"", ""value"": ""left leg"", ""relation"": ""AFFECTED""}, {""entity_type"": ""BODY_PART"", ""value"": ""ankle"", ""relation"": ""AFFECTED""}, {""entity_type"": ""LOCATION"", ""value"": ""1st floor"", ""relation"": ""OCCURRED_AT""}, {""entity_type"": ""EQUIPMENT"", ""value"": ""working platform"", ""relation"": ""INVOLVED""}, {""entity_type"": ""EQUIPMENT"", ""value"": ""conduit pipe"", ""relation"": ""INVOLVED""}, {""entity_type"": ""INJURY_TYPE"", ""value"": ""sprain"", ""relation"": ""RESULTED_IN""}, {""entity_type"": ""ORGANIZATION"", ""value"": ""CMF"", ""relation"": ""REPORTED_BY""}, {""entity_type"": ""ORGANIZATION"", ""value"": ""Hospital Kota Tinggi"", ""relation"": ""REPORTED_BY""}]"
21837,replacement,Near Miss - On Friday 5 April 2024 the TFMC Deep Orient was conducting works in preparation for the Griffin RTM toppling when the RTM toppled earlier than planned.  Further description within Incident Investigation.,,,,,,,34.0,"[{""entity_type"": ""LOCATION"", ""value"": ""Deep Orient"", ""relation"": ""OCCURRED_AT""}, {""entity_type"": ""LOCATION"", ""value"": ""Aberdeen"", ""relation"": ""OCCURRED_AT""}, {""entity_type"": ""LOCATION"", ""value"": ""UK"", ""relation"": ""OCCURRED_AT""}, {""entity_type"": ""LOCATION"", ""value"": ""Europe"", ""relation"": ""OCCURRED_AT""}, {""entity_type"": ""ORGANIZATION"", ""value"": ""WOODSIDE ENERGY LTD."", ""relation"": ""REPORTED_BY""}, {""entity_type"": ""ROOT_CAUSE_CATEGORY"", ""value"": ""Planning and coordination of works"", ""relation"": ""CATEGORIZED_AS""}, {""entity_type"": ""ORGANIZATION"", ""value"": ""TFMC Deep Orient"", ""relation"": ""REPORTED_BY""}]"
735821,replacement,At 14:05 the area supervisor gave a taks to rigger to begin rigging and installation of a steel structure. A sling with a damaged cover protector was used during the rigging and installation. The work was performed through PTW No.B631. The area supervisor was on the place while the work. No injuries.,,,,,,,52.0,"[{""entity_type"": ""LOCATION"", ""value"": ""Gydan Site"", ""relation"": ""OCCURRED_AT""}, {""entity_type"": ""LOCATION"", ""value"": ""Gydan"", ""relation"": ""OCCURRED_AT""}, {""entity_type"": ""LOCATION"", ""value"": ""Russia"", ""relation"": ""OCCURRED_AT""}, {""entity_type"": ""LOCATION"", ""value"": ""Asia Pacific"", ""relation"": ""OCCURRED_AT""}, {""entity_type"": ""ORGANIZATION"", ""value"": ""ARCTIC LNG 2"", ""relation"": ""REPORTED_BY""}, {""entity_type"": ""ROOT_CAUSE_CATEGORY"", ""value"": ""Equipment condition"", ""relation"": ""CATEGORIZED_AS""}, {""entity_type"": ""EQUIPMENT"", ""value"": ""sling"", ""relation"": ""INVOLVED""}, {""entity_type"": ""EQUIPMENT"", ""value"": ""damaged cover protector"", ""relation"": ""INVOLVED""}, {""entity_type"": ""ORGANIZATION"", ""value"": ""PTW No.B631"", ""relation"": ""REPORTED_BY""}, {""entity_type"": ""INJURY_TYPE"", ""value"": ""no injuries"", ""relation"": ""RESULTED_IN""}]"
584166,replacement,"on 27th of April around 10:16AM, one High Pressure hose burst. _x000D_ The hose was located on top of Octomar HP container (called HP Van) as shown on the picture attached in the report. _x000D_ The rupture of the hose was 50 mm behind crimped fitting. Hose had whip check fitted._x000D_ There was no personnel in the vicinity nor personnel injured resulting in a materiel damage (1off HP hose)_x000D_ _x000D_ Immediate Actions Taken:_x000D_  - Hose was disconnected, red tagged and taken out of service._x000D_  - Damaged hose replaced by new certified 220 Bar working pressure HP hose.",,,,,,,97.0,"[{""entity_type"": ""LOCATION"", ""value"": ""Angola"", ""relation"": ""OCCURRED_AT""}, {""entity_type"": ""LOCATION"", ""value"": ""Africa"", ""relation"": ""OCCURRED_AT""}, {""entity_type"": ""ORGANIZATION"", ""value"": ""TOTAL E&P ANGOLA BLOCK 32"", ""relation"": ""REPORTED_BY""}, {""entity_type"": ""ROOT_CAUSE_CATEGORY"", ""value"": ""Hazard Identification & Risk Assessment"", ""relation"": ""CATEGORIZED_AS""}, {""entity_type"": ""EQUIPMENT"", ""value"": ""hose"", ""relation"": ""INVOLVED""}, {""entity_type"": ""ORGANIZATION"", ""value"": ""Octomar"", ""relation"": ""REPORTED_BY""}, {""entity_type"": ""LOCATION"", ""value"": ""HP Van"", ""relation"": ""OCCURRED_AT""}, {""entity_type"": ""EQUIPMENT"", ""value"": ""HP hose"", ""relation"": ""INVOLVED""}]"
505222,replacement,"Two employees were staging the rigging and tool boxes for packing of the free end of Dorado, to the reel. The two personnel got into an argument over a difference of opinion. Employee #1 pushed employee #2 causing him to fall on to the concrete and scrape his hand and leg . Employee #2 received abrasions to his knee and right hand knuckle. Employee #2 received first aid by an employee and was sent to Concentra for further medical examination. IP was released back to work with no other signs of discomfort.",,,,,,,92.0,"[{""entity_type"": ""LOCATION"", ""value"": ""TU Inc"", ""relation"": ""OCCURRED_AT""}, {""entity_type"": ""LOCATION"", ""value"": ""Channelview"", ""relation"": ""OCCURRED_AT""}, {""entity_type"": ""LOCATION"", ""value"": ""USA"", ""relation"": ""OCCURRED_AT""}, {""entity_type"": ""LOCATION"", ""value"": ""North America"", ""relation"": ""OCCURRED_AT""}, {""entity_type"": ""ORGANIZATION"", ""value"": ""TECHNIPFMC UMBILICALS LTD"", ""relation"": ""REPORTED_BY""}, {""entity_type"": ""ROOT_CAUSE_CATEGORY"", ""value"": ""Psycho social - Inappropriate behaviour / horseplay / Aggression / violence (Fights/Riots etc. ...)"", ""relation"": ""CATEGORIZED_AS""}, {""entity_type"": ""EQUIPMENT"", ""value"": ""rigging"", ""relation"": ""INVOLVED""}, {""entity_type"": ""EQUIPMENT"", ""value"": ""toolbox"", ""relation"": ""INVOLVED""}, {""entity_type"": ""LOCATION"", ""value"": ""Dorado"", ""relation"": ""OCCURRED_AT""}, {""entity_type"": ""EQUIPMENT"", ""value"": ""reel"", ""relation"": ""INVOLVED""}, {""entity_type"": ""LOCATION"", ""value"": ""concrete"", ""relation"": ""OCCURRED_AT""}, {""entity_type"": ""BODY_PART"", ""value"": ""left leg"", ""relation"": ""AFFECTED""}, {""entity_type"": ""INJURY_TYPE"", ""value"": ""abrasion"", ""relation"": ""RESULTED_IN""}, {""entity_type"": ""BODY_PART"", ""value"": ""Knee"", ""relation"": ""AFFECTED""}, {""entity_type"": ""BODY_PART"", ""value"": ""right hand knuckle"", ""relation"": ""AFFECTED""}, {""entity_type"": ""ORGANIZATION"", ""value"": ""Concentra"", ""relation"": ""REPORTED_BY""}, {""entity_type"": ""ORGANIZATION"", ""value"": ""IP"", ""relation"": ""REPORTED_BY""}]"
12594,replacement,"Task leading up to the Incident: The Deep Stars pipelay and rigging teams were in the process of bringing the PLS towers A&R wire down through the tower to the work table so the second end rigging could be removed from the flexible jumper so the pulling head could be removed and the VCM connected.  Tarefa que antecedeu o Incidente: As equipes de pipelay e rigging do Deep Stars estavam no processo de trazer o cabo A&R das torres PLS através da torre até a mesa de trabalho para que a segunda extremidade do rigging pudesse ser removida do jumper flexível para que a cabe?a de tra??o pudesse ser removida e o VCM conectado  Description of incident:  During the operation to lower the A&R and remove the rigging from the second end oil was noted to be slowly dripping down the A&R's swivel and down the sides of the  400T shackles. The leak was noted to be coming from between the A&R swivel body and the A&R swivel bottom plate. The bladder inside the A&R swivel holds approximately 3 litres of  VG 150 gear oil of which approximately 0.5 of a litres had leaked out with an estimated 100ml of VG 150 oil dripping below onto the moonpool work table. No oil escaped through the moonpool and no oil was released to sea.  Descri??o do incidente: Durante a opera??o para abaixar o A&R e remover o cordame da segunda extremidade, observou-se que o óleo estava pingando lentamente no giro do A&R e nas laterais das manilhas 400T. Observou-se que o vazamento vinha entre o corpo giratório do A&R e a placa inferior giratória do A&R. A bexiga dentro do swivel A&R contém aproximadamente 3 litros de óleo de engrenagem VG 150, dos quais aproximadamente 0,5 litro vazou com cerca de 100 ml de óleo VG 150 pingando abaixo na mesa de trabalho do moonpool. Nenhum óleo escapou pelo moonpool e nenhum óleo foi lan?ado no mar.  Initial actions taken: ?	Deck Foreman secured A&R swivel and notified pipelay department. ?	SOCS, Project engineers, client and HSEA Informed. ?	Swivel, moonpool worktable and riggings cleaned of excess oil. ?	Pipelay initiated an Investigation into the source of the leak.  A??es iniciais tomadas: ? O supervisor do convés garantiu o giro do A&R e notificou o departamento de pipelay. ? SOCS, engenheiros de projeto, cliente e HSEA informados. ? Giro, mesa de trabalho moonpool e riggings limpos do excesso de óleo. ? Pipelay iniciou uma investiga??o sobre a origem do vazamento  Follow on actions: Due to the essential requirement of the A&R for continuing operations and after consultation between the Deep Star CPE (who also spoke with technical experts in le Trait), OCM and client it was decided to bleed the excess oil from the swivel bladder before continuing with subsea operations. Once recovered all inner parts will be re lubricated to protect against corrosion.  A??es seguidas: Devido ao requisito essencial do A&R para opera??es contínuas e após consulta entre o Deep Star CPE (que também falou com especialistas técnicos em le Trait), OCM e cliente, decidiram sangrar o excesso de óleo da bexiga giratória antes de continuar com as opera??es submarinas. Uma vez recuperados, todas as pe?as internas ser?o relubrificadas para prote??o contra corros?o.  Initial findings: It is thought that the O ring situated between the swivel body and plate has been damaged due to misalignment of the plate. removing the oil does not affect the integrity of the A&R swivel as the plate has no affect on load bearing. the new swivel was installed recently (November - waiting on exact date clarification) after being overhauled by a 3rd party company onshore. At no point during Installation on the A&R wire is the bottom plate removed or altered.  Descobertas iniciais: Acredita-se que o anel O situado entre o corpo giratório e a placa tenha sido danificado devido ao desalinhamento da placa. remover o óleo n?o afeta a integridade da articula??o do A&R, pois a placa n?o afeta o rolamento de carga. o novo swivel foi instalado recentemente (novembro - aguardando esclarecimentos sobre a data exata) após ser revisado por uma empresa terceirizada em terra. Em nenhum momento durante a instala??o no fio A&R a placa inferior foi removida ou alterada.",,,,,,,709.0,"[{""entity_type"": ""LOCATION"", ""value"": ""Deep Star (PLSV2)"", ""relation"": ""OCCURRED_AT""}, {""entity_type"": ""LOCATION"", ""value"": ""Aberdeen"", ""relation"": ""OCCURRED_AT""}, {""entity_type"": ""LOCATION"", ""value"": ""UK"", ""relation"": ""OCCURRED_AT""}, {""entity_type"": ""LOCATION"", ""value"": ""Europe"", ""relation"": ""OCCURRED_AT""}, {""entity_type"": ""ORGANIZATION"", ""value"": ""PETROBRAS"", ""relation"": ""REPORTED_BY""}, {""entity_type"": ""ROOT_CAUSE_CATEGORY"", ""value"": ""Equipment condition"", ""relation"": ""CATEGORIZED_AS""}, {""entity_type"": ""ORGANIZATION"", ""value"": ""Deep Star"", ""relation"": ""REPORTED_BY""}, {""entity_type"": ""ORGANIZATION"", ""value"": ""PLS"", ""relation"": ""REPORTED_BY""}, {""entity_type"": ""EQUIPMENT"", ""value"": ""A&R"", ""relation"": ""INVOLVED""}, {""entity_type"": ""LOCATION"", ""value"": ""work table"", ""relation"": ""OCCURRED_AT""}, {""entity_type"": ""EQUIPMENT"", ""value"": ""VCM"", ""relation"": ""INVOLVED""}, {""entity_type"": ""EQUIPMENT"", ""value"": ""A&R swivel"", ""relation"": ""INVOLVED""}, {""entity_type"": ""EQUIPMENT"", ""value"": ""swivel"", ""relation"": ""INVOLVED""}, {""entity_type"": ""ORGANIZATION"", ""value"": ""Pipelay"", ""relation"": ""REPORTED_BY""}, {""entity_type"": ""ORGANIZATION"", ""value"": ""SOCS"", ""relation"": ""REPORTED_BY""}, {""entity_type"": ""ORGANIZATION"", ""value"": ""HSEA"", ""relation"": ""REPORTED_BY""}, {""entity_type"": ""LOCATION"", ""value"": ""mesa de trabalho"", ""relation"": ""OCCURRED_AT""}, {""entity_type"": ""ORGANIZATION"", ""value"": ""A&R"", ""relation"": ""REPORTED_BY""}, {""entity_type"": ""ORGANIZATION"", ""value"": ""Deep Star CPE"", ""relation"": ""REPORTED_BY""}, {""entity_type"": ""ORGANIZATION"", ""value"": ""OCM"", ""relation"": ""REPORTED_BY""}, {""entity_type"": ""ORGANIZATION"", ""value"": ""Client"", ""relation"": ""REPORTED_BY""}, {""entity_type"": ""ORGANIZATION"", ""value"": ""3rd party company"", ""relation"": ""REPORTED_BY""}, {""entity_type"": ""LOCATION"", ""value"": ""onshore"", ""relation"": ""OCCURRED_AT""}, {""entity_type"": ""BODY_PART"", ""value"": ""corpo girat\u00f3rio"", ""relation"": ""AFFECTED""}]"
14721,replacement,"Operator was operating the 5t forklift to transport two Annulus seal assemblies & a lock down bushing from storage area to be loaded into a basket. It is reported that in the process of reversing the right door of the forklift made slight contact with a wooden crate, resulted in the bottom of the door being bent. No injuries sustained.",,,,,,,60.0,"[{""entity_type"": ""LOCATION"", ""value"": ""Guyana Service Base"", ""relation"": ""OCCURRED_AT""}, {""entity_type"": ""LOCATION"", ""value"": ""Georgetown"", ""relation"": ""OCCURRED_AT""}, {""entity_type"": ""LOCATION"", ""value"": ""Guyana"", ""relation"": ""OCCURRED_AT""}, {""entity_type"": ""LOCATION"", ""value"": ""South America"", ""relation"": ""OCCURRED_AT""}, {""entity_type"": ""ORGANIZATION"", ""value"": ""TECHNIPFMC"", ""relation"": ""REPORTED_BY""}, {""entity_type"": ""ROOT_CAUSE_CATEGORY"", ""value"": ""Motor Vehicle Worksite Accident"", ""relation"": ""CATEGORIZED_AS""}, {""entity_type"": ""EQUIPMENT"", ""value"": ""5t forklift"", ""relation"": ""INVOLVED""}, {""entity_type"": ""LOCATION"", ""value"": ""storage area"", ""relation"": ""OCCURRED_AT""}, {""entity_type"": ""EQUIPMENT"", ""value"": ""forklift"", ""relation"": ""INVOLVED""}, {""entity_type"": ""INJURY_TYPE"", ""value"": ""No injuries sustained"", ""relation"": ""RESULTED_IN""}]"
608635,replacement,"An employee from Brazil attending a workshop in Lysaker got a small serving plate in the head while visiting serving place ""Latter"" in Olso. The small serving plate fell down from a mezzanine and into his head. This happened aroung 1830 h Wednesday 26 September. He got a wound to the head and had some bleeding, but felt pretty OK. Later the same evening the employee and another co-worker went to Volvat. The injured employee had two stiches in his head to seal of the wound. He is attending the second day of the workshop today.",,,,,,,96.0,"[{""entity_type"": ""LOCATION"", ""value"": ""Oslo Facility"", ""relation"": ""OCCURRED_AT""}, {""entity_type"": ""LOCATION"", ""value"": ""Oslo"", ""relation"": ""OCCURRED_AT""}, {""entity_type"": ""LOCATION"", ""value"": ""Norway"", ""relation"": ""OCCURRED_AT""}, {""entity_type"": ""LOCATION"", ""value"": ""Europe"", ""relation"": ""OCCURRED_AT""}, {""entity_type"": ""LOCATION"", ""value"": ""Lysaker"", ""relation"": ""OCCURRED_AT""}, {""entity_type"": ""EQUIPMENT"", ""value"": ""small serving plate"", ""relation"": ""INVOLVED""}, {""entity_type"": ""BODY_PART"", ""value"": ""head"", ""relation"": ""AFFECTED""}, {""entity_type"": ""LOCATION"", ""value"": ""Latter"", ""relation"": ""OCCURRED_AT""}, {""entity_type"": ""LOCATION"", ""value"": ""Olso"", ""relation"": ""OCCURRED_AT""}, {""entity_type"": ""BODY_PART"", ""value"": ""mezzanine"", ""relation"": ""AFFECTED""}, {""entity_type"": ""INJURY_TYPE"", ""value"": ""wounds"", ""relation"": ""RESULTED_IN""}, {""entity_type"": ""LOCATION"", ""value"": ""Volvat"", ""relation"": ""OCCURRED_AT""}]"
694261,replacement,"At about 11:00 am Contractor observed that, One of the welder (Ha Hei) entered into 8 meter length pipe (one side elbow welded pipe – 600mm diameter) for checking the welding joints inside, without confine space entry permit, not followed confine space entry procedure and No gas tested. _x000D_ Nobody injured.",,,,,,,51.0,"[{""entity_type"": ""LOCATION"", ""value"": ""ALNG2 COSCO Yard"", ""relation"": ""OCCURRED_AT""}, {""entity_type"": ""LOCATION"", ""value"": ""Qidong"", ""relation"": ""OCCURRED_AT""}, {""entity_type"": ""LOCATION"", ""value"": ""China"", ""relation"": ""OCCURRED_AT""}, {""entity_type"": ""LOCATION"", ""value"": ""Asia Pacific"", ""relation"": ""OCCURRED_AT""}, {""entity_type"": ""ORGANIZATION"", ""value"": ""ARCTIC LNG 2"", ""relation"": ""REPORTED_BY""}, {""entity_type"": ""ROOT_CAUSE_CATEGORY"", ""value"": ""Confined Spaces (space/sizing issues only)"", ""relation"": ""CATEGORIZED_AS""}, {""entity_type"": ""ORGANIZATION"", ""value"": ""contractor"", ""relation"": ""REPORTED_BY""}, {""entity_type"": ""EQUIPMENT"", ""value"": ""One of the welder"", ""relation"": ""INVOLVED""}, {""entity_type"": ""EQUIPMENT"", ""value"": ""Ha Hei"", ""relation"": ""INVOLVED""}]"
559342,replacement,IP had a 3-4 cm cut to the left index finger after IP’s gloved hand slipped off the ground clamp when the pipe began to move into the bead stall. IP’s hand either struck the body of the clamp or the Teflon coating on the ready rack causing the cut to the IP’s finger. IP was wearing gloves at the time of the incident. IP was treated in the clinic. IP washed hands and wound cleaned with hydrogen peroxide. Triple antibiotic was applied to the cut and a band aid placed over the wound. IP was released back to work with no restrictions._x000D_ _x000D_ Update Nov 16 2017:_x000D_ First clarification to the IP injury. IP had a minor avulsion of the top few layers of skin from the pad of the left index finger at the first joint on the finger. IP was treated by cleaning the area under the skin and then applying triple antibiotic to the area and securing the small flap of skin with a 1 inch wide sterile band aid._x000D_ _x000D_ On further investigation it was determined the injury was not caused by a cut from the pipe or clamp but from a pull or tear of the skin after the IP’s finger was caught between the clamp and the pipe as they attempted to loosen the clamp so it could be removed from the pipe end. It was also determined that the gloves being used were too large for the IP and were loose on their hands. This allowed the finger portion of the gloves to twist on the finger and exposed the injured area to the thin stretchy mesh material that offered minimal to no protection for the finger.,,,,,,,285.0,"[{""entity_type"": ""LOCATION"", ""value"": ""Theodore Spoolbase"", ""relation"": ""OCCURRED_AT""}, {""entity_type"": ""LOCATION"", ""value"": ""Theodore"", ""relation"": ""OCCURRED_AT""}, {""entity_type"": ""LOCATION"", ""value"": ""USA"", ""relation"": ""OCCURRED_AT""}, {""entity_type"": ""LOCATION"", ""value"": ""North America"", ""relation"": ""OCCURRED_AT""}, {""entity_type"": ""ORGANIZATION"", ""value"": ""ANADARKO PETROLEUM COMPANY"", ""relation"": ""REPORTED_BY""}, {""entity_type"": ""ROOT_CAUSE_CATEGORY"", ""value"": ""Use of personal protective equipment"", ""relation"": ""CATEGORIZED_AS""}, {""entity_type"": ""BODY_PART"", ""value"": ""finger"", ""relation"": ""AFFECTED""}, {""entity_type"": ""EQUIPMENT"", ""value"": ""ground clamp"", ""relation"": ""INVOLVED""}, {""entity_type"": ""LOCATION"", ""value"": ""bead stall"", ""relation"": ""OCCURRED_AT""}, {""entity_type"": ""EQUIPMENT"", ""value"": ""ready rack"", ""relation"": ""INVOLVED""}, {""entity_type"": ""ORGANIZATION"", ""value"": ""clinic"", ""relation"": ""REPORTED_BY""}, {""entity_type"": ""EQUIPMENT"", ""value"": ""clamp"", ""relation"": ""INVOLVED""}, {""entity_type"": ""EQUIPMENT"", ""value"": ""pipe"", ""relation"": ""INVOLVED""}]"
536159,replacement,"On the modules area at around 11:20 AM, one sublet worker of Baker Hughes came down from the work platform of water tank after filling water, at west side of 311-PAU-002. _x000D_ There are some hoses on the ground near the water tank for degreasing activity. _x000D_ The worker lost balance when he stepped on the hose and sprained his right ankle.",,,,,,,62.0,"[{""entity_type"": ""LOCATION"", ""value"": ""ALNG2 COSCO Yard"", ""relation"": ""OCCURRED_AT""}, {""entity_type"": ""LOCATION"", ""value"": ""Qidong"", ""relation"": ""OCCURRED_AT""}, {""entity_type"": ""LOCATION"", ""value"": ""China"", ""relation"": ""OCCURRED_AT""}, {""entity_type"": ""LOCATION"", ""value"": ""Asia Pacific"", ""relation"": ""OCCURRED_AT""}, {""entity_type"": ""ORGANIZATION"", ""value"": ""JSC YAMAL LNG"", ""relation"": ""REPORTED_BY""}, {""entity_type"": ""ROOT_CAUSE_CATEGORY"", ""value"": ""Workplace layout / congestion"", ""relation"": ""CATEGORIZED_AS""}, {""entity_type"": ""LOCATION"", ""value"": ""modules area"", ""relation"": ""OCCURRED_AT""}, {""entity_type"": ""ORGANIZATION"", ""value"": ""BAKER HUGHES"", ""relation"": ""REPORTED_BY""}, {""entity_type"": ""EQUIPMENT"", ""value"": ""work platform"", ""relation"": ""INVOLVED""}, {""entity_type"": ""LOCATION"", ""value"": ""water tank"", ""relation"": ""OCCURRED_AT""}, {""entity_type"": ""LOCATION"", ""value"": ""west side of 311-PAU-002"", ""relation"": ""OCCURRED_AT""}, {""entity_type"": ""EQUIPMENT"", ""value"": ""hose"", ""relation"": ""INVOLVED""}, {""entity_type"": ""BODY_PART"", ""value"": ""ankle"", ""relation"": ""AFFECTED""}]"
509509,replacement,A cut piece of steel material fell down from 200-PAR-011 Deck-F to Deck-E. approximate length 10cm. weight 0.1kg. fell off from approximate 6 meters.,,,,,,,24.0,"[{""entity_type"": ""LOCATION"", ""value"": ""ALNG2 PJOE Yard"", ""relation"": ""OCCURRED_AT""}, {""entity_type"": ""LOCATION"", ""value"": ""Penglai"", ""relation"": ""OCCURRED_AT""}, {""entity_type"": ""LOCATION"", ""value"": ""China"", ""relation"": ""OCCURRED_AT""}, {""entity_type"": ""LOCATION"", ""value"": ""Asia Pacific"", ""relation"": ""OCCURRED_AT""}, {""entity_type"": ""ORGANIZATION"", ""value"": ""JSC YAMAL LNG"", ""relation"": ""REPORTED_BY""}, {""entity_type"": ""ROOT_CAUSE_CATEGORY"", ""value"": ""Fall to lower level / fall to water / loose materials (e.g. silos with granulate)"", ""relation"": ""CATEGORIZED_AS""}, {""entity_type"": ""LOCATION"", ""value"": ""Deck-F"", ""relation"": ""OCCURRED_AT""}, {""entity_type"": ""LOCATION"", ""value"": ""Deck-E"", ""relation"": ""OCCURRED_AT""}]"
14009,replacement,"While unscrewing 6"" LP Hose from POD 1 LP Loop, the connecting 10ft spool had been untorqued already and was being lifted by the Pole Truck to take to the Flat bed Trailer. The Spool began to spin as it was lifted, as it spun the flange came into contact with employee's hand on the LP Manifold on POD 1. This struck the employee's Right Hand Index finger, causing a laceration on the Top and Bottom side of the finger (Correct Impact Gloves were worn). Employee was taken to urgent care by Opts Manager & HSE Manager, where he was given stitches and put on restricted duty.",,,,,,,107.0,"[{""entity_type"": ""LOCATION"", ""value"": ""Oklahoma City Service Base"", ""relation"": ""OCCURRED_AT""}, {""entity_type"": ""LOCATION"", ""value"": ""Oklahoma City"", ""relation"": ""OCCURRED_AT""}, {""entity_type"": ""LOCATION"", ""value"": ""USA"", ""relation"": ""OCCURRED_AT""}, {""entity_type"": ""LOCATION"", ""value"": ""North America"", ""relation"": ""OCCURRED_AT""}, {""entity_type"": ""ORGANIZATION"", ""value"": ""TECHNIPFMC USA, INC."", ""relation"": ""REPORTED_BY""}, {""entity_type"": ""EQUIPMENT"", ""value"": ""Pole Truck"", ""relation"": ""INVOLVED""}, {""entity_type"": ""EQUIPMENT"", ""value"": ""flatbed trailer"", ""relation"": ""INVOLVED""}, {""entity_type"": ""EQUIPMENT"", ""value"": ""LP Manifold"", ""relation"": ""INVOLVED""}, {""entity_type"": ""BODY_PART"", ""value"": ""left hand"", ""relation"": ""AFFECTED""}, {""entity_type"": ""BODY_PART"", ""value"": ""finger"", ""relation"": ""AFFECTED""}, {""entity_type"": ""INJURY_TYPE"", ""value"": ""laceration"", ""relation"": ""RESULTED_IN""}, {""entity_type"": ""LOCATION"", ""value"": ""urgent care"", ""relation"": ""OCCURRED_AT""}, {""entity_type"": ""ORGANIZATION"", ""value"": ""Opts Manager & HSE Manager"", ""relation"": ""REPORTED_BY""}]"
524592,replacement,"The Near-miss has occurred on 16 January 2017, at 14:20 in Workshop B, Column 8. Welded joints in Out Rigger pipe (18’) will be repaired, working groups tried to rotate the pipe sitting on the support, height above 68 cm. After rotated, the Out Rigger pipe position out from the centre of support, make the load is concentrated at the edge. This unbalance condition caused the support leg at the other side loose and uplifted because not fully welded to the floor, the support sloped, the Out Rigger pipe, which sitting at the opposite edge, fell down._x000D_ _x000D_ Additional information (02/02/2017):_x000D_ - Weight of Outrigger pipe (type 4) = 2 ton_x000D_ - There are 3 persons around the area when near miss occurred, no person in danger, the pipe does not totally fall to the floor, but just a part where the support tilted. The pipe as seen in the photo on the floor is after the event, after removed from the support by Over Head Crane. (refer to picture in attachment)_x000D_ - Barricade is installed at pipe work area as standard requirement in workshop",,,,,,,185.0,"[{""entity_type"": ""LOCATION"", ""value"": ""Singapore Leased Warehouse"", ""relation"": ""OCCURRED_AT""}, {""entity_type"": ""LOCATION"", ""value"": ""Singapore"", ""relation"": ""OCCURRED_AT""}, {""entity_type"": ""LOCATION"", ""value"": ""Singapore"", ""relation"": ""OCCURRED_AT""}, {""entity_type"": ""LOCATION"", ""value"": ""Asia Pacific"", ""relation"": ""OCCURRED_AT""}, {""entity_type"": ""ORGANIZATION"", ""value"": ""TOTAL E & P ANGOLA"", ""relation"": ""REPORTED_BY""}, {""entity_type"": ""ROOT_CAUSE_CATEGORY"", ""value"": ""Uncontrolled moving objects/ parts (struck by other than machine parts and dropped objects)"", ""relation"": ""CATEGORIZED_AS""}, {""entity_type"": ""LOCATION"", ""value"": ""workshop"", ""relation"": ""OCCURRED_AT""}, {""entity_type"": ""LOCATION"", ""value"": ""Column 8"", ""relation"": ""OCCURRED_AT""}, {""entity_type"": ""EQUIPMENT"", ""value"": ""overhead crane"", ""relation"": ""INVOLVED""}]"
1397,replacement,Employee statement:  On Thursday April 21st. 2022 at about 2pm MT FMC is getting ready to rig up a 5” 15k well flex on to the Zipper… We had used the loader with the stinger to lift the hose up to the top of the zipper… I had moved forward to move the strap over to get a better center point when lifting the well flex… As they started to pick up the well flex in the air I started to walk backwards to get out of the line of fire danger area and slipped on a rock the size of a baseball… I stumbled backwards and eventually landed on my butt… Did not feel anything wrong or didn’t think I inflicted any type of pain on to me.. I kept walking Normal.. And I kept working as usual.. The next morning today April 22nd 2022. I noticed a small bruise on my right knee. When I walk for to long or stand on my right leg for to long. It hurts a bit…,,,,,,,174.0,"[{""entity_type"": ""LOCATION"", ""value"": ""Minot Service Base"", ""relation"": ""OCCURRED_AT""}, {""entity_type"": ""LOCATION"", ""value"": ""Minot"", ""relation"": ""OCCURRED_AT""}, {""entity_type"": ""LOCATION"", ""value"": ""USA"", ""relation"": ""OCCURRED_AT""}, {""entity_type"": ""LOCATION"", ""value"": ""North America"", ""relation"": ""OCCURRED_AT""}, {""entity_type"": ""ORGANIZATION"", ""value"": ""MARATHON PETROLEUM COMPANY LLC ATL/GA"", ""relation"": ""REPORTED_BY""}, {""entity_type"": ""ORGANIZATION"", ""value"": ""MT FMC"", ""relation"": ""REPORTED_BY""}, {""entity_type"": ""EQUIPMENT"", ""value"": ""ziper"", ""relation"": ""INVOLVED""}, {""entity_type"": ""EQUIPMENT"", ""value"": ""loader"", ""relation"": ""INVOLVED""}, {""entity_type"": ""EQUIPMENT"", ""value"": ""stinger"", ""relation"": ""INVOLVED""}, {""entity_type"": ""EQUIPMENT"", ""value"": ""well flex"", ""relation"": ""INVOLVED""}, {""entity_type"": ""LOCATION"", ""value"": ""line of fire danger area"", ""relation"": ""OCCURRED_AT""}, {""entity_type"": ""BODY_PART"", ""value"": ""Knee"", ""relation"": ""AFFECTED""}]"
20697,replacement,"On April 22, 2024, at 7 am during machine production, oil spillage was discovered at the gearbox, caused by a leak in the pipeline. The maintenance supervisor was immediately informed, and the crew used an emergency response spill kit to contained the spillage spread widely.",,,,,,,45.0,"[{""entity_type"": ""LOCATION"", ""value"": ""Asiaflex Products"", ""relation"": ""OCCURRED_AT""}, {""entity_type"": ""LOCATION"", ""value"": ""Johor Bahru"", ""relation"": ""OCCURRED_AT""}, {""entity_type"": ""LOCATION"", ""value"": ""Malaysia"", ""relation"": ""OCCURRED_AT""}, {""entity_type"": ""LOCATION"", ""value"": ""Asia Pacific"", ""relation"": ""OCCURRED_AT""}, {""entity_type"": ""ORGANIZATION"", ""value"": ""N/A - No Vendor"", ""relation"": ""REPORTED_BY""}, {""entity_type"": ""ROOT_CAUSE_CATEGORY"", ""value"": ""Equipment condition"", ""relation"": ""CATEGORIZED_AS""}, {""entity_type"": ""EQUIPMENT"", ""value"": ""gearbox"", ""relation"": ""INVOLVED""}, {""entity_type"": ""ORGANIZATION"", ""value"": ""crew"", ""relation"": ""REPORTED_BY""}, {""entity_type"": ""EQUIPMENT"", ""value"": ""emergency response spill kit"", ""relation"": ""INVOLVED""}]"
20899,replacement,"Ao transportar um recipiente de carne do paiol de alimentos para a cozinha, o trabalhador sofreu uma leve abras?o no dorso de sua m?o direita ao esbarrar em trava da porta de acesso do paiol de alimentos. O trabalhador se dirigiu ao servi?o médico, onde recebeu tratamento de primeiros socorros e liberado para retorno ao trabalho. A trava da porta tinha uma aresta que foi abastada e todas as outras portas similares foram foram inspecionadas e nenhum cenário semelhante foi identificado.  --------  While transporting a container of meat from the food store to the galley, the worker suffered a minor abrasion on the back of his right hand when he bumped into the latch on the food store access door. The worker went to the medical service, where he received first aid treatment and return to work. The door latch had an edge that was chipped, and all other similar doors were inspected, and no similar scenario was identified.",,,,,,,159.0,"[{""entity_type"": ""LOCATION"", ""value"": ""Top Coral Do Atlantico (PLSV1)"", ""relation"": ""OCCURRED_AT""}, {""entity_type"": ""LOCATION"", ""value"": ""Rio de Janeiro"", ""relation"": ""OCCURRED_AT""}, {""entity_type"": ""LOCATION"", ""value"": ""Brazil"", ""relation"": ""OCCURRED_AT""}, {""entity_type"": ""LOCATION"", ""value"": ""South America"", ""relation"": ""OCCURRED_AT""}, {""entity_type"": ""ORGANIZATION"", ""value"": ""PETROBRAS"", ""relation"": ""REPORTED_BY""}, {""entity_type"": ""ROOT_CAUSE_CATEGORY"", ""value"": ""Equipment Suitability"", ""relation"": ""CATEGORIZED_AS""}, {""entity_type"": ""LOCATION"", ""value"": ""cozinha"", ""relation"": ""OCCURRED_AT""}, {""entity_type"": ""LOCATION"", ""value"": ""galley"", ""relation"": ""OCCURRED_AT""}, {""entity_type"": ""INJURY_TYPE"", ""value"": ""abrasion"", ""relation"": ""RESULTED_IN""}, {""entity_type"": ""BODY_PART"", ""value"": ""back of his head"", ""relation"": ""AFFECTED""}, {""entity_type"": ""EQUIPMENT"", ""value"": ""latch"", ""relation"": ""INVOLVED""}, {""entity_type"": ""ORGANIZATION"", ""value"": ""food store"", ""relation"": ""REPORTED_BY""}, {""entity_type"": ""ORGANIZATION"", ""value"": ""medical service"", ""relation"": ""REPORTED_BY""}]"
681391,replacement,"IP was manually removing peel ply from inside a GRP protection cover by using a three step ladder. The peel ply slipped from the hand of the operator, and as result the IP lost balance and fell backwards. _x000D_ The IP completed his shift. Overnight, the pain increased and the operator seeked medical treatment. _x000D_ The IP suffered a fracture in the wrist that required surgery.",,,,,,,66.0,"[{""entity_type"": ""LOCATION"", ""value"": ""Norway"", ""relation"": ""OCCURRED_AT""}, {""entity_type"": ""LOCATION"", ""value"": ""Europe"", ""relation"": ""OCCURRED_AT""}, {""entity_type"": ""ORGANIZATION"", ""value"": ""LUNDIN ENERGY NORWAY AS"", ""relation"": ""REPORTED_BY""}, {""entity_type"": ""ROOT_CAUSE_CATEGORY"", ""value"": ""Planning and coordination of works"", ""relation"": ""CATEGORIZED_AS""}, {""entity_type"": ""ORGANIZATION"", ""value"": ""IP"", ""relation"": ""REPORTED_BY""}, {""entity_type"": ""EQUIPMENT"", ""value"": ""peel ply"", ""relation"": ""INVOLVED""}, {""entity_type"": ""EQUIPMENT"", ""value"": ""GRP protection cover"", ""relation"": ""INVOLVED""}, {""entity_type"": ""EQUIPMENT"", ""value"": ""three step ladder"", ""relation"": ""INVOLVED""}, {""entity_type"": ""BODY_PART"", ""value"": ""left hand"", ""relation"": ""AFFECTED""}, {""entity_type"": ""INJURY_TYPE"", ""value"": ""fracture"", ""relation"": ""RESULTED_IN""}, {""entity_type"": ""BODY_PART"", ""value"": ""wrist"", ""relation"": ""AFFECTED""}]"
1046,replacement,"Employee was removing magnetic multi-grab tool from valve. Instead of breaking the magnetic tension by moving the tool sideways, he tried to pull the tool straight off of the valve. This required him to put extra force on the tool and in doing so, when it released, it struck him in the nose. This resulted in a first aid incident to his nose.",,,,,,,63.0,"[{""entity_type"": ""LOCATION"", ""value"": ""Oklahoma City Service Base"", ""relation"": ""OCCURRED_AT""}, {""entity_type"": ""LOCATION"", ""value"": ""Oklahoma City"", ""relation"": ""OCCURRED_AT""}, {""entity_type"": ""LOCATION"", ""value"": ""USA"", ""relation"": ""OCCURRED_AT""}, {""entity_type"": ""LOCATION"", ""value"": ""North America"", ""relation"": ""OCCURRED_AT""}, {""entity_type"": ""ORGANIZATION"", ""value"": ""TECHNIPFMC USA, INC."", ""relation"": ""REPORTED_BY""}, {""entity_type"": ""EQUIPMENT"", ""value"": ""magnetic multi-grab tool"", ""relation"": ""INVOLVED""}, {""entity_type"": ""BODY_PART"", ""value"": ""nose"", ""relation"": ""AFFECTED""}, {""entity_type"": ""INJURY_TYPE"", ""value"": ""first aid incident"", ""relation"": ""RESULTED_IN""}]"
411,replacement,"ROV TXLX 43 was hot stabbed into the Claxton (Subcontractors) coating removal tool in order to provide hydraulic and electrical power to conduct removal of half shells. During this process the half shells parted, made contact with the hose causing damage whereby pressure was lost. A oil release (Castrol Hyspin AWS 32) occurred and TXLX 43 was subjected to water.",,,,,,,60.0,"[{""entity_type"": ""LOCATION"", ""value"": ""Deep Energy"", ""relation"": ""OCCURRED_AT""}, {""entity_type"": ""LOCATION"", ""value"": ""Aberdeen"", ""relation"": ""OCCURRED_AT""}, {""entity_type"": ""LOCATION"", ""value"": ""UK"", ""relation"": ""OCCURRED_AT""}, {""entity_type"": ""LOCATION"", ""value"": ""Europe"", ""relation"": ""OCCURRED_AT""}, {""entity_type"": ""ORGANIZATION"", ""value"": ""EQUINOR ENERGY AS"", ""relation"": ""REPORTED_BY""}, {""entity_type"": ""ROOT_CAUSE_CATEGORY"", ""value"": ""Planning and coordination of works"", ""relation"": ""CATEGORIZED_AS""}, {""entity_type"": ""EQUIPMENT"", ""value"": ""ROV XLX43"", ""relation"": ""INVOLVED""}, {""entity_type"": ""ORGANIZATION"", ""value"": ""Claxton (Subcontractors)"", ""relation"": ""REPORTED_BY""}, {""entity_type"": ""EQUIPMENT"", ""value"": ""Castrol Hyspin AWS 32"", ""relation"": ""INVOLVED""}, {""entity_type"": ""EQUIPMENT"", ""value"": ""TXLX 43"", ""relation"": ""INVOLVED""}]"
13153,replacement,"IP was descending the stairway from the gantry when slipped. IP stopped himself from falling as IP was holding the handrails. As IP didn't fall, IP continued working normally. Later, at night, IP felt some pain in the arm and noticed slight swelling. Next day, in the morning, IP was feeling better so forgot about the situation. On the following day, IP had further discomfort in the arm and recall it / remember that it was the same arm used to hold the handrails, so reported to the factory medical centre for assessment. The medical Assessment is that IP probably sustained a muscle strain when he gripped the handrail to prevent his fall when slipping on the stairwell a two days earlier. Following medical assessment IP was given a compression bandage and returned to work. Then IP reported the situation to Project HSE Mngr on Duty.",,,,,,,146.0,"[{""entity_type"": ""LOCATION"", ""value"": ""Flexi France"", ""relation"": ""OCCURRED_AT""}, {""entity_type"": ""LOCATION"", ""value"": ""Le Trait"", ""relation"": ""OCCURRED_AT""}, {""entity_type"": ""LOCATION"", ""value"": ""France"", ""relation"": ""OCCURRED_AT""}, {""entity_type"": ""LOCATION"", ""value"": ""Europe"", ""relation"": ""OCCURRED_AT""}, {""entity_type"": ""ORGANIZATION"", ""value"": ""TULLOW GHANA, LTD."", ""relation"": ""REPORTED_BY""}, {""entity_type"": ""ROOT_CAUSE_CATEGORY"", ""value"": ""Climate (Heat/Cold/Humidity)"", ""relation"": ""CATEGORIZED_AS""}, {""entity_type"": ""LOCATION"", ""value"": ""gantry"", ""relation"": ""OCCURRED_AT""}, {""entity_type"": ""EQUIPMENT"", ""value"": ""hand rail"", ""relation"": ""INVOLVED""}, {""entity_type"": ""BODY_PART"", ""value"": ""arm"", ""relation"": ""AFFECTED""}, {""entity_type"": ""LOCATION"", ""value"": ""factory medical centre"", ""relation"": ""OCCURRED_AT""}, {""entity_type"": ""INJURY_TYPE"", ""value"": ""muscle strain"", ""relation"": ""RESULTED_IN""}, {""entity_type"": ""ORGANIZATION"", ""value"": ""Project HSE Mngr on Duty"", ""relation"": ""REPORTED_BY""}]"
9524,replacement,Description/summary of Incident: The Deep Blue is currently on a transit to Acu Port. At 04:00 hrs 5 Aug 22 it was by the On Shift rigging supervisor that he had found one wooden plank from the grillage smouldering. The occurrence was and the smouldering was dampened down with water. The smouldering had started under a buoyancy module. Hot work had been carried out in the area by the previous shift under a PTW. It is believed that a spark from the hot work has gone under the buoyancy module and not been spotted at the time of the hot work and left to smoulder.,,,,,,,105.0,"[{""entity_type"": ""LOCATION"", ""value"": ""Deep Blue"", ""relation"": ""OCCURRED_AT""}, {""entity_type"": ""LOCATION"", ""value"": ""Aberdeen"", ""relation"": ""OCCURRED_AT""}, {""entity_type"": ""LOCATION"", ""value"": ""UK"", ""relation"": ""OCCURRED_AT""}, {""entity_type"": ""LOCATION"", ""value"": ""Europe"", ""relation"": ""OCCURRED_AT""}, {""entity_type"": ""ORGANIZATION"", ""value"": ""PETROBRAS"", ""relation"": ""REPORTED_BY""}, {""entity_type"": ""ROOT_CAUSE_CATEGORY"", ""value"": ""Flammable solids, liquids and gases"", ""relation"": ""CATEGORIZED_AS""}, {""entity_type"": ""ORGANIZATION"", ""value"": ""The Deep Blue"", ""relation"": ""REPORTED_BY""}, {""entity_type"": ""LOCATION"", ""value"": ""Acu port"", ""relation"": ""OCCURRED_AT""}, {""entity_type"": ""EQUIPMENT"", ""value"": ""buoyancy module"", ""relation"": ""INVOLVED""}, {""entity_type"": ""ORGANIZATION"", ""value"": ""PTW"", ""relation"": ""REPORTED_BY""}]"
584552,replacement,"On 26.04.2018, at 12:00, a Velesstroy gas-torch operator whilst walking at Train III, in the area of booster compressor, slipped and fell on his left side due to steel-sheet plates laying under the snow. On 30.04.2018, the IP sought medical advice in Velesstroy medics’ station, then he was sent to Sabetta's third level clinic. Diagnosis: Closed trauma of thorax, contusion of the left half of ribcage.  No need in evacuation.",,,,,,,70.0,"[{""entity_type"": ""LOCATION"", ""value"": ""Sabetta Site"", ""relation"": ""OCCURRED_AT""}, {""entity_type"": ""LOCATION"", ""value"": ""Sabetta"", ""relation"": ""OCCURRED_AT""}, {""entity_type"": ""LOCATION"", ""value"": ""Russia"", ""relation"": ""OCCURRED_AT""}, {""entity_type"": ""LOCATION"", ""value"": ""Asia Pacific"", ""relation"": ""OCCURRED_AT""}, {""entity_type"": ""ORGANIZATION"", ""value"": ""JSC YAMAL LNG"", ""relation"": ""REPORTED_BY""}, {""entity_type"": ""ROOT_CAUSE_CATEGORY"", ""value"": ""Manual handling"", ""relation"": ""CATEGORIZED_AS""}, {""entity_type"": ""ORGANIZATION"", ""value"": ""VELESSTROY"", ""relation"": ""REPORTED_BY""}, {""entity_type"": ""LOCATION"", ""value"": ""Train III"", ""relation"": ""OCCURRED_AT""}, {""entity_type"": ""LOCATION"", ""value"": ""booster compressor"", ""relation"": ""OCCURRED_AT""}, {""entity_type"": ""EQUIPMENT"", ""value"": ""steel-sheet plates"", ""relation"": ""INVOLVED""}, {""entity_type"": ""ORGANIZATION"", ""value"": ""IP"", ""relation"": ""REPORTED_BY""}, {""entity_type"": ""LOCATION"", ""value"": ""Velesstroy medics\u2019 station"", ""relation"": ""OCCURRED_AT""}, {""entity_type"": ""INJURY_TYPE"", ""value"": ""Closed trauma of thorax"", ""relation"": ""RESULTED_IN""}, {""entity_type"": ""BODY_PART"", ""value"": ""left half of ribcage"", ""relation"": ""AFFECTED""}]"
18183,replacement,Electrical Sub Contractor reported metal cuttings in his eye after cutting cable tray. He had been cutting the tray with a jig saw from above and was wearing appropriate PPE called out in the task specific RAMS (Glasses). He reported the incident to a First Aider he was working alongside with and asked for an eye wash. The irritant was removed and the Operator continued with his work.,,,,,,,68.0,"[{""entity_type"": ""LOCATION"", ""value"": ""Dunfermline Manufacturing"", ""relation"": ""OCCURRED_AT""}, {""entity_type"": ""LOCATION"", ""value"": ""Dunfermline"", ""relation"": ""OCCURRED_AT""}, {""entity_type"": ""LOCATION"", ""value"": ""UK"", ""relation"": ""OCCURRED_AT""}, {""entity_type"": ""LOCATION"", ""value"": ""Europe"", ""relation"": ""OCCURRED_AT""}, {""entity_type"": ""ORGANIZATION"", ""value"": ""IMPACT"", ""relation"": ""REPORTED_BY""}, {""entity_type"": ""ROOT_CAUSE_CATEGORY"", ""value"": ""Dangerous surfaces (sharp/ sharp edged/ high roughness grade)"", ""relation"": ""CATEGORIZED_AS""}, {""entity_type"": ""ORGANIZATION"", ""value"": ""Electrical contractor"", ""relation"": ""REPORTED_BY""}, {""entity_type"": ""BODY_PART"", ""value"": ""eye"", ""relation"": ""AFFECTED""}, {""entity_type"": ""EQUIPMENT"", ""value"": ""cable tray"", ""relation"": ""INVOLVED""}, {""entity_type"": ""EQUIPMENT"", ""value"": ""jig saw"", ""relation"": ""INVOLVED""}, {""entity_type"": ""ORGANIZATION"", ""value"": ""First Aider"", ""relation"": ""REPORTED_BY""}]"
738024,replacement,"on Saturday 17th October 2020, PTJ labor (Mr. Islam Salah Hussien – Badge No.) received first aid due to a small superficial wound caused by _x000D_ a plastic pipe. The worker were offloading manually some plastic pipes for plumbing activities in PTJ office area when the pipe scratched with _x000D_ its sharp edge his right middle and ring finger. The workers stated to the doctor that he was using the proper gloves during the pipe handling_x000D_ (Refer to first aid report in attachment 1), but no evidences of gloves availability have been notified by the doctor. _x000D_ IP went to first aid clinic where received first aid treatment. No need for medication had been reported.",,,,,,,115.0,"[{""entity_type"": ""LOCATION"", ""value"": ""Heliopolis Facility"", ""relation"": ""OCCURRED_AT""}, {""entity_type"": ""LOCATION"", ""value"": ""Heliopolis"", ""relation"": ""OCCURRED_AT""}, {""entity_type"": ""LOCATION"", ""value"": ""Egypt"", ""relation"": ""OCCURRED_AT""}, {""entity_type"": ""LOCATION"", ""value"": ""Africa"", ""relation"": ""OCCURRED_AT""}, {""entity_type"": ""ORGANIZATION"", ""value"": ""MIDDLE EAST OIL REFINERY (MIDOR)"", ""relation"": ""REPORTED_BY""}, {""entity_type"": ""ROOT_CAUSE_CATEGORY"", ""value"": ""Falls, slips and trips on same level (without potential to fall to lower level)"", ""relation"": ""CATEGORIZED_AS""}, {""entity_type"": ""ORGANIZATION"", ""value"": ""PTJ"", ""relation"": ""REPORTED_BY""}, {""entity_type"": ""EQUIPMENT"", ""value"": ""plastic pipe"", ""relation"": ""INVOLVED""}, {""entity_type"": ""BODY_PART"", ""value"": ""finger"", ""relation"": ""AFFECTED""}, {""entity_type"": ""EQUIPMENT"", ""value"": ""gloves"", ""relation"": ""INVOLVED""}]"
587655,replacement,"The incident happened during stacking of stalks and preparations for spooling operations. The task was to take one stalk from rack and place it on top of the stack, second tier. The stalk they were roller boxing was approximately 700meters long (Short stalk). Everything went well until they reached the end of the stalk. When taking the roller boxes of the stalk-end they noticed that approximately 30 meters from the end, the stalk was not in the correct position (about 15meters of the stalk was in the groove next to the correct one). Operators tried to correct the position of the stalk by using a soft sling and pulling the stalk in position. When the stalk fell into the groove it had to much momentum and slide of the stalk and down to the rack, approximately 40cm down. Due to the position of the stack it was limited space between intermediate tie-in and the stack. When the stalk slide down, it hit the side wall of intermediate tie-in. There was no people in the area and there was no damage to the stalk itself. Minor constructional damage to the wall of intermediate tie-in.  _x000D_ _x000D_ Please see attached photos of damage to intermediate tie-in and internal deviation report for Mardahl Maskin AS.",,,,,,,212.0,"[{""entity_type"": ""LOCATION"", ""value"": ""Orkanger Spoolbase"", ""relation"": ""OCCURRED_AT""}, {""entity_type"": ""LOCATION"", ""value"": ""Orkanger"", ""relation"": ""OCCURRED_AT""}, {""entity_type"": ""LOCATION"", ""value"": ""Norway"", ""relation"": ""OCCURRED_AT""}, {""entity_type"": ""LOCATION"", ""value"": ""Europe"", ""relation"": ""OCCURRED_AT""}, {""entity_type"": ""ORGANIZATION"", ""value"": ""STATOIL ASA"", ""relation"": ""REPORTED_BY""}, {""entity_type"": ""ROOT_CAUSE_CATEGORY"", ""value"": ""Planning and coordination of works"", ""relation"": ""CATEGORIZED_AS""}, {""entity_type"": ""LOCATION"", ""value"": ""intermediate tie-in"", ""relation"": ""OCCURRED_AT""}, {""entity_type"": ""ORGANIZATION"", ""value"": ""Mardahl Maskin AS"", ""relation"": ""REPORTED_BY""}]"
571370,replacement,"An employee (badge# 10024821) was using a forklift to transport a WSP Triplex fluid cylinder from the Grind staging area to a machine. As he was backing out of the Grind staging area he backed into the WSP Team Board and crushed one of the support legs that hold the board up. He said that he saw the board in the forklift mirror as he was backing up, but not the legs of the board._x000D_ _x000D_ After further investigation it was discovered that he had a similar incident earlier the same week in Standard Pumps Assembly. In that incident he was placing a tub in the Assembly area and his foot slipped onto the gas pedal and the tub crushed a cart between the tub and an assembly table. Another employee (badge# 30802173) was standing a few feet away._x000D_ _x000D_ The driver of the forklift has been coached 4 times in the past 2 weeks concerning his speed in the shop in addition to the 2 incidents above._x000D_ _x000D_ No one was injured in any of these incidents.",,,,,,,178.0,"[{""entity_type"": ""LOCATION"", ""value"": ""Stephenville Manufacturing"", ""relation"": ""OCCURRED_AT""}, {""entity_type"": ""LOCATION"", ""value"": ""Stephenville"", ""relation"": ""OCCURRED_AT""}, {""entity_type"": ""LOCATION"", ""value"": ""USA"", ""relation"": ""OCCURRED_AT""}, {""entity_type"": ""LOCATION"", ""value"": ""North America"", ""relation"": ""OCCURRED_AT""}, {""entity_type"": ""ORGANIZATION"", ""value"": ""TECHNIPFMC"", ""relation"": ""REPORTED_BY""}, {""entity_type"": ""ROOT_CAUSE_CATEGORY"", ""value"": ""Traffic Management / Routes / Pedestrian path"", ""relation"": ""CATEGORIZED_AS""}, {""entity_type"": ""EQUIPMENT"", ""value"": ""forklift"", ""relation"": ""INVOLVED""}, {""entity_type"": ""ORGANIZATION"", ""value"": ""WSP"", ""relation"": ""REPORTED_BY""}, {""entity_type"": ""LOCATION"", ""value"": ""Grind staging area"", ""relation"": ""OCCURRED_AT""}, {""entity_type"": ""LOCATION"", ""value"": ""Standard Pumps Assembly"", ""relation"": ""OCCURRED_AT""}, {""entity_type"": ""EQUIPMENT"", ""value"": ""tub"", ""relation"": ""INVOLVED""}, {""entity_type"": ""LOCATION"", ""value"": ""assembly area"", ""relation"": ""OCCURRED_AT""}, {""entity_type"": ""BODY_PART"", ""value"": ""left foot"", ""relation"": ""AFFECTED""}, {""entity_type"": ""EQUIPMENT"", ""value"": ""cart"", ""relation"": ""INVOLVED""}]"
710952,replacement,"2 x EFL’s had broken free of their fastening during deployment through the water column. It is assumed that this occurred while the basket was transiting through the splash zone. This occurrence was first identified once the ROV spotted the workbasket at a water depth of 90m._x000D_ The EFLs were observed to be free-floating in the work basket, with potential entanglement and partial entrapment under the work basket hatch covers._x000D_ The bypass REDU and electrical RPR mounted to the outside of the work basket were not fouled during deployment and no damage to those components was observed or expected.",,,,,,,99.0,"[{""entity_type"": ""LOCATION"", ""value"": ""Kelsey Drive Building"", ""relation"": ""OCCURRED_AT""}, {""entity_type"": ""LOCATION"", ""value"": ""St. John's"", ""relation"": ""OCCURRED_AT""}, {""entity_type"": ""LOCATION"", ""value"": ""Canada"", ""relation"": ""OCCURRED_AT""}, {""entity_type"": ""LOCATION"", ""value"": ""North America"", ""relation"": ""OCCURRED_AT""}, {""entity_type"": ""ORGANIZATION"", ""value"": ""HUSKY ENERGY (EAST COAST OPERATIONS)"", ""relation"": ""REPORTED_BY""}, {""entity_type"": ""ROOT_CAUSE_CATEGORY"", ""value"": ""Planning and coordination of works"", ""relation"": ""CATEGORIZED_AS""}, {""entity_type"": ""LOCATION"", ""value"": ""splash zone"", ""relation"": ""OCCURRED_AT""}, {""entity_type"": ""EQUIPMENT"", ""value"": ""ROV"", ""relation"": ""INVOLVED""}, {""entity_type"": ""EQUIPMENT"", ""value"": ""bypass REDU"", ""relation"": ""INVOLVED""}, {""entity_type"": ""EQUIPMENT"", ""value"": ""electrical RPR"", ""relation"": ""INVOLVED""}]"
623570,replacement,"When drawing the fall line (bar 4 ),shock of the end of it on the foot of the lifting wire of the lifting car._x000D_ Constat:hydraulic liquid leakage with land leakage._x000D_ The present operators were aussitot put the locker on the waste plate nearby and spread the absorbing granulate on the polluted area._x000D_ When I arrived on the building,I took the decision to break the U located on the local test because it was difficult to see if the hydraulic oil was mixed with rainwater._x000D_000 the locally polluted area and the locally polluted area between the polluted area and the locally polluted area._x000D_000D_D_D_D_D_D_D_D_D_D",,,,,,,102.0,"[{""entity_type"": ""LOCATION"", ""value"": ""Flexi France"", ""relation"": ""OCCURRED_AT""}, {""entity_type"": ""LOCATION"", ""value"": ""Le Trait"", ""relation"": ""OCCURRED_AT""}, {""entity_type"": ""LOCATION"", ""value"": ""France"", ""relation"": ""OCCURRED_AT""}, {""entity_type"": ""LOCATION"", ""value"": ""Europe"", ""relation"": ""OCCURRED_AT""}, {""entity_type"": ""ORGANIZATION"", ""value"": ""FLEXI FRANCE"", ""relation"": ""REPORTED_BY""}, {""entity_type"": ""ROOT_CAUSE_CATEGORY"", ""value"": ""Hazardous liquids (exposure to / spill / loss of containment /pollution)"", ""relation"": ""CATEGORIZED_AS""}, {""entity_type"": ""EQUIPMENT"", ""value"": ""lifting car"", ""relation"": ""INVOLVED""}, {""entity_type"": ""ORGANIZATION"", ""value"": ""present operators"", ""relation"": ""REPORTED_BY""}, {""entity_type"": ""LOCATION"", ""value"": ""polluted area"", ""relation"": ""OCCURRED_AT""}, {""entity_type"": ""LOCATION"", ""value"": ""locally polluted area"", ""relation"": ""OCCURRED_AT""}]"
628460,replacement,"Environmental Conditions: _x000D_ The event was noted at 1600 on 10/03/2019. _x000D_ The Deep Blue was in transit for Leviathan project from Mobile to Limassol. The vessel was proceeding to Algeciras on a course of 079 degrees true with speed 10 knots for crew change._x000D_ Wind was from 125 degrees true and speed 12/18 knots. Sea was from 100 degrees true with sig wave 2m_x000D_ _x000D_ Task/ actions leading up to the incident: _x000D_ During Inspection of the area, a blue green fluid was noticed on the floor plates of the Aft Carousel next to the 1st End UTA_x000D_ _x000D_ Initial findings: _x000D_ The fluid was determined to be Oceanic HW 540 P. It had not been in contact with any personnel and presented no harm. Only direct contact with the fluid to the eyes and if swallowed can be hazardous as per the SDS. _x000D_ The leakage was contained onboard, internally within the confines of the immediate area of deck in the Aft Carousel next to the 1st End UTA. _x000D_ Further investigation determined most probable cause to be leakage / weeping from the monitoring equipment set up on the 1st End UTA in the Aft Carousel._x000D_ There was no drop in pressure. The pressure report of the umbilical for the aft carousel was the same as the morning. _x000D_ _x000D_ Immediate Actions:_x000D_ Barge Engineer started investigation and Construction Crew commenced bunding / containment of the leaked fluid on the Carousel floor plates. OMT was notified._x000D_ _x000D_ Additional Information:_x000D_ While cleaning up/investigating the source of the leak, SOPEP pads were noticed in place on a bundle of hydraulic hoses. There was a significant amount of fluid resting in the area. _x000D_ It was later determined that when disconnecting from the main umbilical, Halliburton personnel had accidentally opened a manifold valve resulting to a small spillage. The valve was shut as soon as it had noticed, the spillage cleaned up and additional spill pads left as a precaution. The vessel was not informed of this at the time.",,,,,,,338.0,"[{""entity_type"": ""LOCATION"", ""value"": ""Deep Blue"", ""relation"": ""OCCURRED_AT""}, {""entity_type"": ""LOCATION"", ""value"": ""Aberdeen"", ""relation"": ""OCCURRED_AT""}, {""entity_type"": ""LOCATION"", ""value"": ""UK"", ""relation"": ""OCCURRED_AT""}, {""entity_type"": ""LOCATION"", ""value"": ""Europe"", ""relation"": ""OCCURRED_AT""}, {""entity_type"": ""ORGANIZATION"", ""value"": ""NOBLE ENERGY, INC."", ""relation"": ""REPORTED_BY""}, {""entity_type"": ""ROOT_CAUSE_CATEGORY"", ""value"": ""Hazardous liquids (exposure to / spill / loss of containment /pollution)"", ""relation"": ""CATEGORIZED_AS""}, {""entity_type"": ""ORGANIZATION"", ""value"": ""Leviathan project"", ""relation"": ""REPORTED_BY""}, {""entity_type"": ""LOCATION"", ""value"": ""Mobile"", ""relation"": ""OCCURRED_AT""}, {""entity_type"": ""LOCATION"", ""value"": ""Limassol"", ""relation"": ""OCCURRED_AT""}, {""entity_type"": ""LOCATION"", ""value"": ""Algeciras"", ""relation"": ""OCCURRED_AT""}, {""entity_type"": ""LOCATION"", ""value"": ""aft carousel"", ""relation"": ""OCCURRED_AT""}, {""entity_type"": ""LOCATION"", ""value"": ""1st End UTA_x000D_"", ""relation"": ""OCCURRED_AT""}, {""entity_type"": ""ORGANIZATION"", ""value"": ""Oceanic"", ""relation"": ""REPORTED_BY""}, {""entity_type"": ""LOCATION"", ""value"": ""1st End UTA"", ""relation"": ""OCCURRED_AT""}, {""entity_type"": ""EQUIPMENT"", ""value"": ""monitoring equipment"", ""relation"": ""INVOLVED""}, {""entity_type"": ""ORGANIZATION"", ""value"": ""OMT"", ""relation"": ""REPORTED_BY""}, {""entity_type"": ""LOCATION"", ""value"": ""Carousel floor plates"", ""relation"": ""OCCURRED_AT""}, {""entity_type"": ""EQUIPMENT"", ""value"": ""SOPEP Pads"", ""relation"": ""INVOLVED""}, {""entity_type"": ""EQUIPMENT"", ""value"": ""bundle of hydraulic hoses"", ""relation"": ""INVOLVED""}, {""entity_type"": ""ORGANIZATION"", ""value"": ""HALLIBURTON"", ""relation"": ""REPORTED_BY""}, {""entity_type"": ""EQUIPMENT"", ""value"": ""manifold valve"", ""relation"": ""INVOLVED""}]"
739044,replacement,"On Sunday 14th of February 2021, at 11:00 hrs. Mr. MOHAMED ABDELREHEM PTJ steel fixer, came to the FAS6 complaint from Rt. foot pain due to Rt foot twisted while he was walking at area 18/20 .Full assessment done and Ice packs were applied , IP was referred to external hospital for X-ray and Orthopedic consultation. IP returned work the next day.",,,,,,,62.0,"[{""entity_type"": ""LOCATION"", ""value"": ""Heliopolis Facility"", ""relation"": ""OCCURRED_AT""}, {""entity_type"": ""LOCATION"", ""value"": ""Heliopolis"", ""relation"": ""OCCURRED_AT""}, {""entity_type"": ""LOCATION"", ""value"": ""Egypt"", ""relation"": ""OCCURRED_AT""}, {""entity_type"": ""LOCATION"", ""value"": ""Africa"", ""relation"": ""OCCURRED_AT""}, {""entity_type"": ""ORGANIZATION"", ""value"": ""MIDDLE EAST OIL REFINERY (MIDOR)"", ""relation"": ""REPORTED_BY""}, {""entity_type"": ""ROOT_CAUSE_CATEGORY"", ""value"": ""Falls, slips and trips on same level (without potential to fall to lower level)"", ""relation"": ""CATEGORIZED_AS""}, {""entity_type"": ""ORGANIZATION"", ""value"": ""FAS6"", ""relation"": ""REPORTED_BY""}, {""entity_type"": ""BODY_PART"", ""value"": ""Rt. foot"", ""relation"": ""AFFECTED""}, {""entity_type"": ""BODY_PART"", ""value"": ""Rt foot"", ""relation"": ""AFFECTED""}, {""entity_type"": ""LOCATION"", ""value"": ""area 18/20"", ""relation"": ""OCCURRED_AT""}, {""entity_type"": ""EQUIPMENT"", ""value"": ""ice pack"", ""relation"": ""INVOLVED""}, {""entity_type"": ""ORGANIZATION"", ""value"": ""IP"", ""relation"": ""REPORTED_BY""}, {""entity_type"": ""ORGANIZATION"", ""value"": ""external hospital"", ""relation"": ""REPORTED_BY""}]"
