record_no,narrative,case_categorization,severity,impact_type,work_process,causal_density,causal_matches,token_count,stratum
677880,Welding gas hose was caught on fire due to the overhead splash that fell on the welding hose._x000D_ Fire has started due to arc air sparks which has caused the rupture of a welding hose._x000D_ The Fire was extinguished by the CO2 gas in the hose after the rupture of the hose.,"Fire & Explosion - Flammable solids, liquids and gases",Financial Impact - 2. Minor impact on entity/asset figures,Financial Impact,Yards,0.09615384615384616,5.0,52.0,fire_explosion
671236,"Press 4549 heating elements caused a minor fire, which probably happened due to short circuiting of wires for the heating element. Fire extinguisher was used by one of the press operator to put out the fire.",Fire & Explosion - Explosives / potential explosives,Financial Impact - 2. Minor impact on entity/asset figures,Financial Impact,Other Manufacturing Activities,0.05555555555555555,2.0,36.0,fire_explosion
726597,"Whilst conducting hot work activities, sparks contacted a region of an LPG lead which was leaking.  The leak ignited resulting in a small fire, which caused damage to leads and external casing of a power board.","Fire & Explosion - Flammable solids, liquids and gases",Financial Impact - 2. Minor impact on entity/asset figures,Financial Impact,Workshop Activities,0.05555555555555555,2.0,36.0,fire_explosion
530280,"On 14 March 2017 at 06:11, local time, an automatic fire alarm system was triggered in warehouse 1-7 of the North camp. OMC dispatcher notified the emergency response service and the management of the organization. The triggering was caused by smoke as a result of an air curtain malfunction in the corridor of the warehouse.",Fire & Explosion - Uncontrolled chemical or physical reaction,Fire/Explosion - 1. Negligible,Fire/Explosion,Construction - Installation,0.05454545454545454,3.0,55.0,fire_explosion
520513,"On 20.12.2016 at 03:00 hours at the plant construction site Train 1 area, the industrial electric extension cord short circuit occurred due to protective armor damage because of low ambient temperature._x000D_ There were no injuries. There was no material loss.",Fire & Explosion - Explosives / potential explosives,Fire/Explosion - 1. Negligible,Fire/Explosion,Construction - Installation,0.05,2.0,40.0,fire_explosion
556470,On 10/10/2017 at 17:22 fire alarm was triggered in Subcontractor’s office. It was caused by some smoke generated due to violation of instructions on microwave use. During ivestigation it was found out that the lead engineer of Procurement department was warming some food in a microwave oven and put it on a sheet of paper. As a result paper smoldered and the room got filled with smoke which triggered the alarm at 17:22. Microwave oven was immediatelly unplugged and room was aired.,Fire & Explosion - Uncontrolled chemical or physical reaction,Fire/Explosion - 1. Negligible,Fire/Explosion,Site Subcontracting,0.04878048780487805,4.0,82.0,fire_explosion
585026,"On 02 May 2018 at 23:57, local time, the automatic fire alarm system triggered in check point of North Camp. The OMC dispatcher notified the emergency response service and the management of the organization. The trigger was caused by melting of starter isolation.",Fire & Explosion - Uncontrolled chemical or physical reaction,"Damage - 1. Less than 100,000 Euros",Damage,Construction - Installation,0.046511627906976744,2.0,43.0,fire_explosion
537068,"On May 7, 2017 at 09:27, local time, an automatic fire alarm system triggered in laundry room 1-6 of the_x000D_ Northern shift camp. The OMC dispatcher notified the emergency response service and the management of_x000D_ the organization. The triggering was caused by the ignition of the drive belts of the ironing equipment. The_x000D_ cause of the fire was the sticking of the contacts of the emergency shutdown control relay.",Fire & Explosion - Uncontrolled chemical or physical reaction,"Damage - 1. Less than 100,000 Euros",Damage,Construction - Installation,0.043478260869565216,3.0,69.0,fire_explosion
507890,"During welding on 3"" spool support at 40 mtr elevation of Reformer – 1, the welding spatters fell on greasy (oil soaked) blanket which is kept at 38 elevation on scaffold platform. Due to this minor smoke and fire caught on blanket. The fire observed & noticed by fire watcher and inform to welder, meanwhile fire extinguished by nearby work force._x000D_ _x000D_ No injury/ property damage caused due to the incident.","Fire & Explosion - Flammable solids, liquids and gases",Injury - 2. Medical Treatment Injury / Restricted Work Case / Loss of Consciousness,Injury,Site Mechanical And Piping,0.04225352112676056,3.0,71.0,fire_explosion
564949,"On December 07, 2017 at 13:20, local time, an automatic fire alarm system triggered in the warehouse (1-7), electric switchboard of the North camp. The OMC dispatcher notified the emergency response service and the management of the organization. Melting of the wire was caused by heating of the connection due to poor sealing between cable terminal and the breaker._x000D_ According to the schedule maintenance of the equipment was carried out on 24.09.2017.",Fire & Explosion - Uncontrolled chemical or physical reaction,"Damage - 1. Less than 100,000 Euros",Damage,Construction - Installation,0.041666666666666664,3.0,72.0,fire_explosion
504652,"At around 14:00, a piece of smoke was observed on the deck around the welding cable. It was later found out that the smoke was generated at the connection plug of the welding cable. The suspected cause is that the cable connection became slacked due to tension causing the heat accumulation. The melt was at the connection plug and socket. No flame was observed but smoke. The welding cable changed before activity resumed.",Fire & Explosion - Accumulation / Presence of explosive atmosphere,Fire/Explosion - 2. Moderate,Fire/Explosion,Welding,0.0410958904109589,3.0,73.0,fire_explosion
540853,"On June 3, 2017 at 08:26 local time an automatic fire alarm system triggered in the hostel 1-2.1 of the North Camp. The activation of the system was triggered by the smoke in the ventilation system in the attic of the right wing of the hostel. People were evacuated.",Fire & Explosion - Uncontrolled chemical or physical reaction,"Damage - 1. Less than 100,000 Euros",Damage,Support Service,0.04081632653061224,2.0,49.0,fire_explosion
507557,"During welding at 7 mtr elevation of battery limit, the earthing cable clamp (holder) got heated up and smoke started coming from it._x000D_ _x000D_ The incident noticed by an engineer and welding machine was immediately switched off by concern area Supervisor._x000D_ _x000D_ No injury and property damage caused due to the incident","Fire & Explosion - Flammable solids, liquids and gases",Injury - 1. First Aid Care,Injury,Site Electrical,0.038461538461538464,2.0,52.0,fire_explosion
531801,Person Involved was performing grinding works on the vessel when sparks created by_x000D_ the grinding work projected to a close by butane gas cylinder resulting In a flame Ignition_x000D_ at the connection 01 the butane bottle. The gas cylinder was immediately closed and the_x000D_ flame was slopped. No damage or injuries were caused.,"Fire & Explosion - Flammable solids, liquids and gases",Injury - 3. Lost Time Injury,Injury,Yards,0.03773584905660377,2.0,53.0,fire_explosion
520514,"On 21.12.2016 at 13:00 hours at the plant construction site Train 3 area, OOO Velesstroy Montazh subcontractor’s tent (temporary structure covered with tarp) caught fire due to the diesel fuel blowout from the air heater nozzle on the tent’s tarp which caused inflammation thereof. There were no injuries. There was no material loss.",Fire & Explosion - Explosives / potential explosives,Fire/Explosion - 1. Negligible,Fire/Explosion,Construction - Installation,0.03773584905660377,2.0,53.0,fire_explosion
671027,"At approx. 3AM we had a tarp catch on fire on the NPE frac site. It was wrapped around an accumulator engine because the tech was having trouble starting the motor thinking it was because of the extreme cold. Once he finally got the engine to start, the exhaust caught the tarp on fire because it was too close. The tarp was immediately pulled off and the fire was put out. The accumulator was inspected and found to be undamaged functionally.","Fire & Explosion - Flammable solids, liquids and gases",Financial Impact - 2. Minor impact on entity/asset figures,Financial Impact,Operations,0.037037037037037035,3.0,81.0,fire_explosion
704256,"At 3:30 p.m. on January 18, TMP-002 under Deck D, a length of grinding cable (with connector) was lying on the scaffolding walkway. When a worker accidently stepped on the socket and caused the cable to be damaged after contact with the scaffolding plank. The disconnected cable was in power supply and hence caused the fire on the cable due to short circuit. _x000D_ Power was cut down and fire was put out immediately by disconnecting the plug from another extension cord._x000D_ ELCB tripped due to the short circuit. _x000D_ There were 3 extension cords connected together. _x000D_ The short circuit caused by the cable getting contact with the metal scaffolding boards. _x000D_ The power was removed from the power supply by another worker as soon as the fire occurred. _x000D_ Investigation was conducted for this incident.",Fire & Explosion - Explosives / potential explosives,Injury - 2. Medical Treatment Injury / Restricted Work Case / Loss of Consciousness,Injury,Yards,0.0364963503649635,5.0,137.0,fire_explosion
697605,"While replacing X-head die and re-attaching melt tube on Thermo line 3, the temperature sensor was removed to be able to open an access hatch in the mezzanine floor above the extruder. The sensor was blocking the hatch thus could not be opened. _x000D_ _x000D_ The operator forgot to re-attach the temperature sensor resulting in overheating of the melt tube due to no temperature signal, this resulted in PP fumes and smoke violently being released from melt tube ball joint. _x000D_ _x000D_ The smoke resulted in a fire alarm and a fire truck arrived at site. No personnel were in the area at the time of release._x000D_ _x000D_ ** Information taken from Shawcor Initial Incident Notification Report **","Fire & Explosion - Flammable solids, liquids and gases",Financial Impact - 3. Significant impact on entity/asset figures. Likely impact on (R)BU/GBU figures,Financial Impact,Vessel / Yards,0.03389830508474576,4.0,118.0,fire_explosion
574147,"Laminated plastic coated empty wooden box accumulated near GTG open area, got small fire due to High atmospheric temperature. Our one of Engineer observed and immediately extinguished by using sand.","Fire & Explosion - Flammable solids, liquids and gases",Financial Impact - 1. No impact on entity/asset figures,Financial Impact,Pre-Commissioning / Commissioning,0.03333333333333333,1.0,30.0,fire_explosion
520515,On 22nd of December 22:30 ignition in the container. HSE engineer informed fire safety team and responsible persons. _x000D_ Preliminary cause of ignition is short circuit of an electrical cable,Fire & Explosion - Explosives / potential explosives,Fire/Explosion - 1. Negligible,Fire/Explosion,Construction - Installation,0.03333333333333333,1.0,30.0,fire_explosion
502403,"At 9:00am 21-July-2016, on the module 113 PAU 001 below L1 on the scaffolding platform one plastic bottle caught fire._x000D_ One worker from piping sublet-subcontractor Ai Fa, was performing hot work (cutting an opening around a pipe) on the deck 1. The plastic bottle caught fire, due to the sparks which dropped from this activity on below I-beam._x000D_ The fire was immediately extinguished because of a good arrangement of firefighting (Fire watchman/fire extinguish-er/fire blanket). The same worker took an immediate action to put off the fire by using the fire blanket._x000D_  No material was damaged and nobody was injured. _x000D_  Immediate investigation shows that the cause are:_x000D_ 1. Inadequate pre-task checking of the work place._x000D_ 2. Poor housekeeping around working area.","Fire & Explosion - Flammable solids, liquids and gases",Fire/Explosion - 1. Negligible,Fire/Explosion,Site Mechanical And Piping,0.03305785123966942,4.0,121.0,fire_explosion
12714,"During a hot work activity, oxyacetylene hose failed and flashback arrestor did not work properly generating a flashback near to the handle. Gas supply was closed immediately and nobody was hurt.","Flammable solids, liquids and gases",2 - Minor,Injury/Illness,Construction - Installation-Construction,0.03225806451612903,1.0,31.0,fire_explosion
532071,It was reported to IEMANTS HSE that a welder left a propane torch tuned on positioned under the grillage. The propane hose was positioned where the torch was laid down causing it to bum through the hose. The equipment was immediately turned off. This also caused extra heat to be applied to the bearing pad. It is to be checked by iemants QC.,"Fire & Explosion - Flammable solids, liquids and gases",Injury - 3. Lost Time Injury,Injury,Yards,0.031746031746031744,2.0,63.0,fire_explosion
509507,"Piping team crew member was helping to welder to lower welding cable from Deck-G to Deck-F. In the process, welding switch touched along the way, at that time tungsten electrode touched the scaffold board and caused some sparks. Spark splashed down below within the cable tray plastic sheeting in Deck-F, causing a minor fire but was immediately extinguished by workers in the area.","Fire & Explosion - Flammable solids, liquids and gases",Fire/Explosion - 2. Moderate,Fire/Explosion,Yard - Spool Base Fabrication,0.031746031746031744,2.0,63.0,fire_explosion
607094,"Preparation of a solution containing nitric acid with the help of a doser. After pumping 3 doses of 15ml in a baker, the nitric acid bombon is placed on the palm. About 30 seconds later, a strong detonation appears causing a acid projection. One person suffered damage due to the detonation (yes), a second repeated a acid projection on the face and front.",Fire & Explosion - Uncontrolled chemical or physical reaction,Injury - 3. Lost Time Injury,Injury,Testing,0.031746031746031744,2.0,63.0,fire_explosion
567598,"While a welder was doing welding of a pipe joint inside welding booth; fire observed by his helper in welding booth Tarpaulin. _x000D_ _x000D_ As investigated it was found that due to lose connection of welding cables, caused cable overheat generated and caught fire._x000D_ _x000D_ Fire Fighting Team rushed to the spot and extinguished the fire in initial stage using nearby available fire Extinguishers.","Fire & Explosion - Flammable solids, liquids and gases",Injury - 1. First Aid Care,Injury,Welding,0.03125,2.0,64.0,fire_explosion
502227,A fire occurred due to a overheated cable supplying power to a torch that was being used to cut metal sheets. The fire was extinguished by the working team with an extinguisher.,"Fire & Explosion - Flammable solids, liquids and gases",Injury - 2. Medical Treatment Injury / Restricted Work Case / Loss of Consciousness,Injury,Site Mechanical And Piping,0.03125,1.0,32.0,fire_explosion
19447,"It was observed a small fire inside the waste bin outside workshop WH27, caused by used cigarettes and napkins thrown into same bin. I immediately  Extinguished the fire and informed QHSE Department.","Flammable solids, liquids and gases",2 - Minor,Damage - Financial impact,Engineering-Buildings,0.03125,1.0,32.0,fire_explosion
633611,"A First Aid Incident occurred while a helper (S/C: M/s BIL)  was assisting to welder during welding activity on Prilling Tower, unfortunately a Welder’s Flash(Arc Eye) happened due to non-using of Dark Eye Glasses","Fire & Explosion - Flammable solids, liquids and gases",Injury - 2. Medical Treatment Injury / Restricted Work Case / Loss of Consciousness,Injury,Construction - Installation,0.029411764705882353,1.0,34.0,fire_explosion
681702,"A worker was tasked to Cut a stiffner on the Plate Girder. While performing the activity, a Cutting gas ( LNG) Hose caught fire from the sparks that fell from the cutting activity. LNG gas hose was pinched and leaking and hence sparks caused the fire. Worker immediately went to the gas manifold. Disconnected the hose from the manifold and disconnected the hose from the crimped connection, and hence fire on the hose stopped. The fire caused a superficial burn on another parallel Oxygen gas hose. No further fire from the oxygen hose was observed._x000D_ The Sparks caused from the cutting activity caused the fire and no fire blanket was used to protect the hose and no cable hangers was used to elevate the hose. Despite the availability of Fire blankets and Cable hangers in the area.","Fire & Explosion - Flammable solids, liquids and gases",Injury - 2. Medical Treatment Injury / Restricted Work Case / Loss of Consciousness,Injury,Yards,0.029197080291970802,4.0,137.0,fire_explosion
553964,"On September 27th at approximately 10:00 am, Stripping Machine Operator reported material smoldering on the ground under the brush machine at the Stripping Station. The operator reported the Brush on the south side of the machine was vibrating due to excessive wear, so he decided to use only the brush on the North side of the machine. The excessive use of one worn brush resulted in higher friction during the stripping process, resulting in overheating the material when it 'clogged' on the brush, as it was removed from the pipe. Operator immediately shut down the operation, utilized a fire extinguisher and eliminated any potential fire. The operation remained shut down until Maintenance personnel completed the maintenance and troubleshooting on the north and south brush. There were no injuries and no damage occurred to the equipment or pipe.","Fire & Explosion - Flammable solids, liquids and gases",Fire/Explosion - 2. Moderate,Fire/Explosion,Manufacturing,0.029197080291970802,4.0,137.0,fire_explosion
678916,During the manifold block welding activity in CLAD 19 occurred a overheating at a point of the installation??the electrical of the equipment causing a principle of fire that was contained with the use of the extinctor.,Fire & Explosion - Uncontrolled chemical or physical reaction,Financial Impact - 2. Minor impact on entity/asset figures,Financial Impact,Maintenance,0.027777777777777776,1.0,36.0,fire_explosion
584554,"On 30 April 2018 at 17:00, local time, the automatic fire alarm system triggered in the main office STL. The message to the dispatcher of the ОМС smoke fire detector triggering came from the duty electrician. The OMC dispatcher notified the emergency response service and the management of the organization. The trigger was caused by smoke as a result of melting the terminal connection wires in the main office, room 1- 310.",Fire & Explosion - Uncontrolled chemical or physical reaction,"Damage - 1. Less than 100,000 Euros",Damage,Construction - Installation,0.027777777777777776,2.0,72.0,fire_explosion
696801,"At around 04:15 PM, grinder man was performing grinding work on pipe spool. Nearby the hot work area, combustible material (cardboard carton) was lying down. In due time, fumes observed from the carton because of grinding sparks. Grinder man dumped carton into general waste dustbin without extinguishing generated smoke. Due to which heat generated inside general waste bin and smoke was observed. Immediately, safety supervisor extinguished the smoke by water. No injury was reported.","Fire & Explosion - Flammable solids, liquids and gases",Injury - 2. Medical Treatment Injury / Restricted Work Case / Loss of Consciousness,Injury,Other Manufacturing Activities,0.02702702702702703,2.0,74.0,fire_explosion
538517,"17.05.2017 around 11:00. At the construction site ""LNG plant"", Train 1, Compressor ""A"", during hot works, a protective cover of dornite melted over an area of 0.5 square meters, which was discovered by the employees of LLC ""Velesstroy"" who used primary fire extinguishing means (Fire extinguishers). As a result of the incident there are no injuries and no property damage._x000D_ Melting of dornite was caused by failure to prevent spreading of sparks during hot works","Fire & Explosion - Flammable solids, liquids and gases",Fire/Explosion - 1. Negligible,Fire/Explosion,Construction - Installation,0.02666666666666667,2.0,75.0,fire_explosion
633615,"A First Aid Incident occurred while a helper named Mr. Dharmendra Yadav (S/C: M/s BIL)  was assisting to welder during welding activity on Prilling Tower, unfortunately a Welder’s Flash(Arc Eye) happened due to non-using of Dark Eye Glasses","Fire & Explosion - Flammable solids, liquids and gases",Injury - 2. Medical Treatment Injury / Restricted Work Case / Loss of Consciousness,Injury,Construction - Installation,0.02631578947368421,1.0,38.0,fire_explosion
565957,"During shifting of gas cutting torch from outside to inside heater cell (into cell no-1) through Peep door, the gas cutting torch tip has been ignited automatically due to falling of welding spatters on torch tip from where the DA was leaking because the DA knob(off / on switch) was unfortunately “on “condition. Then the fire extinguished immediately by closing of DA knob. The area was restricted for unauthorized entry. No injury & no property damage.","Fire & Explosion - Flammable solids, liquids and gases",Environment - 1. Minimal Impact,Environment,Construction,0.02631578947368421,2.0,76.0,fire_explosion
654091,"Around midnight one of the press heating elements caught fire, which probably happened due to short circuiting of wires for the heating element. Fire extinguisher was used by one of the press operator to put out the fire.",Fire & Explosion - Explosives / potential explosives,Injury - 2. Medical Treatment Injury / Restricted Work Case / Loss of Consciousness,Injury,Other Manufacturing Activities,0.02631578947368421,1.0,38.0,fire_explosion
513221,"A team of sublet contractor was doing cutting work in the Final Assembly 200-PAR-011 Deck-E. Sparks from the cutting activity ignited the rug in Deck-D and caused a minor fire, and then the fire was put out immediately.","Fire & Explosion - Flammable solids, liquids and gases",Fire/Explosion - 1. Negligible,Fire/Explosion,Yard - Spool Base Fabrication,0.02631578947368421,1.0,38.0,fire_explosion
504523,"Monday morning around 7.50 am, there was an incident reported by WTP L7 office cleaner that the water dispenser had leaked and flooded the office flooring at Level 7 Door 4. _x000D_ _x000D_ Upon investigation, found that wall plug had burnt due to excessive electrical load from shredder machine and water dispenser. Water dispenser's plug had burnt together with the wall plug, and this caused the water dispenser to leak. Shredder's plug was also burnt (refer attached incident report).",Fire & Explosion - Explosives / potential explosives,"Damage - 1. Less than 100,000 Euros",Damage,Support Service,0.02531645569620253,2.0,79.0,fire_explosion
707034,"A fitter performed grinding work in module shop bay 2, the flying sparks ignited the joint of a mistakenly opened gas hose(1.5 meters away) and caused the fire. Surrounding workers immediately closed the gas valve and put out the fire","Fire & Explosion - Flammable solids, liquids and gases",Injury - 1. First Aid Care,Injury,Construction,0.025,1.0,40.0,fire_explosion
520808,"A welder from the company 'Nowproject'(Hendryk Koszyk, ID141_x000D_ ) has left his weldingspot (hut), his flame on the torch was still on. This for a period from more than 10 minutes. This incident/near miss could cause a fire on NID","Fire & Explosion - Flammable solids, liquids and gases",Fire/Explosion - 3. Significant,Fire/Explosion,Yards,0.025,1.0,40.0,fire_explosion
28118,"During grinding activities on a PLET, the grinding spark unintentionally directed towards a welding rod package.  This resulted in a minor fire involving the welding rod package.  The fire was contained and quickly extinguished with no injury or any damage to equipment.","Flammable solids, liquids and gases",2 - Minor,Damage - Financial impact,Manufacturing-Welding,0.023809523809523808,1.0,42.0,fire_explosion
540699,On 27 of May 2017 at 23:53 an automatic fire alarm went off in the canteen 2-7 of the North Camp. OMC dispatcher notified ER team and company management. This was caused by a smoke generated by ignition of the electric oven.,Fire & Explosion - Uncontrolled chemical or physical reaction,"Damage - 1. Less than 100,000 Euros",Damage,Construction,0.023809523809523808,1.0,42.0,fire_explosion
511910,"Fitter from PJOE S&P Workshop was doing cutting work. In the process, spark ignited the welding carton underneath his work place in the east side of Final Assembly 300-PAR-005 Deck-C, caused a minor fire, he put out the fire with his co-worker immediately.","Fire & Explosion - Flammable solids, liquids and gases",Fire/Explosion - 1. Negligible,Fire/Explosion,Yard - Spool Base Fabrication,0.023255813953488372,1.0,43.0,fire_explosion
588756,"On 23.05.2018 at about 7:30 am at LLC SNEMA-SERVIS camp near Train 2&3 satellite offices an ignition in store container happened. Fire alarm triggered, at 07.35 am, 32 people were evacuated to the muster point. The elimination of smoke was done by firemen of FD JSC Yamal LNG. It was found out that an electrician of SNEMA was performing welding activities without authorization which caused the ignition. As the result of smoke the outside paint of container was damaged. No injured, no damage to property or equipment",Fire & Explosion - Uncontrolled chemical or physical reaction,"Damage - 1. Less than 100,000 Euros",Damage,Construction - Installation,0.022988505747126436,2.0,87.0,fire_explosion
718571,"At the southwest of the Deck C of 1-TMP-004 module, LCJT performed welding for the guardrail installation. The weldingsparks flied to the underneath scaffolding platform, causing an unsealed insulation glue bottle caught fire, the fire was putout by surrounding employees. No one was injured","Fire & Explosion - Flammable solids, liquids and gases",Injury - 1. First Aid Care,Injury,Construction,0.022727272727272728,1.0,44.0,fire_explosion
651350,"Air compressor which was being used for exchanger cell drying purpose after hydro test, suddenly its inside wiring(start-up panel wiring) caught minor fire due to heat. The minor fire extinguished by using fire extinguisher from nearby fire stand. No injury & property got damaged.","Fire & Explosion - Flammable solids, liquids and gases",Financial Impact - 1. No impact on entity/asset figures,Financial Impact,Construction,0.022727272727272728,1.0,44.0,fire_explosion
732855,"On Date 19-10-2020 around 04:45pm at Ammonia compressor area,  suddenly smoke was found in welding cable due to overheating as cable was being kept in bundle at one place, immediately the power supply was cut off. There is no personal injury in this incident.","Fire & Explosion - Flammable solids, liquids and gases",Injury - 2. Medical Treatment Injury / Restricted Work Case / Loss of Consciousness,Injury,Construction - Installation,0.022727272727272728,1.0,44.0,fire_explosion
712201,"While checking light towers, I noticed a large amount of Diesel had been spilled while filling the fuel tank and had flooded the bottom o the Light plant.  The exhaust runs through the bottom of the containment and could potentially cause the diesel to ignite.","Fire & Explosion - Flammable solids, liquids and gases",Environment - 4. Major Impact,Environment,Support Service,0.022222222222222223,1.0,45.0,fire_explosion
611782,Employee #10024200 Stacked four pallets high of the four inch triple step boxes. When the employee backed up on the swing lift the bottom pallet collapsed causing the stack to fall over.,Work environment - Fall to lower level / fall to water / loose materials (e.g. silos with granulate),Financial Impact - 2. Minor impact on entity/asset figures,Financial Impact,Transport / Handling / Packing,0.0625,2.0,32.0,falls_slips
518862,while coming down from scaffold his leg slipped from ladder steps. Since his safety belt tied with hand rail hence he hold on scaffold._x000D_ _x000D_ No injury/ property damage caused due to the incident.,"Work environment - Falls, slips and trips on same level (without potential to fall to lower level)",Injury - 1. First Aid Care,Injury,Site Mechanical And Piping,0.058823529411764705,2.0,34.0,falls_slips
671031,"Employee was attending First Aid/CPR/AED training.  Due to an aversion to needles, he fainted during the instruction on the Epipen, fell from his chair hitting his head on the wall causing scalp abrasion, headache, and cervical strain.",Work environment - Fall to lower level / fall to water / loose materials (e.g. silos with granulate),Injury - 3. Lost Time Injury,Injury,Engineering,0.05405405405405406,2.0,37.0,falls_slips
510043,"During Management Walkthrough by project managers and site execution team, while team is moving to visit Radiant panel mock-up assembly area, a manager was unknowingly kept his feet on wooden member, the same was slipped due to sludge and lost his body balance and immediately controlled by himself_x000D_ No injury or damage was caused due to the incident","Work environment - Falls, slips and trips on same level (without potential to fall to lower level)",Injury - 2. Medical Treatment Injury / Restricted Work Case / Loss of Consciousness,Injury,Construction,0.05172413793103448,3.0,58.0,falls_slips
513419,"at the end of gaining, the first machine had to cut the crack at the end of gaining, and it slept on the platform at the level of the head, because the platform is sliding due to the P40tl","Work environment - Falls, slips and trips on same level (without potential to fall to lower level)",Injury - 1. First Aid Care,Injury,Sheathing / Drying,0.05128205128205128,2.0,39.0,falls_slips
535432,"It was reported by YAMGAZ HSE Supervisor that unsecured Gas Cylinder fell out of the trolley on to the deck causing a leak,_x000D_ On further Investigation with workers who were on the shift they had no informatuon on this occurrence. No photos of fallen bottle or witness statements available which resulted in failure to complete an investigation report properly",Work environment - Fall to lower level / fall to water / loose materials (e.g. silos with granulate),Injury - 2. Medical Treatment Injury / Restricted Work Case / Loss of Consciousness,Injury,Yards,0.05084745762711865,3.0,59.0,falls_slips
539761,"at approx. 13:40pm a Doka system scaffold size approximately 8 meters height slanded inwards and rested against the building due to high winds. No damage, no personnel in the area due to weather condition . DOSH being notified. under investigation",Work environment - Fall to lower level / fall to water / loose materials (e.g. silos with granulate),"Damage - 1. Less than 100,000 Euros",Damage,Construction - Installation,0.05,2.0,40.0,falls_slips
624259,A number of Genesis personnel have experienced slipping while walking across the car park due to the icy conditions. The loc bloc areas of the car park appear to be particularly affected._x000D_ Slips were experienced previously during December due to icy conditions.,"Work environment - Falls, slips and trips on same level (without potential to fall to lower level)",Injury - 3. Lost Time Injury,Injury,Support Service,0.047619047619047616,2.0,42.0,falls_slips
638006,"Employee was on top of mud mat holding a tag line, the tagline popped causing the employee to fall back and fall off the mud mat. The Employees head was cut due to his hard hat cutting him when he hit the ground, due to the hard hat shifting and the brim cutting him._x000D_ Update: IP had successful neck surgery and is rapidly recovering.",Work environment - Fall to lower level / fall to water / loose materials (e.g. silos with granulate),Injury - 3. Lost Time Injury,Injury,Manufacturing,0.046875,3.0,64.0,falls_slips
573683,"Technician was transporting a pallet from one location to another. As he was coming to a stop, forward momentum carried the wear bushing part off the pallet. Wear bushing was not banded down or chocked down before moving. No damages or injuries resulted.",Work environment - Fall to lower level / fall to water / loose materials (e.g. silos with granulate),Financial Impact - 2. Minor impact on entity/asset figures,Financial Impact,Yards,0.046511627906976744,2.0,43.0,falls_slips
741102,IP was walking from the bakery to the fruit preparation station when suddenly IP's slipped causing him to loose his balance and subsequently his body weight landed on top of his knee which impacted the ground and same time causing his knee to twist.,"Work environment - Falls, slips and trips on same level (without potential to fall to lower level)",,,,0.045454545454545456,2.0,44.0,falls_slips
713503,A contractor was walking in the tree storage section of S05 and did not see the corner of the oxygen cylinder pallet. The contractors foot connected with the pallet causing the contractor to fall to the ground. This incident did not result in an injury.,"Work environment - Falls, slips and trips on same level (without potential to fall to lower level)",Injury - 1. First Aid Care,Injury,Workshop Activities,0.044444444444444446,2.0,45.0,falls_slips
17224,"One person was descending the staircase located behind the Batiment R, she crushed and could get back just in time to the rambards. Staircase stairs narrow. We were informed that at climbing the people in safety shoes, the staircase had no countermarches, the end of the shoes collapsing causing falls.",Fall to lower level / fall to water / loose materials (e.g. silos with granulate),2 - Minor,Injury/Illness,Engineering-HSE Design,0.04,2.0,50.0,falls_slips
569539,"On 29.01.2018 around 1035Hrs, At fender storage area(Zone 1),Offshore Yard, One of Staff form Offshore Department Was sprained due to uneven surface area (Soil Area)._x000D_ Sprained at injury spot on his right ankle due to previously involved in motorcycle incident during performing routine inventory for asset equipment at fender area.","Work environment - Falls, slips and trips on same level (without potential to fall to lower level)",Injury - 1. First Aid Care,Injury,Yards,0.04,2.0,50.0,falls_slips
606604,Employee fell to her knees when entering the building due to slipping in water. She sent an email to the building ERT Captain advising of the incident. She was then advised to be checked out in the clinic on site due to complaints of her back hurting as well. Adv,"Work environment - Falls, slips and trips on same level (without potential to fall to lower level)",Injury - 2. Medical Treatment Injury / Restricted Work Case / Loss of Consciousness,Injury,Yards,0.04,2.0,50.0,falls_slips
642489,07..5.19 - 9:36 AM Injured Person (IP) contract employee  reported as injured due to tripping incident.  IP found to have an abrasion in their right pinky finger due to striking the conference room wall when tripping.  First aid treatment provided by Emergency Response Team member to IP at incident location.,"Work environment - Falls, slips and trips on same level (without potential to fall to lower level)",Injury - 2. Medical Treatment Injury / Restricted Work Case / Loss of Consciousness,Injury,Information Technology,0.04,2.0,50.0,falls_slips
665185,Exited the building in route towards the JLG forklift.  There was fresh snow on the ground.  While walking he stepped on black ice causing him to slide towards a goat head and striking his shin on a metal stud.  This caused an minor abrasion on the right shin below the knee cap.,"Work environment - Falls, slips and trips on same level (without potential to fall to lower level)",Injury - 1. First Aid Care,Injury,Workshop Activities,0.038461538461538464,2.0,52.0,falls_slips
28885,"After completing his task, a technician was in the process of removing his Tyvek suit. As he attempted to extract his leg and boot, he encountered resistance due to the suit being tight around the boot area. To assist, another technician stepped on the back of the suit to hold it in place while the technician lifted his leg. However, this action caused the technician wearing the suit to lose his balance, resulting in a fall to the ground.","Falls, slips and trips on same level (without potential to fall to lower level)",2 - Minor,Injury/Illness,Vessel / Yards-Workshop Activities,0.0379746835443038,3.0,79.0,falls_slips
705036,"Switching to the chain of 5 electric closets following initial shock by naze, an operator near the fall zone of the closets._x000D_ _x000D_ An electrical cabinet has been struck by a MEWP. The impact led the cabinet to tilt over, causing 4 other cabinets to fall. A worker was in the line of fire.",Work environment - Fall to lower level / fall to water / loose materials (e.g. silos with granulate),Injury - 4. Single Fatality / Serious Lost Time Injury / Permanent Disability,Injury,Construction - Installation,0.037037037037037035,2.0,54.0,falls_slips
510369,"Stores received 18 in number (78.6 KG each) CO2 cylinders (03 pallets with 06 cylinder each) of GTG CO2 flooding system (Firefighting) by closed type mini truck (Taurus). Upon opening the truck door it was noticed the pallets have damages and the pallet loaded on top had moved to the back causing the cylinders to tilt._x000D_ As was not possible to unload the damaged Top pallets with Forklift; F-15 crane was used._x000D_ _x000D_ While unloading from the truck the damaged pallet broke causing one CO2 cylinder slip from the pallet and fall down from about 01 mtrs height._x000D_ _x000D_ Activating its safety valve, causing the CO2 to release._x000D_ _x000D_ The safety cap of the cylinder was intact and no damage was caused to the valve/ cylinder._x000D_ _x000D_ No injury/ property damage caused, except for the CO2 discharge.",Work environment - Fall to lower level / fall to water / loose materials (e.g. silos with granulate),Environment - 1. Minimal Impact,Environment,Site Material Handling And Storage,0.0364963503649635,5.0,137.0,falls_slips
568934,Employee 10016839 was walking from front office area into the shop next to Mazak 703 when footing was lost due to smooth surface on the concrete. Employee fell to floor landing on backside. Employee was not injured and declined medical attention that was offered by members of the safety committee. No work lost due to incident.,"Work environment - Falls, slips and trips on same level (without potential to fall to lower level)",Injury - 1. First Aid Care,Injury,Other Manufacturing Activities,0.03571428571428571,2.0,56.0,falls_slips
713321,Employee was walking on the sidewalk in between S01 office and P01 (parking garage) and became distracted causing the employee to lose their footing and fall to their knees.  The fall caused a contusion just below the employees knee. The employee was seen by the on-site clinic and was released back to work with no restrictions.,"Work environment - Falls, slips and trips on same level (without potential to fall to lower level)",Injury - 1. First Aid Care,Injury,Customer Service,0.03571428571428571,2.0,56.0,falls_slips
725345,I.P was walking on the back deck near TR rail on starboard side his left foot slipped on a wet part of the deck causing his weight to roll on top of his ankle resulting in mild pain & swelling._x000D_ On discussion with the IP he stated that there had been water on the deck which may have contributed to the strength of support offered by the boots after absorbing the water. The absorbed water may have lessened the ability for the boot to provide support,"Work environment - Falls, slips and trips on same level (without potential to fall to lower level)",Injury - 1. First Aid Care,Injury,Flexible Pipe Installation,0.03488372093023256,3.0,86.0,falls_slips
603365,A workshop technician has reported a near miss incident cause of dropped object due to strong wind and heavy rain. A zinc roof weighing 4kg with dimension (1.5ft x 11.5ft) was inadvertently dropped from roof top and fell over approximately 9 metres (30 feet) to the ground outside the Low Bay area. There was no personnel injury reported.,Work environment - Fall to lower level / fall to water / loose materials (e.g. silos with granulate),Financial Impact - 2. Minor impact on entity/asset figures,Financial Impact,Yards,0.034482758620689655,2.0,58.0,falls_slips
516341,"During the movement of the welding machine (POLITRON “S” 10kW – AC) with the use of the pallet, the welding machine wheel came to trave into a desnive on the floor, coming to fall over the pallet holes, causing thus defects to the equipment._x000D_ OBS: The operator that the machine was being transported in this way for some time.","Work environment - Falls, slips and trips on same level (without potential to fall to lower level)",Injury - 2. Medical Treatment Injury / Restricted Work Case / Loss of Consciousness,Injury,Other Manufacturing Activities,0.03389830508474576,2.0,59.0,falls_slips
573978,"While our Piling team working on the Test Pile at location Prime G Green Belt North side. The works have been carried out under proper coverage of safety and execution. As per our barricading panels been placed on the North & East side of the operating rig._x000D_  _x000D_ Our Barricading panel placed on the North & East, due to slightly heavy wind barricading fallen east side  had fallen on the nearby Fire monitor. Even though the panel slide gradually, that monitor couldn’t able to withstand and broken on the upstream of isolation valve, causing leakage of Fire water._x000D_ _x000D_ Further we observed that the broken monitor was not in the healthy state and it was totally corroded, which leads to failure. We doubt the same case may exist in other systems too. This is for your kind information and action please._x000D_ No injury/ property damage caused due to the incident.",Work environment - Fall to lower level / fall to water / loose materials (e.g. silos with granulate),Injury - 1. First Aid Care,Injury,Construction,0.03333333333333333,5.0,150.0,falls_slips
16926,"When transferring leaf crowns from the SP13 machine to the SP4 machine, the GCA carist fell to the ground, 3 palettes containing in all 14 leaf crowns. Cause: human behavior.","Falls, slips and trips on same level (without potential to fall to lower level)",1 - Negligible,Damage - Financial impact,,0.03333333333333333,1.0,30.0,falls_slips
22105,Whilst walking around an XT in the test booth the IP hit his leg off an anode on the lower tree frame.The impact resulted in a cut to the leg.,"Falls, slips and trips on same level (without potential to fall to lower level)",1 - Negligible,Injury/Illness,,0.03333333333333333,1.0,30.0,falls_slips
622854,"The carist delivered 2 octabins gerbed on the G150. A few meters from the deposito area, the lower octabine broke up causing the basulation & fall of the upper octabine.",Work environment - Fall to lower level / fall to water / loose materials (e.g. silos with granulate),Injury - 1. First Aid Care,Injury,Storage,0.03333333333333333,1.0,30.0,falls_slips
552127,"During moving the manual of a empty collector of fluorescent lamps by a collaborator, the same scrolled from his m'os coming to fall on his left foot causing light leso.","Work environment - Falls, slips and trips on same level (without potential to fall to lower level)",Injury - 2. Medical Treatment Injury / Restricted Work Case / Loss of Consciousness,Injury,Support Service,0.03333333333333333,1.0,30.0,falls_slips
700815,While walking around the Manifold to change chokes my foot was caught on a section of loosely installed TPR causing me to trip.  I fell to the ground but was uninjured,"Work environment - Falls, slips and trips on same level (without potential to fall to lower level)",Injury - 2. Medical Treatment Injury / Restricted Work Case / Loss of Consciousness,Injury,Support Service,0.03225806451612903,1.0,31.0,falls_slips
648047,"Co-workers, on the way to work Ed. New Town, came to fall at the same level causing fraction on his foot. We are waiting for greater information to update the case.","Work environment - Falls, slips and trips on same level (without potential to fall to lower level)",Injury - 3. Lost Time Injury,Injury,HSE,0.03225806451612903,1.0,31.0,falls_slips
641014,"At the arrival on the parking lot a thick mouse plate is located at the entrance of the parking lot, throwing the front wheel and causing the fall of the motorcycle.","Work environment - Falls, slips and trips on same level (without potential to fall to lower level)",Injury - 1. First Aid Care,Injury,Site / Traffic routes,0.03225806451612903,1.0,31.0,falls_slips
710975,"During cable management at ground level, one helper stumble on uneven surface and fall on ground the foot was placed on the pedestal to elevate the cable and the leg slept, causing it to fall down and scratch its right leg. Due to which he was sent to First-Aid centre and gave minor treatment there and he went back to his work.","Work environment - Falls, slips and trips on same level (without potential to fall to lower level)",Injury - 2. Medical Treatment Injury / Restricted Work Case / Loss of Consciousness,Injury,Site Electrical,0.03225806451612903,2.0,62.0,falls_slips
7934,"As a result of rushing, a warehouse employee fell approximately 18-24 inch while stepping off a Crown Wave vertical lift due to the lift not being secured in it lowest possible position","Falls, slips and trips on same level (without potential to fall to lower level)",3 - Significant,Injury/Illness,,0.03125,1.0,32.0,falls_slips
502506,"Approx. 15.40Hrs 6 exterior Blast relief wall panels were blown out of their  fixed position  on the exterior wall of the module by the strong wind, some of the panels hit the adjacent Scaffolding on their decent causing damage to some Scaffold members.  The Scaffold had minor deformation in some areas but was not in any danger of collapse. _x000D_ No Injuries were reported",Work environment - Fall to lower level / fall to water / loose materials (e.g. silos with granulate),"Damage - 5. More than 5,000,000 Euros",Damage,Construction - Installation,0.03125,2.0,64.0,falls_slips
595979,"IP was transporting equipment on a rolling cart. When entering the shop doorway to traverse over threshold the part tip over impacting his finger, breaking the skin causing a cut on the finger.",Work environment - Fall to lower level / fall to water / loose materials (e.g. silos with granulate),Injury - 2. Medical Treatment Injury / Restricted Work Case / Loss of Consciousness,Injury,Manufacturing,0.030303030303030304,1.0,33.0,falls_slips
27120,"Timing between 3-4 pm, an intern went to changing room. She slipped and fell on floor due to rainwater. Bump her right shoulder, and right hips. No serious injury/ swelling sustain by IP.","Falls, slips and trips on same level (without potential to fall to lower level)",1 - Negligible,Injury/Illness,,0.030303030303030304,1.0,33.0,falls_slips
728999,A worker broke her nail of the finger thumb of the left hand; this happened because her finger was slipped while she pushed to maintain pressure in the flow of water in washbasin.,"Work environment - Falls, slips and trips on same level (without potential to fall to lower level)",Injury - 1. First Aid Care,Injury,Engineering,0.030303030303030304,1.0,33.0,falls_slips
522905,"On 17th January 2017 around 2.30pm, One of the employees working in 4th Floor, While sitting on the chair all of sudden fell down due to chair bottom support got broken. No injury took place.","Work environment - Falls, slips and trips on same level (without potential to fall to lower level)",Injury - 1. First Aid Care,Injury,Engineering,0.02857142857142857,1.0,35.0,falls_slips
16530,"During backloading of TFMC air compressor from AQP jetty to TFMC service base, the control lines of their forklift ruptured which led to lose of control and free drop of forks. This resulted in the air compressor falling to the ground",Stored energy (dropped objects),1 - Negligible,Damage - Financial impact,Vessel / Yards-Load-Out,0.07317073170731707,3.0,41.0,dropped_objects
30188,"During machining operation on the adopter “weldment” equipment. The diameter 0.565 drilling process was ongoing, while the drill depth was Z -1.5 inches. A hydro-grip adapter was used to hold the drill tool, but during the drilling process, the grip failed due to an adapter problem because of hydraulic system failure to feed the adopter with pressure which caused the drill tool broken. The drill tool was broken on speed 0.0015 fr and then due to the drill tool being moved from its original position and flying, hit the inside door glass caused damage to the window glass.",Uncontrolled moving objects/ parts (struck by other than machine parts and dropped objects),2 - Minor,Damage - Financial impact,Manufacturing-Machine Shop,0.07142857142857142,7.0,98.0,dropped_objects
505259,"While tightening of the bolt with help of spanner and hammer, the hammer slipped from hand and fell down on ground._x000D_ No injury/ property damage caused due to the incident.",Mechanical - Stored energy (dropped objects),Injury - 2. Medical Treatment Injury / Restricted Work Case / Loss of Consciousness,Injury,Site Mechanical And Piping,0.06666666666666667,2.0,30.0,dropped_objects
509375,"During the operation of the G-153 emission turner, the turner exceeded the turner on the trail and the bobin that was on the turner collapsed in the galp's wire causing the turner.",Mechanical - Uncontrolled moving objects/ parts (struck by other than machine parts and dropped objects),"Damage - 2. More than 100,000 Euros less than 500,000 Euros",Damage,Sheathing / Drying,0.0625,2.0,32.0,dropped_objects
531917,"Steel pipe fell of the mafi because the ground is not even and because the dockers did not put wedges undemeath the steel pipe._x000D_ No injured persons, no damage on the pipe.",Mechanical - Uncontrolled moving objects/ parts (struck by other than machine parts and dropped objects),"Damage - 1. Less than 100,000 Euros",Damage,Yards,0.0625,2.0,32.0,dropped_objects
11875,"Forklift operator went to lift a 1m x 1m pallet in the yard, after elevating the pallet and reversing the forklift the pallet has collapsed causing components to fall to the ground.",Stored energy (dropped objects),2 - Minor,Damage - Financial impact,Construction - Installation-Site Material Handling And Storage,0.0625,2.0,32.0,dropped_objects
509292,"During lifting of an AG5 grinding machine (2.1 Kg) from the elevated scaffold platform with the help of 15mm rope (PP Type), machine got slipped and fell over the ground from a height of approx. 1.5 Mtr due to improper tying-off the grinding machine. _x000D_ _x000D_ The area underneath was soft barricaded and the Rigger was available nearby to control the unauthorized personnel entry. _x000D_ No injury/ property damage caused due to the incident.",Mechanical - Stored energy (dropped objects),Injury - 2. Medical Treatment Injury / Restricted Work Case / Loss of Consciousness,Injury,Site Material Handling And Storage,0.05405405405405406,4.0,74.0,dropped_objects
570478,"GeoSkid 210131 pressure test failure. FMC Tech was three minutes into a twenty minute hydrostatic pressure test @ 10K CWP on GeoSkid 210131 when component separation occurred. GeoSkid was confined in an enclosed Test Cell, no personnel injury occurred. Root Cause appears to be worn Line Pipe threads. Please see pictures below, along with test chart.","Mechanical - Stored energy (pressure, tension)",Reputation - 1. Negligible - No impact,Reputation,Testing,0.05357142857142857,3.0,56.0,dropped_objects
504664,"While a crew remove the moisture on the panel, Panel encloser gland metal sheet (Size 620mmX2mmX100mm) fall from height (2.5 meter) through gap between GIS panel and cable cellar._x000D_ No injury/ property damage caused due to the incident.",Mechanical - Stored energy (dropped objects),Injury - 1. First Aid Care,Injury,Site Electrical,0.05263157894736842,2.0,38.0,dropped_objects
15093,"During handling of food containers in the quay side, shipyard crane had a failure resulting in an uncontrolled descent of the load which hit the corner of another parked container, thus tipping the food container on its side.",Uncontrolled moving objects/ parts (struck by other than machine parts and dropped objects),2 - Minor,Damage - Financial impact,Construction - Installation-Offshore Installation,0.05263157894736842,2.0,38.0,dropped_objects
672972,A third Party winch truck operator was attempting to load a sand can onto the truck. He connected his yoke to the skid properly but when he pulled forward to straighten his cable he failed to put his winch line in neutral causing the cable to pull on the skid which caused the sand can to fall over.,Mechanical - Stored energy (dropped objects),Financial Impact - 3. Significant impact on entity/asset figures. Likely impact on (R)BU/GBU figures,Financial Impact,Support Service,0.05172413793103448,3.0,58.0,dropped_objects
577032,"During transportation of two (2) Toe Preps, the 3rd Party Contract Driver had a near collision with another vehicle, resulting in the driver hard braking and swearing.  This action caused the load to shift damaging the equipment and trailer.",Mechanical - Uncontrolled moving objects/ parts (struck by other than machine parts and dropped objects),Injury - 5. Multiple Fatalities,Injury,Yards,0.05128205128205128,2.0,39.0,dropped_objects
19594,"While positioning an SFL Reel and Shipping Skid adjacent to an RDS, in preparation for loading the Reel into the RDS, the vessel rolled causing the load to swing into a wear pad mounted to one of the RDS guide plates. The contact between the RDS guide plate wear pad and the SFL Reel sheared the brass bolts that attached the pad to the structure and ejected the wear pad. The wear pad made light contact with a technician’s right upper thigh. who was standing approximately 12 ft away. No injuries were sustained, and first aid not required.",Uncontrolled moving objects/ parts (struck by other than machine parts and dropped objects),2 - Minor,Damage - Financial impact,Vessel / Yards-Marine Operations,0.05102040816326531,5.0,98.0,dropped_objects
8914,Cactus wellhead verified zero pressure before removing night cap from casing head. Backside pressure or improper landing caused pack off to release and fell out of casing head onto casing valves when cap was removed. Trapped pressure was released around night cap when they picked it up causing pressure release at wellhead employees stomach area. No one was hurt.,"Stored energy (pressure, tension)",1 - Negligible,Damage - Financial impact,Support Service-Wellhead preventive and corrective maintenance program at field,0.05084745762711865,3.0,59.0,dropped_objects
668846,"Pressure testing was being conducted on a 9-5/8” TIW offline cement tool. During the hold time of the test, the part experience a catastrophic failure. A section of 9-5/8” L80 casing burst at 10,000 psi. The result of the ruptured part caused a section of blast shield to slide approximately three foot across the ground. No employees were injured.","Mechanical - Stored energy (pressure, tension)",Injury - 3. Lost Time Injury,Injury,Workshop Activities,0.05084745762711865,3.0,59.0,dropped_objects
24704,"Team was attempting to remove Connector Reaction ring from the Outer Cylinder using a winch with a Dillon scale attached. The winch rope wrapped around the Outer Cylinder of the connector with the Reaction Ring stabilized in drain slots  with studs . While attempting to unthread the connector, the winch rope failed at approx.  8,000 ft. lbs. When the rope failed, it caused the Dillon scale to fall to the concrete. This fall caused damaged to the Dillon scale.","Stored energy (pressure, tension)",2 - Minor,Injury/Illness,Vessel / Yards-Workshop Activities,0.05063291139240506,4.0,79.0,dropped_objects
24332,"Deep Orient at Sea in transit from AUS to Singapore.          During maintenance activities on the VLS tower – task VLS Tensioner Chains removal, rigging failed causing approx.13m length chain section to drop through the VLS tower onto the VLS table.",Uncontrolled moving objects/ parts (struck by other than machine parts and dropped objects),4 - Substantial,Injury/Illness,,0.05,2.0,40.0,dropped_objects
695298,"At around 5:30 p.m. on 19/10/2020, during the cable delivery maneuver to the COXON TIDE rebooter, there was the collapse between the ships causing damage to the false edge of the LH PLáCIDO and without any damage report by the COXON TIDE.",Mechanical - Uncontrolled moving objects/ parts (struck by other than machine parts and dropped objects),Financial Impact - 2. Minor impact on entity/asset figures,Financial Impact,Marine Operations,0.047619047619047616,2.0,42.0,dropped_objects
684504,"While attempting to move a flow test metal skid with forklift, the moving skid caught a recycle container staged next to the build and causing the container to move and strike the building.  The incident caused a hole in the buildings exterior.",Mechanical - Uncontrolled moving objects/ parts (struck by other than machine parts and dropped objects),Financial Impact - 2. Minor impact on entity/asset figures,Financial Impact,Vessel / Yards,0.047619047619047616,2.0,42.0,dropped_objects
19485,"During the lowering of the main block to the deck, the main crane’s right tugger wire failed (being used as a block holdback). What appears to be the failure of the wire is the crane operator switched from constant tensioning to manual tensioning. The operator then moved the main block resulting in overloading of the wire. The secondary tugger wire held the block in place. The main block was approximately 40 feet in the air during the failure. No personnel were in the area when this event occurred",Uncontrolled moving objects/ parts (struck by other than machine parts and dropped objects),2 - Minor,Damage - Financial impact,Construction - Installation-Offshore Installation,0.045454545454545456,4.0,88.0,dropped_objects
22987,"The forklift operator delivered a pallet of 3"" TSI 20 roughouts to a work cell location. The operator adjusted his fork position and started to lift the pallet of material to a cart. Upon doing so, the pallet started to collapse on the end, thus causing the parts to tip over and roll to the floor. The weight of the pallet was overloaded on the end and not centered. The pallet started collapsing approximately 4"" to 5"" off the ground. No one was in the line of fire.",Uncontrolled moving objects/ parts (struck by other than machine parts and dropped objects),2 - Minor,Injury/Illness,Vessel / Yards-Workshop Activities,0.045454545454545456,4.0,88.0,dropped_objects
690134,"Work was conducted on the MSLS frame in M?l?y, when a loud bang was heard in the container wall next to the MSLS. The cause of the bang looks to be a piece of a washer that has suddenly failed and being projected towards the container wall and landed a few meters away from one of the riggers._x000D_ _x000D_ No personnel were injured._x000D_ _x000D_ Area was secured and barriered off, awaiting further assessment and instructions from office._x000D_ _x000D_ 05.09.20: 2nd washer failed on the MSLS in M?l?y. The location is on the same clamp and adjacent to the first one that failed._x000D_ 05.09.2020: Survey of frame left on seabed identified 3 missing washers_x000D_ 09.09.20: 3rd washer failed on another clamp in M?l?y_x000D_ 11.09.20: 4th washer failed in M?l?y - wooden protection plate broken","Mechanical - Stored energy (pressure, tension)",Financial Impact - 1. No impact on entity/asset figures,Financial Impact,Load-Out,0.045112781954887216,6.0,133.0,dropped_objects
737482,While recovering ROV UHD84/FlyWOCS vessel heave contributed to_x000D_ uncontrolled landing of ROV with FlyWOCS skid attached._x000D_ It was determined the cause was an unforeseen change in sea state causing the lifted ROV to swing in an uncontrolled manner until the operator landed the equipment on deck. No personnel were present on the ROV landing platform during the event_x000D_ due to adherence to barriers and normal safety protocols.,Mechanical - Uncontrolled moving objects/ parts (struck by other than machine parts and dropped objects),Environment - 2. Limited Impact,Environment,ROV Operations,0.04477611940298507,3.0,67.0,dropped_objects
13748,Hall G  LIFT  The incident occurred during lifting the Workshop tool stand for TH & ITC using one Ton soft sling. The employee forgot to remove the nut from the screw anchor which secures the stand to the concrete floor causing the sling tensile to break due to overload.  The fault was spotted by the noise of breaking tensile and the lifting operation was terminated. There were no injuries,Uncontrolled moving objects/ parts (struck by other than machine parts and dropped objects),3 - Significant,Injury/Illness,Manufacturing-Transport / Handling / Packing,0.043478260869565216,3.0,69.0,dropped_objects
684649,"operator was unloading a pallet from a HGV Lorry in liberty yard. the operator lifted Pallet and began to reverse, however, due to the ground being uneven the pallet slid from one side of the forks, to the other, causing this to fall to the ground.",Mechanical - Uncontrolled moving objects/ parts (struck by other than machine parts and dropped objects),Financial Impact - 2. Minor impact on entity/asset figures,Financial Impact,Warehouse,0.043478260869565216,2.0,46.0,dropped_objects
550637,"While trying to lift the equipment by tandem lift at the ground floor to load it on the truck, one of the achor point failed and one side of the equipment fell on the ground (about one meter fall). Area was barricaded due to lifting activities.",Mechanical - Stored energy (dropped objects),Injury - 3. Lost Time Injury,Injury,Construction,0.043478260869565216,2.0,46.0,dropped_objects
519377,"One of the mooring rope deployed by Red Zed 1 (Stern Line) sheared off during Stern Alongside navigating. _x000D_ While maneuvering the Vessel to load out position a Starboard Stern Mooring Line was caught between stored line in the Storage Drum causing high tension development. This was partially caused by a Local Tug Boat repositioning allowing the vessel to Drive towards the Portside. The movement caused high tension causing the Mooring line to break off. _x000D_ When this happened, no one was close to the bollard area nor the winch house of the vessel.","Mechanical - Stored energy (pressure, tension)",Injury - 2. Medical Treatment Injury / Restricted Work Case / Loss of Consciousness,Injury,Yard - Spool Base Fabrication,0.0425531914893617,4.0,94.0,dropped_objects
15383,"During removal of hydraulic actuator from Xmas tree technician did not use guide sleeve stopper, or vented the hydraulic chamber causing pressure build up behind the guide sleeve resulting in the guide sleeve to pop out. No personnel in area or line of fire when incident happened.","Stored energy (pressure, tension)",2 - Minor,Injury/Illness,Vessel / Yards-Workshop Activities,0.0425531914893617,2.0,47.0,dropped_objects
527796,A pipe support (Cleat) – 300X100X10mm; approx. 04 Kg) dropped from 08 mtrs height while performing fit up activity._x000D_ _x000D_ Safety net was partially open in area for spool erection._x000D_ Area underneath/ drop zone was clear and barricaded. _x000D_ _x000D_ No injury caused due to the incident.,Mechanical - Stored energy (dropped objects),Injury - 3. Lost Time Injury,Injury,Site Mechanical And Piping,0.0425531914893617,2.0,47.0,dropped_objects
726815,"Environmental Conditions:_x000D_ The incident occurred at 10:50 on 26/08/2021. The vessel was at geographic location: 051°11’475”N 008°19’594”E; wind was ENE / 8kts; sea was assessed as 0.7m Hs,1.3m Hmax, Direction SW, visibility was good._x000D_ _x000D_ Task / Actions Leading up to the Incident:_x000D_ Location: Kinsale Seven Heads Well C. Depth: 100m._x000D_ During operation, 5F manipulator started leaking. Pressure was immediately turned off and ROV recovered to deck to fix leak. There was no pre-warning to this, no seepage in advance or alarms. This resulted in discharges to sea, approximately 2 liters with the Tellus M22. MSDS sheet attached_x000D_ _x000D_ Incident / Initial Findings:_x000D_ 5F “grabber function” was released and leak immediately stopped when we did this. Rov was recovered to the deck to top up with oil and fix 5F. TOFS was not done because this was equipment failure and not operator failure. The failure was internal, so nothing could have been done from our side to avoid this. We have prior to this done buddy checks on all hydraulic connections and none found. Cause of this failure was blown o-ring internal and a direct cause of nature of the job. Wear and tear._x000D_ _x000D_ Immediate Actions taken:_x000D_ All stop. Recovered ROV to surface. Investigated and rectified the leak. Topped up the system. Produced report.","Mechanical - Stored energy (pressure, tension)",Environment - 1. Minimal Impact,Environment,ROV Operations,0.04186046511627907,9.0,215.0,dropped_objects
714517,Employee ended his shift and was traveling back to the hotel on highway when 2 deer jumped out from the ditch and caused the accident.  Accident only caused vehicle damage.,Work environment - Motor Vehicle Road Accident,Financial Impact - 2. Minor impact on entity/asset figures,Financial Impact,Diving,0.06666666666666667,2.0,30.0,transportation
709872,"While Maneuvering at site, due to miscalculation of the distance, a pick-up vehicle accidently hit a scaffold barricades which caused a minor damage to the vehicle front bumper._x000D_ No Injuries sustained.",Work environment - Motor Vehicle Worksite Accident,Financial Impact - 2. Minor impact on entity/asset figures,Financial Impact,Construction - Installation,0.06451612903225806,2.0,31.0,transportation
697544,"Employee was backing up into a parking stall (parking lot had a small decline grade, roads were wet, snow covered and icy). In doing so the truck had slid into a poll, causing damage to the passenger side of bumper causing bumper to dent and cause it to shift.",Work environment - Motor Vehicle Road Accident,Financial Impact - 2. Minor impact on entity/asset figures,Financial Impact,Vessel / Yards,0.061224489795918366,3.0,49.0,transportation
709484,"While a Trailer Truck (53709) hit the Main entrance Gate while going outside due to the less clearance caused by another truck going inside. Truck stopped, NSH/TTSJV/BAPCO representative were informed._x000D_ No Injuries sustained._x000D_ Investigation Started.",Work environment - Motor Vehicle Worksite Accident,Financial Impact - 2. Minor impact on entity/asset figures,Financial Impact,Construction - Installation,0.05714285714285714,2.0,35.0,transportation
13779,the nightshift material handler was driving the forklift when he made contact with residue on the ground which caused him to skid into the container side wall. this caused a puncture to the metal side wall.,Motor Vehicle Worksite Accident,2 - Minor,Damage - Financial impact,Vessel / Yards-Yards,0.05555555555555555,2.0,36.0,transportation
684339,18t Flat Bed vehicle contracted to technipFMC Dunfermline was making a return trip to Dunfermline from offiste storage facility when failure of securing strap resulted in strap falling from vehicle and making contact with a 3rd party vehicle travelling in the opposite direction causing minor damage. No persons were injured and contractor insurance company will deal direct with 3rd party involved.,Work environment - Motor Vehicle Road Accident,Injury - 2. Medical Treatment Injury / Restricted Work Case / Loss of Consciousness,Injury,Transport / Handling / Packing,0.04918032786885246,3.0,61.0,transportation
672621,I went to Wayne’s work wear to purchase boots for work when I got on the service road ( divided highway )  I was heading East and a truck passed heading west  and something hit the mirror and caused window damage.,Work environment - Motor Vehicle Road Accident,Financial Impact - 2. Minor impact on entity/asset figures,Financial Impact,Fleet,0.04878048780487805,2.0,41.0,transportation
711462,"On 3rd April 2021 approximately 09:15am due to heavy wind, a welding booth flow off and hit a nearby stationed vehicle causing a damage to the front glass shield and the bonnet / No injuries sustained due to this incident _x000D_ _x000D_ Immediately action:  Booth Secured / Vehicle moved to a safer location / Reported to the TTSJV representative / Investigation commenced.",Work environment - Motor Vehicle Worksite Accident,Financial Impact - 2. Minor impact on entity/asset figures,Financial Impact,Construction - Installation,0.04838709677419355,3.0,62.0,transportation
11674,"Warehouse technician was to place goods in shed #47, on yard. Technician placed the pallet and when reversing out of gate, the mast hit gate, and this resulted in property damage.  Gate hit because forklift driver forgot to lower mast on forklift.",Motor Vehicle Worksite Accident,2 - Minor,Damage - Financial impact,Vessel / Yards-Warehouse,0.047619047619047616,2.0,42.0,transportation
713539,"The vehicle was in the traffic Jam and suddenly the vehicle that was in front started reverse maneuver and bumped Bollore vehicle, the incident resulted in damage on the vehicle hood. No human damage has resulted has resulted from the incident only material damage.",Work environment - Motor Vehicle Road Accident,Financial Impact - 2. Minor impact on entity/asset figures,Financial Impact,HSE,0.045454545454545456,2.0,44.0,transportation
598304,United Vision loaded out a SCM Running tool from S15 Dock B. Load securement was inadequate. The driver made a right turn on the feeder of the Beltway from W. Lake Houston Pkwy. His straps failed and the load dropped off the truck. SIF,Work environment - Motor Vehicle Worksite Accident,Reputation - 2. Minor - Isolated and short term complains from local community - Impact on Client's relationship at contractual level,Reputation,Load-Out,0.045454545454545456,2.0,44.0,transportation
590915,"While Company car stop due to traffic jam in the public road, suddenly a dump truck came from rear left of the car and hit the rear body part of the car and caused the car's body dented and broke the glass. No personnel injury.",Work environment - Motor Vehicle Road Accident,Injury - 3. Lost Time Injury,Injury,Site / Traffic routes,0.044444444444444446,2.0,45.0,transportation
22123,Transportation Company hauling XT miscalculated the height as he went under the overpass. The XT made contact with the overpass causing damage to the XT. Investigation into damage is ongoing. ** NOT A TFMC OWNED CASE. TRACKING DUE TO OUR XT BEING INVOLVED IN THE INCIDENT**,Motor Vehicle Road Accident,2 - Minor,Damage - Financial impact,Manufacturing-Site / Traffic routes,0.043478260869565216,2.0,46.0,transportation
612068,"I was traveling away from site on Deleware Ranch lease road during a rain storm, extremely limited visibility also due to fog when after coming down a hill the road veers hard on a ninety degree turn. I applied brakes and due to the wet mud and clay from the lease road slid straight not being able to make the hard turn causing me to go through a fence.",Work environment - Motor Vehicle Worksite Accident,Injury - 1. First Aid Care,Injury,Construction,0.043478260869565216,3.0,69.0,transportation
15361,"COMPANY VEHICLE LD3830 WAS TRAVELING EAST ON I2- WHEN A RECKLESS DRIVER CAUSED OUR COMPANY VEHICLE AND A SEMI TRUCK TO SWERVE OUT OF THE WAY.  WHILE AVOIDING A COLLISION, OUR VEHICLE GRAZED A CONCRETE BARRIER, CAUSING MINIMAL DAMAGE (SCRATCHES MOSTLY) TO DRIVER SIDE OF VEHICLE.",Motor Vehicle Road Accident,1 - Negligible,Damage - Financial impact,Support Service-HSE,0.043478260869565216,2.0,46.0,transportation
670229,"During a movement of an equipment within a skid, the trail passed through a place where the soil was visiblely unstable due to the rain. With the balance of the road due to the soil desnive, coming asssim the Skid shocked with the galp's rainbow damaging it.",Work environment - Motor Vehicle Worksite Accident,Financial Impact - 2. Minor impact on entity/asset figures,Financial Impact,Site Material Handling And Storage,0.0425531914893617,2.0,47.0,transportation
737452,"When backing up, driver to proceed North out of the campsite the driver failed to do a vehicle walk around and the passenger side door and running board collided with a rock approximately 26"" in height.  This caused damage to the running board, door panel and quarter panel.",Work environment - Motor Vehicle Road Accident,Financial Impact - 1. No impact on entity/asset figures,Financial Impact,Vessel / Yards,0.041666666666666664,2.0,48.0,transportation
669148,"Shop Technician had been clearing snow in Skid steer on West side of building. When technician went to exit the machine, the wind blew the door open and the flex of the glass caused it to break. Immediate action was taken, cleaned up broken glass. Personal will be in tomorrow to look or possibly repair glass._x000D_ High gust of winds was the cause of the incident causing door to blow open pass its threshold.",Work environment - Motor Vehicle Worksite Accident,Injury - 2. Medical Treatment Injury / Restricted Work Case / Loss of Consciousness,Injury,Yards,0.04054054054054054,3.0,74.0,transportation
685377,as the oceaneering van was heading to to the exit gate it drove over a piece of loose grating causing it to kick up and damage the Ad blue tank on the underside of the vehicle. this caused the Ad blue to empty along the yard surface towards the exit gate.,Work environment - Motor Vehicle Worksite Accident,Financial Impact - 2. Minor impact on entity/asset figures,Financial Impact,Manufacturing,0.0392156862745098,2.0,51.0,transportation
677121,"While driving back to the yard, had to take a sharp turn on a tight corner due to a semi being in the opposite lane of the road I was turning onto. This made for a sharp turn and I hit a small concrete barrier cause damage to the rim and tire",Work environment - Motor Vehicle Worksite Accident,Financial Impact - 1. No impact on entity/asset figures,Financial Impact,Operations,0.038461538461538464,2.0,52.0,transportation
515106,Hydraulic oil from one of the four boom stopers of a crane due to machanical failure._x000D_ _x000D_ Hydraulic oil from one of the four boom stopers of a crane due to machanical failure,Substances  - Hazardous liquids (exposure to / spill / loss of containment /pollution),Environment - 1. Minimal Impact,Environment,Construction,0.12121212121212122,4.0,33.0,containment_loss
705936,"While lifting air cooler by Sarens LR1280, in unit 18 area 05, due to mechanical failure hydraulic oil hose rupture occurred which caused minor oil spill. The lifting team used drip tray and sand to prevent spread and contamination of soil.",Substances  - Hazardous liquids (exposure to / spill / loss of containment /pollution),Environment - 1. Minimal Impact,Environment,Construction - Installation,0.0975609756097561,4.0,41.0,containment_loss
663753,During flowback operations the Packing of the D4 actuator on the Water automation line afield causing fluid to leak from the valve.  If left unattended could result in spills or exposure to hot fluids causing injuries.,Substances  - Hazardous liquids (exposure to / spill / loss of containment /pollution),Environment - 2. Limited Impact,Environment,Vessel / Yards,0.08333333333333333,3.0,36.0,containment_loss
740483,During Subsea operations a seal failed on the Pipe Lifting Tool owned by Connector Subsea Solutions (CSS). Approximately 1.8 liters of Tellus MX 22 was released. The failed seal did not result in any damage to subsea equipment or client assets.,Substances  - Hazardous liquids (exposure to / spill / loss of containment /pollution),Financial Impact - 1. No impact on entity/asset figures,Financial Impact,Vessel / Yards,0.07317073170731707,3.0,41.0,containment_loss
701588,"The overload was caused due to an improvised connection between a tube and mango inside the channel at Highbay. The rear broke down and there was the disconnection of the line, causing the leakage of water at the site, within the area with the container, overloading the industrial waste tank of the assembly and test area. To contain the immediate overload was made the mango connection again to prevent the arrival of more water and was requested a vacuum path for drainage of the effluent.",Substances  - Hazardous liquids (exposure to / spill / loss of containment /pollution),Environment - 2. Limited Impact,Environment,HSE,0.058823529411764705,5.0,85.0,containment_loss
10175,It was observed that the ground surface where the Kenworth truck was parked appeared saturated with oil. Closer observation revealed that the fuel filter had malfunctioned resulting in the fuel leaking into the ground surface.,Hazardous liquids (exposure to / spill / loss of containment /pollution),2 - Minor,Environment,Vessel / Yards-Warehouse,0.05714285714285714,2.0,35.0,containment_loss
639718,Bottle of gear oil left on underside of inspection stand and fell when moving the inspection stand from inside high bay to outside return lane causing the bottle to rupture and oil to spill on the ground.,Substances  - Hazardous liquids (exposure to / spill / loss of containment /pollution),Environment - 1. Minimal Impact,Environment,Transport / Handling / Packing,0.05405405405405406,2.0,37.0,containment_loss
578192,"0626hrs while conducting NAP14 annulus unloading operations, Baker Hughes reported that one of the N2 tanks on the back deck of Skandi Vinland had failed._x000D_ The failure consisted of a section of the outer shell of the N2 tank (the tanks have outer and inner shells) collapsing, leaving a large hole (approx 0.5m x 0.5m). Operators in the vicinity of the tank reported hearing a loud ‘pop’ and that the tank shell had collapsed in on itself._x000D_ It is believed that the exhaust from a neighboring tank could have been intermittently discharging small quantities of liquid N2 onto the outer shell of the tank, causing it to become brittle. As the annulus between the two shells is a vacuum, it is understood that the vacuum caused the brittle steel to fail._x000D_ To confirm, no personnel were injured and no liquid nitrogen was released due to the failure of the outer shell.",Substances  - Hazardous liquids (exposure to / spill / loss of containment /pollution),Environment - 1. Minimal Impact,Environment,Operations,0.052980132450331126,8.0,151.0,containment_loss
733289,"16t forklift was being used to return a multiphase flow meter (MPFM) to SE corner of the laydown storage yard from annual planned ISM.  Following MPFM delivery, forklift was reversing back when hydraulic failure caused fluid release to the ground.",Substances  - Hazardous liquids (exposure to / spill / loss of containment /pollution),Environment - 1. Minimal Impact,Environment,Warehouse,0.05,2.0,40.0,containment_loss
615745,"Due to an operational failure occurred in the water and oil separator box (SAO) of the Desparafine area, there was a leakage of approximately 30 liters of oil water, coming to the Victory Bay._x000D_ Immediately the Individual Emergency Plan of the Flexibrás Terminal was activated.",Substances  - Hazardous liquids (exposure to / spill / loss of containment /pollution),Environment - 1. Minimal Impact,Environment,Support Service,0.044444444444444446,2.0,45.0,containment_loss
698269,"While re-starting the DG after fueling after various attempts to give the command to DG control panel, it got malfunctioned. The generator kept cranking several times due to malfunctioning and ended up erupting heavy smoke out of it. Immediately the electrician took off the battery connections to DG , which finally stopped the engine and stop the smoke coming out of it._x000D_ No Damage / No Injuries sustained.","Substances  - Hazardous gases, vapours, aerosols (exposure to / spill / loss of containment /pollution)",Financial Impact - 2. Minor impact on entity/asset figures,Financial Impact,Construction - Installation,0.04411764705882353,3.0,68.0,containment_loss
688554,Track hoe was traveling in the stalk rack to get in to position for spooling operations.  While traveling there was a hydraulic failure causing approximately 5 gallons of fluid to come in contact with the ground.  The operator immediately shutdown the unit when notified of the leak.  The equipment was only traveling and was not carrying a load at the time of the failure. Maintenance called and spill pads immediately placed under the unit till the leak could be caped. No potential for injury or exposure due to no personnel in the area.,Substances  - Hazardous liquids (exposure to / spill / loss of containment /pollution),Environment - 1. Minimal Impact,Environment,Yard - Spool Base Fabrication,0.043010752688172046,4.0,93.0,containment_loss
567597,"Leakage of hydraulic oil in 250MT crane, due to burst flexible hose. The leaked oil was contained on deck and in crane._x000D_ A hydraulic leakage occurred in the main 250Ton crane, due to the breakdown of a flexible crane. The leakage was contained in the crane and crane.",Substances  - Hazardous liquids (exposure to / spill / loss of containment /pollution),Environment - 1. Minimal Impact,Environment,Flexible Pipe Installation,0.041666666666666664,2.0,48.0,containment_loss
740643,"During Subsea operations a release of fluid was noticed on the Pipe Lifting Tool #3 owned by Connector Subsea Solutions (CSS). Approximately 0.25 liters of Tellus MX 22 was released. The release of fluid, and subsequent tool failure, did not result in any damage to subsea equipment or client assets.",Substances  - Hazardous liquids (exposure to / spill / loss of containment /pollution),Financial Impact - 1. No impact on entity/asset figures,Financial Impact,Vessel / Yards,0.04,2.0,50.0,containment_loss
740644,During Subsea operations a release of fluid was noticed on the Pipe LIfting Tool #2 owned by Connector Subsea Solutions (CSS).  Approximately .75 liters of Tellus MX 22 was released.  The release of fluid and failure of the tool did not result in any damage to subsea equipment or client assets.,Substances  - Hazardous liquids (exposure to / spill / loss of containment /pollution),Financial Impact - 1. No impact on entity/asset figures,Financial Impact,Vessel / Yards,0.0392156862745098,2.0,51.0,containment_loss
538807,"While doing Hydraulic oil flushing activity of 411B skid and it was connected with line along with flexible line for recirculating the oil. During the process when the motor was started the two inch line disconnected due to improper fixing of clamp on hose junction point, resulted splash of oil at surroundings.",Substances  - Hazardous liquids (exposure to / spill / loss of containment /pollution),Environment - 1. Minimal Impact,Environment,Construction - Installation,0.038461538461538464,2.0,52.0,containment_loss
653187,"The collaborator opens the chemical product warehouse in the G4G, and one of the warehouses of the warehouses dispersed from the garras and the 2 glasses of water from the chemical product M-Cresol is going to fall in the G4G, causing the collapse of the glasses and the waste of the chemical liquid in the PISO.",Substances  - Hazardous liquids (exposure to / spill / loss of containment /pollution),Environment - 1. Minimal Impact,Environment,Storage,0.03571428571428571,2.0,56.0,containment_loss
521519,"On 19th December at 09:45, a truck was carrying materials from Jetty to the Kaombo storage area. The truck failed to ascend the slope coming from the Jetty, the driver tried three times but the truck didn't have capacity to ascend the slope. The truck driver contacted OPS team leader to provide an Excavator CAT 385C to provide support and pull the truck. In the process of pulling the truck, one of the Excavator Hydraulic hoses burst causing a leakage of approximately 20 liters of hydraulic oil to the ground. A lack of communication between the excavator operator and the truck driver, neither of them had radios, caused the excavator to start pulling the truck while the truck brakes were still ""ON"". This situation caused an overload of pressure in the excavator hydraulic system eventually leading to burst a hose.",Substances  - Hazardous liquids (exposure to / spill / loss of containment /pollution),Environment - 1. Minimal Impact,Environment,Spoolbase Operations,0.03571428571428571,5.0,140.0,containment_loss
512639,"Background:_x000D_ The Deep Orient is conducting Subsea Installation operations on the Prelude OIC2. On 08/10/2016 ROV XLX74 experienced an incident where the Forward Port Lateral Thruster Hydraulic Hose B2 ruptured during subsea operations causing loss of power to the thrusters and 3ltes of hydraulic oil to be lost to the sea (Synergi report 511732 refers). Another hose failure of the same hydraulic hose occurred on XLX 75 on 10/10/2016 (Synergi no.511956 refers). In both incidents the cause has been suspected as due to poor routing of the hydraulic hose on the vehicle which is causing the hose to rupture internally._x000D_ _x000D_ Environmental Conditions:_x000D_ Vessel maintaining position with good visibility at night, calm sea with significant wave height of 0.5m. Wind speed 4KN. Subsea visibility conditions were workable with a current of 1.7KN on the surface DP desk monitor. _x000D_ _x000D_ Task / Actions Leading up to the Incident:_x000D_ ROV XLX75 had completed disconnection of brace rigging on MJ1. The ROV was then in preparation to commence connecting tagging rigging to brace._x000D_ _x000D_ Incident/Initial findings:_x000D_ At 19:10 at depth of 50m during operations to initiate Tag lines to Spreader bar for recovery to surface, the current at the working depth had increased which was hampering ROV XLX 75 ability to maintain required position/station to conduct works. _x000D_ Whilst trying to maintain station at the worksite and keep the ROV in a safe position the ROV had to be operated at 100% joystick control and full system pressure. _x000D_ During these manoeuvres the Port Aft (Lower) Lateral Thruster Hose ruptured and failed._x000D_ At time of hose failure the works had been suspended due to an unexpected excessive current, spreader was then lowered to 100m to check conditions, current improving.._x000D_ ROV XLX75 team made preparations to return defective sub to TMS, conditions at 50m not suitable to recover ROV to TMS, lowered TMS to 170m effecting safe recovery of ROV; ROV XLX on deck 19:44_x000D_ _x000D_ It is estimated that approx. 3 litres of T32 hydraulic oil was discharged from the vehicle into the sea during the event._x000D_ _x000D_ The immediate cause of the loss of hydraulic oil has been determined as a Port Aft (Lower) Lateral Thruster Hose failure._x000D_ _x000D_ It has been identified that the hydraulic hose has failed in the same area as 2 previous incidents which has further confirmed a routing issue with the hoses._x000D_ _x000D_ The hydraulic hose used on both vehicles is a Parker 471 ST Hydraulic Hose with 2-wire braided compact construction See details below._x000D_ _x000D_ Evidence of planned maintenance and pre-dive checks have identified that there were no externally visual signs of wear, deformity or damage to the hose._x000D_ _x000D_ RIS Regional Manager TMOS/Subsea Operations APAC has been advised of all incidents.",Substances  - Hazardous liquids (exposure to / spill / loss of containment /pollution),Environment - 1. Minimal Impact,Environment,ROV Operations,0.0350109409190372,16.0,457.0,containment_loss
17551,"In connection with activities in hall D, there was some oil spillage (20L) on the floor. That's because someone forgot to close the return valve on the HPU. The return hose was then placed in a 10-litre bucket, which then became full and overflowed. This is because of the siphoned effect. This mess has happened throughout the night.",Hazardous liquids (exposure to / spill / loss of containment /pollution),1 - Negligible,Environment,Support Service-HSE,0.034482758620689655,2.0,58.0,containment_loss
666338,"We had an ESD shut down due to a HiHi level that triggered an ESD shut in.  The ESD failed to close and caused the PRV to activate.  No injuries, spills, or damage to equipment occurred due to the PRV operating properly.",Mechanical - Equipment condition,Environment - 3. Adverse Impact,Environment,Vessel / Yards,0.11904761904761904,5.0,42.0,high_causal_any
516010,"During manually shifting of portable scaffold (1.5MX1M) by four number of manpower, due to uneven surface and unbalancing it was tilted on ground._x000D_ No injury/ property damage caused due to the incident.",Ergonomics - Manual handling,Injury - 2. Medical Treatment Injury / Restricted Work Case / Loss of Consciousness,Injury,Site Civil & Structural,0.09375,3.0,32.0,high_causal_any
593251,"Employee developed a rash. Investigating root cause of the outbreak.  It was determined by the treating physician that the skin rash was not caused by exposure to HPT water at work, the employee's rash was not work related but caused by personal illness.","Basic Organizational - Standard Operating Procedures, Procedures & Work instructions",Occupational Illness - 1. Disorder or Illness requiring First Aid Care,Occupational Illness,Testing,0.09302325581395349,4.0,43.0,high_causal_any
577267,"On 16.03.2018, approximately at 1:15 am operator notice Under roller at take up Sp17 suddenly stop. Failure alarm triggered at under roller and cause the machine automatically stop. Further inspection by operator found harting cable was damage due to stuck underneath of under roller.",Basic Organisational - Equipment Suitability,Financial Impact - 2. Minor impact on entity/asset figures,Financial Impact,Profiling,0.09090909090909091,4.0,44.0,high_causal_any
10629,"Fire Alarm was triggered due to a battery failure within the Data Centre. This failure caused the data centre to fill with smoke, triggering the fire alarm and the evacuation of the site. Fire Brigade arrived on-site, assessed the situation and supported the extraction of the smoke and determined that no fire was present. Site was handed back and investigation started.",Electrical,2 - Minor,Damage - Financial impact,Support Service-Information Technology,0.08196721311475409,5.0,61.0,high_causal_any
615636,Metal casting around the gas lift stem failed causing the chair part._x000D_ Person fell sideward to the floor but did not sustain any injury. _x000D_ Chair has been in service for approximately 15 years. On inspection there were no apparent signs of impact damage that may have resulted in the failure.,Mechanical - Equipment condition,Injury - 2. Medical Treatment Injury / Restricted Work Case / Loss of Consciousness,Injury,Support Service,0.0784313725490196,4.0,51.0,high_causal_any
18387,"The fire alarm got activated due to melting of an electrical cable at RPDB-05 which caused smoke to arise the fifth floor, evacuating all staff members to the safe assembly area. The incident resulted in no injuries or damage to property.",,1 - Negligible,Damage - Financial impact,,0.07317073170731707,3.0,41.0,high_causal_any
731186,"A lock washer has failed on a pipe stand, causing the ID barrel to slip. When the stand failed, the saddle frame shifted approximately 100mm. The saddle frame had been tethered and supported in multiple locations, that prevented any further movement",Basic Organisational - Equipment Suitability,Injury - 2. Medical Treatment Injury / Restricted Work Case / Loss of Consciousness,Injury,Yard - Spool Base Fabrication,0.07317073170731707,3.0,41.0,high_causal_any
28888,"On 5 June 2025 around 1:00pm, one of the display boards at the lobby drop-off area collapsed due to strong winds. A P&C staff member noticed the collapsed panel after the heavy rain and wind had stopped. No injuries were reported.",Weather Condition,1 - Negligible,Injury/Illness,Engineering-Buildings,0.07317073170731707,3.0,41.0,high_causal_any
27423,"While lifting the GSTC wall panel using Hydra, it accidentally struck the HSE obeya wall, causing damage to the external POP and resulting in a crack at the bottom. Fortunately, this incident only resulted in property damage, with no personal injuries.",Lifting ops error,1 - Negligible,Damage - Financial impact,Manufacturing-Mechanical Lifting,0.07317073170731707,3.0,41.0,high_causal_any
29141,"While moving a TV with its stand in the office, a lady pushed the TV, causing the stand to topple backward. As the TV fell, she instinctively grabbed onto it, which pulled her forward causing her forehead to come into contact of the TV frame edge, causing her to scraped her forehead, resulting in a minor graze.",,2 - Minor,Injury/Illness,,0.07017543859649122,4.0,57.0,high_causal_any
517453,"A temporary U/G live cable (415 V, 3 phase) supplying power to main gate, Training hall & First Aid center was damage while excavating for storm water drain._x000D_ The main MCB tripped due to the damage._x000D_ No injury caused due to the incident.",Basic Organizational - Hazard Identification & Risk Assessment,Injury - 2. Medical Treatment Injury / Restricted Work Case / Loss of Consciousness,Injury,Construction,0.06976744186046512,3.0,43.0,high_causal_any
29474,"On 27/6/2025 at around 11:45 am during the operation of the Insulation line, a failure was detected on the Underoller (UR). Upon further inspection, it was found that the UR had run over the Harting Cable, resulting in damage to the cable’s external insulation and internal wire. This cable damage was determined to have cause the UR’s failure",Equipment condition,2 - Minor,Damage - Financial impact,Flexible-Production,0.06896551724137931,4.0,58.0,high_causal_any
649533,"AT TS V Welding M/c Booth, one 50 sq. mm welding M/c return lid started burning, resulting smoke came out. Due to rain moisture accumulated in cable resulted burning. Immediately fire extinguisher charged to stop the smoke._x000D_  No injury caused due to the incident.",Mechanical - Equipment condition,Injury - 1. First Aid Care,Injury,Construction - Installation,0.06818181818181818,3.0,44.0,high_causal_any
708077,"While lowering the man lift which was engaged in structure erection activity, the basket hit its jib arm due to mechanical failure causing them to damage. The manlift basket then was lowered slowly to the ground and the activity was suspended for further investigation.",Mechanical - Equipment condition,Financial Impact - 2. Minor impact on entity/asset figures,Financial Impact,Construction - Installation,0.06818181818181818,3.0,44.0,high_causal_any
596436,WL oil discharge hose was not properly attached/secured to the waste tank which cause it to fall on the ground causing a spill outside the tank and on TechnipFMC TPR.,Mechanical - Equipment condition,Environment - 1. Minimal Impact,Environment,Yards,0.06666666666666667,2.0,30.0,high_causal_any
588917,"While shifting structural beams using tele-handler from laydown area to site for erection, boom extension caused overloading resulting in beams slipping from fork. No injuries or no property damages reported.",Basic Organizational - Inadequate Supervision,Financial Impact - 2. Minor impact on entity/asset figures,Financial Impact,Construction,0.06666666666666667,2.0,30.0,high_causal_any
503200,"While Tractor (mini water tanker) moving on water logged area, got stuck on the right side and skid off the path._x000D_ No injury/ property damage caused due to the incident.",Work environment - Traffic Management / Routes / Pedestrian path,Injury - 3. Lost Time Injury,Injury,Construction,0.06666666666666667,2.0,30.0,high_causal_any
506752,During removal of rebar scrap by JCB bucket one of the rebar (approx. 2 ft. length) suddenly struck the nearby Tree._x000D_ No injury/ property damage caused due to the incident.,Basic Organizational - Hazard Identification & Risk Assessment,Environment - 1. Minimal Impact,Environment,Site Civil & Structural,0.06666666666666667,2.0,30.0,high_causal_any
677837,"On the evening of 4/28/2020, severe weather impacted the Houma area. High winds resulted in a small scaffold framed enclosure covering Gly-Tech pumping equipment to overturn (causing no damage to equipment or assets), and also caused a “Big Top” tent to shift and partially collapse. Both were located east of the Ruby platform. The shift of the tent resulted in damage to two unoccupied personal vehicles belonging to sub-contractors, which were parked under the “Big Top” tent, and the tent frame was damaged as well. It was later discovered that the high winds caused a chart recorder, located on Ruby’s production deck, to fall over, which caused damage. This event resulted in no injuries to employees or any other known damages.",Work environment - Climate (Heat/Cold/Humidity),Financial Impact - 1. No impact on entity/asset figures,Financial Impact,Construction,0.06611570247933884,8.0,121.0,high_causal_any
27,"The fire installation (Argon) in the server room lacked maintenance, due to the fact that no IT employee is on site anymore. Because of this malfuctioning of the installation, it  caused over heating of the server room. (Aircon was shut down) This resulted in an alarm on the alarm panel and a report to the Security contractor. No direct line reported this to facility employee or supplier/contractor. This could have resulted in a fire.  The Fire installation (Minimax) in the server room does not report a malfunction to the control room.",Planning and coordination of works,3 - Significant,Damage - Financial impact,Construction - Installation-Site Electrical,0.06593406593406594,6.0,91.0,high_causal_any
13357,"At around midnight, 1st of March, 2023, due to heavy rain and high water tide from external drain, had caused water to overflow towards inside manufacturing building and the machine area.",Climate (Heat/Cold/Humidity),3 - Significant,Damage - Financial impact,Manufacturing-Machine Shop,0.06451612903225806,2.0,31.0,high_causal_any
636891,On date 24th May 2019 @ 16:00 Hrs. subcontractor's temporary Winch Machine Shed of Prilling Tower was partially collapsed due to gust of wind & rain. No personnel injury is reported,"Environment- Over-consumption of energy, natural resources (water, ...)",Injury - 2. Medical Treatment Injury / Restricted Work Case / Loss of Consciousness,Injury,Construction - Installation,0.06451612903225806,2.0,31.0,high_causal_any
663919,Canada Post truck approached the intercom to be allowed onto property when his driver side mirror came into contact with the intercom resulting in the intercom casing breaking due to contact.,Basic Organizational - Unfamiliar personnel,Financial Impact - 1. No impact on entity/asset figures,Financial Impact,Technical Services,0.06451612903225806,2.0,31.0,high_causal_any
13356,"At around midnight, 1st of March, 2023, due to heavy rain and high water tide from external drain, had caused water to overflow towards inside manufacturing building and the machine area.",Climate (Heat/Cold/Humidity),2 - Minor,Environment,Manufacturing-Machine Shop,0.06451612903225806,2.0,31.0,high_causal_any
646137,"During welding at TS-4 area one 50 sq.mm return lid of welding cable started burning, resulting the some portion of welding cable got burnt._x000D_ No injury caused due to the incident.",Basic Organizational - Inadequate Supervision,Injury - 1. First Aid Care,Injury,Construction - Installation,0.06451612903225806,2.0,31.0,high_causal_any
600812,"While unloading the bundle of gratings from the truck by FX-230 crane, one of the grating got stuck in the truck body causing the shifting of centre of gravity of load. Due to this the straps used for securing the grating got broken and the loose grating slipped and felled on the ground._x000D_ No property damage and injury caused due to the incident.",Ergonomics - Difficult/Hindered operability of tools and equipment,Injury - 2. Medical Treatment Injury / Restricted Work Case / Loss of Consciousness,Injury,Site Material Handling And Storage,0.06349206349206349,4.0,63.0,high_causal_any
531824,Due to the tide or a change In ballast of the vessel the ramp used for transport parted a bit causing an edge between the sloped and the vertical sections. This was noticed late by the forklift operator who intended to bring a pallet on board of the vessel causing him to bump into this edge. No personal harm or damage was caused.,Work environment - Access/Egress,"Damage - 2. More than 100,000 Euros less than 500,000 Euros",Damage,Yards,0.06349206349206349,4.0,63.0,high_causal_any
674967,"While loading tubing heads onto a flat bed trailer, the lifting strap failed, resulting in the tubing heads falling and hitting the handles to 4 valves. The lifting strap failed due to being cut by the edges of the forks of the telehandler. The lifting strap was not secured to the lifting shackle, which is the correct method for lifting material with the telehandler. Crew was unable to find lifting point because it is located in an uncommon location.","Basic Organizational - Standard Operating Procedures, Procedures & Work instructions",Financial Impact - 2. Minor impact on entity/asset figures,Financial Impact,Yards,0.06329113924050633,5.0,79.0,high_causal_any
17437,water Ingress due to substantial downpour of rain (while the building was unoccupied) caused the fuses in a distribution board to blow and then the breaker to trip. All safety features worked as planned however the scorching of the Distribution Board could have led to increased fire risk.,Electrical,2 - Minor,Damage - Financial impact,Construction - Installation-Operations,0.0625,3.0,48.0,high_causal_any
583490,Visitor came out from Canteen (which is in green zone) and started to pass thru workshop without hard hat (forget to wear). He was immediatly stopped and informed to wear the hard hat.,Basic Organizational - Unfamiliar personnel,Injury - 1. First Aid Care,Injury,Workshop Activities,0.06060606060606061,2.0,33.0,high_causal_any
412,While attempting to close the plug valve this morning to grab an upstream sample from the actuator broke causing the operator to stumble backwards and trip on the flowline causing him to fall.,Equipment condition,2 - Minor,Injury/Illness,Construction - Installation-Operations,0.06060606060606061,2.0,33.0,high_causal_any
25521,"At 10:30 am a M1324 150-2589 was beginning dynamic test. The spline failed causing the bolts to break off the gear adapter,  the drive shaft was still engaged spinning unconnected from the pump. Causing the drive shaft to whip uncontrolled,  then causing the u-joint adapter to break.  This all occurred in a bunker. No associate was in the line of fire. Property damage investigation is ongoing.",,2 - Minor,Damage - Financial impact,,0.06060606060606061,4.0,66.0,high_causal_any
713559,"While pouring concrete for Pump Foundation 045P0003B, formwork got failed due to anchor bolt broken in bottom side. Suddenly spillage of concrete starts, immediately pouring stopped and concrete spill cleaned from the area.",Basic Organizational - Inadequate Supervision,Environment - 2. Limited Impact,Environment,Construction - Installation,0.06060606060606061,2.0,33.0,high_causal_any
658569,"Team of civil helpers were carrying framed generator section of concrete vibrator over scaffold access. When descending the stairs, the engine mount bolt failed causing the engine to shift, a workers finger was caught between frame and engine resulting in finger injury. First aid applied and hospital utilized for treatment.",Ergonomics - Manual handling,Injury - 1. First Aid Care,Injury,,0.06,3.0,50.0,high_causal_any
690233,"While moving trailer to staging area using forklift attachment, trailer and forklift moving down slight hill trailer jack hit ground causing jack to bend due to trailer not raised high enough to clear ground.",,,,,0.058823529411764705,2.0,34.0,high_causal_any
508719,Swollen finger due to pregnancy. Rings on ring finger causing restriction to blood flow. Ice packs administered to take swelling down. Advised to consult GP. Referred to hospital where the rings were cut off.,,Injury - 2. Medical Treatment Injury / Restricted Work Case / Loss of Consciousness,Injury,Support Service,0.058823529411764705,2.0,34.0,high_causal_any
675782,One of the jumping compactor (Plant ID. PT05065) were tipped over due to mechanical failure as a result an oil overflow and subsequent smoke release. No one injured and there is no property damage.,Mechanical - Equipment condition,Financial Impact - 2. Minor impact on entity/asset figures,Financial Impact,Construction - Installation,0.058823529411764705,2.0,34.0,high_causal_any
512849,"While cutting SFL #2 Mil 36's 4"" wire rope cutter failed and released approximately .5 Liters of Tellus 22. The anvil function released from the fitting and caused the weak link bolts to shear.",Basic Organisational - Equipment Suitability,Environment - 1. Minimal Impact,Environment,ROV Operations,0.058823529411764705,2.0,34.0,high_causal_any
627818,"the suction device attached to the airline at 3505 disconnected, causing a discharge of pressurised air, hitting the operator in the side of face and wrist. this was caused by the crimp fitting disconnecting",Mechanical - Tool condition,Injury - 1. First Aid Care,Injury,Machine Shop,0.058823529411764705,2.0,34.0,high_causal_any
